SKBO,SEQM,03:34:00,05:21:00,0300
SEQM,SKBO,04:29:00,06:16:00,0340
SKBO,SEQM,14:22:00,16:09:00,0320
SEQM,SKBO,08:05:00,10:52:00,0320
SKBO,SEQM,19:01:00,21:48:00,0340
SEQM,SKBO,19:55:00,21:42:00,0360
SKBO,SVMI,07:24:00,11:47:00,0300
SVMI,SKBO,06:33:00,08:56:00,0340
SKBO,SVMI,13:56:00,17:19:00,0360
SVMI,SKBO,14:35:00,16:58:00,0340
SKBO,SVMI,19:18:00,23:41:00,0360
SVMI,SKBO,21:52:00,23:15:00,0360
SKBO,SBBR,06:23:00,14:58:00,0320
SBBR,SKBO,03:02:00,07:37:00,0320
SKBO,SBBR,08:21:00,16:56:00,0300
SBBR,SKBO,15:53:00,19:28:00,0360
SKBO,SBBR,20:22:00,04:57:00,0360
SBBR,SKBO,21:57:00,01:32:00,0360
SKBO,SPIM,01:58:00,05:14:00,0340
SPIM,SKBO,04:35:00,08:51:00,0340
SKBO,SPIM,08:46:00,12:02:00,0300
SPIM,SKBO,08:02:00,12:18:00,0300
SKBO,SPIM,22:45:00,02:01:00,0340
SPIM,SKBO,18:09:00,22:25:00,0340
SKBO,SLLP,21:33:00,02:28:00,0360
SLLP,SKBO,20:09:00,23:04:00,0300
SKBO,SCEL,04:20:00,13:32:00,0360
SCEL,SKBO,06:56:00,11:08:00,0300
SKBO,SCEL,08:39:00,17:51:00,0320
SCEL,SKBO,10:43:00,15:55:00,0340
SKBO,SCEL,22:42:00,07:54:00,0320
SCEL,SKBO,17:41:00,22:53:00,0360
SKBO,SABE,02:24:00,11:07:00,0340
SABE,SKBO,02:57:00,07:40:00,0320
SKBO,SABE,10:41:00,19:24:00,0300
SABE,SKBO,09:44:00,14:27:00,0340
SKBO,SABE,21:17:00,06:00:00,0300
SABE,SKBO,21:57:00,02:40:00,0340
SKBO,SGAS,05:36:00,12:16:00,0360
SGAS,SKBO,05:47:00,10:27:00,0340
SKBO,SGAS,11:52:00,18:32:00,0320
SGAS,SKBO,08:10:00,13:50:00,0300
SKBO,SGAS,16:10:00,23:50:00,0360
SGAS,SKBO,15:11:00,20:51:00,0320
SKBO,SGAS,19:47:00,02:27:00,0320
SGAS,SKBO,21:03:00,02:43:00,0320
SKBO,SUAA,14:41:00,23:30:00,0340
SUAA,SKBO,12:02:00,17:51:00,0340
SKBO,LATI,05:08:00,02:40:00,0340
LATI,SKBO,04:11:00,11:43:00,0360
SKBO,LATI,10:59:00,07:31:00,0300
LATI,SKBO,08:17:00,15:49:00,0360
SKBO,LATI,19:21:00,16:53:00,0360
LATI,SKBO,18:50:00,01:22:00,0300
SKBO,EDDI,04:36:00,00:29:00,0360
EDDI,SKBO,03:48:00,09:41:00,0300
SKBO,EDDI,10:01:00,06:54:00,0360
EDDI,SKBO,06:53:00,12:46:00,0340
SKBO,EDDI,14:00:00,10:53:00,0360
EDDI,SKBO,14:07:00,20:00:00,0300
SKBO,EDDI,19:48:00,15:41:00,0320
EDDI,SKBO,19:47:00,01:40:00,0340
SKBO,LOWW,01:34:00,22:44:00,0360
LOWW,SKBO,05:56:00,12:06:00,0360
SKBO,LOWW,20:29:00,17:39:00,0340
LOWW,SKBO,19:56:00,02:06:00,0360
SKBO,EBCI,04:24:00,00:29:00,0340
EBCI,SKBO,05:49:00,11:54:00,0360
SKBO,EBCI,13:33:00,09:38:00,0360
EBCI,SKBO,15:43:00,21:48:00,0340
SEQM,SVMI,00:18:00,05:28:00,0300
SVMI,SEQM,02:00:00,05:10:00,0340
SEQM,SVMI,09:29:00,14:39:00,0320
SVMI,SEQM,14:49:00,17:59:00,0300
SEQM,SVMI,22:58:00,03:08:00,0360
SVMI,SEQM,20:38:00,23:48:00,0340
SEQM,SBBR,06:11:00,14:57:00,0300
SBBR,SEQM,07:28:00,11:14:00,0360
SEQM,SBBR,10:54:00,18:40:00,0300
SBBR,SEQM,08:15:00,12:01:00,0340
SEQM,SBBR,18:26:00,02:12:00,0320
SBBR,SEQM,19:53:00,23:39:00,0340
SEQM,SPIM,00:41:00,03:22:00,0360
SPIM,SEQM,06:02:00,09:43:00,0320
SEQM,SPIM,11:17:00,14:58:00,0320
SPIM,SEQM,12:52:00,15:33:00,0360
SEQM,SPIM,16:20:00,19:01:00,0320
SPIM,SEQM,22:03:00,01:44:00,0320
SEQM,SLLP,03:09:00,08:46:00,0340
SLLP,SEQM,03:43:00,06:20:00,0320
SEQM,SLLP,08:25:00,13:02:00,0320
SLLP,SEQM,10:46:00,13:23:00,0320
SEQM,SLLP,16:32:00,21:09:00,0320
SLLP,SEQM,17:54:00,20:31:00,0320
SEQM,SLLP,20:09:00,01:46:00,0320
SLLP,SEQM,22:12:00,01:49:00,0360
SEQM,SCEL,05:01:00,13:45:00,0300
SCEL,SEQM,00:25:00,04:09:00,0340
SEQM,SCEL,09:59:00,17:43:00,0300
SCEL,SEQM,15:19:00,19:03:00,0360
SEQM,SCEL,17:49:00,01:33:00,0320
SCEL,SEQM,21:06:00,01:50:00,0320
SEQM,SABE,03:16:00,12:41:00,0300
SABE,SEQM,02:25:00,07:50:00,0340
SEQM,SABE,11:54:00,20:19:00,0300
SABE,SEQM,06:01:00,11:26:00,0360
SEQM,SABE,14:23:00,23:48:00,0320
SABE,SEQM,17:55:00,22:20:00,0320
SEQM,SABE,18:08:00,03:33:00,0320
SABE,SEQM,20:05:00,01:30:00,0300
SEQM,SGAS,10:06:00,17:36:00,0300
SGAS,SEQM,10:01:00,15:31:00,0300
SEQM,SGAS,14:49:00,21:19:00,0340
SGAS,SEQM,13:15:00,18:45:00,0320
SEQM,SUAA,04:59:00,13:32:00,0320
SUAA,SEQM,04:39:00,09:12:00,0300
SEQM,SUAA,10:50:00,19:23:00,0340
SUAA,SEQM,09:09:00,14:42:00,0320
SEQM,SUAA,18:02:00,03:35:00,0360
SUAA,SEQM,16:38:00,21:11:00,0320
SEQM,LATI,07:02:00,05:21:00,0340
LATI,SEQM,01:17:00,09:36:00,0340
SEQM,LATI,08:54:00,06:13:00,0360
LATI,SEQM,10:12:00,18:31:00,0320
SEQM,LATI,22:47:00,20:06:00,0320
LATI,SEQM,17:18:00,01:37:00,0320
SEQM,EDDI,05:28:00,02:08:00,0340
EDDI,SEQM,02:05:00,09:45:00,0300
SEQM,EDDI,11:07:00,08:47:00,0360
EDDI,SEQM,08:19:00,15:59:00,0320
SEQM,EDDI,13:04:00,10:44:00,0320
EDDI,SEQM,13:32:00,20:12:00,0320
SEQM,EDDI,19:12:00,16:52:00,0320
EDDI,SEQM,21:53:00,04:33:00,0360
SEQM,LOWW,04:02:00,01:59:00,0300
LOWW,SEQM,02:44:00,09:41:00,0360
SEQM,LOWW,08:33:00,05:30:00,0340
LOWW,SEQM,08:50:00,15:47:00,0360
SEQM,LOWW,17:31:00,14:28:00,0360
LOWW,SEQM,14:56:00,21:53:00,0320
SEQM,LOWW,22:20:00,19:17:00,0300
LOWW,SEQM,20:55:00,03:52:00,0360
SEQM,EBCI,08:34:00,04:26:00,0360
EBCI,SEQM,02:22:00,08:14:00,0340
SEQM,EBCI,22:33:00,18:25:00,0340
EBCI,SEQM,19:44:00,01:36:00,0300
SEQM,UMMS,04:40:00,03:35:00,0340
UMMS,SEQM,03:40:00,10:35:00,0340
SEQM,UMMS,17:10:00,16:05:00,0360
UMMS,SEQM,23:36:00,06:31:00,0360
SEQM,LBSF,04:09:00,03:52:00,0320
LBSF,SEQM,02:46:00,09:29:00,0360
SEQM,LBSF,09:14:00,08:57:00,0320
LBSF,SEQM,09:07:00,16:50:00,0300
SEQM,LBSF,23:20:00,22:03:00,0360
LBSF,SEQM,22:22:00,05:05:00,0300
SEQM,LKPR,05:55:00,02:41:00,0300
LKPR,SEQM,05:04:00,12:50:00,0340
SEQM,LKPR,12:50:00,09:36:00,0360
LKPR,SEQM,14:31:00,21:17:00,0360
SEQM,LKPR,19:33:00,16:19:00,0300
LKPR,SEQM,16:30:00,23:16:00,0300
SEQM,LDZA,04:31:00,01:30:00,0300
LDZA,SEQM,06:29:00,13:28:00,0320
SEQM,LDZA,14:58:00,11:57:00,0320
LDZA,SEQM,13:47:00,20:46:00,0300
SEQM,LDZA,18:19:00,15:18:00,0320
LDZA,SEQM,23:40:00,06:39:00,0300
SEQM,EKCH,02:53:00,23:28:00,0340
EKCH,SEQM,01:01:00,08:36:00,0300
SEQM,EKCH,06:33:00,03:08:00,0300
EKCH,SEQM,06:25:00,13:00:00,0360
SEQM,EKCH,12:55:00,09:30:00,0340
EKCH,SEQM,16:12:00,23:47:00,0360
SEQM,EKCH,19:36:00,16:11:00,0320
EKCH,SEQM,20:06:00,03:41:00,0340
SEQM,EHAM,01:51:00,21:45:00,0300
EHAM,SEQM,05:21:00,11:15:00,0340
SEQM,EHAM,09:32:00,05:26:00,0320
EHAM,SEQM,13:36:00,19:30:00,0320
SEQM,EHAM,23:09:00,19:03:00,0360
EHAM,SEQM,21:05:00,03:59:00,0300
SEQM,VIDP,05:53:00,13:54:00,0340
VIDP,SEQM,00:44:00,12:45:00,0340
SEQM,VIDP,10:37:00,18:38:00,0360
VIDP,SEQM,11:32:00,23:33:00,0360
SEQM,VIDP,17:11:00,01:12:00,0300
VIDP,SEQM,13:47:00,01:48:00,0360
SEQM,VIDP,20:03:00,04:04:00,0360
VIDP,SEQM,20:54:00,08:55:00,0320
SEQM,RKSI,03:05:00,07:40:00,0340
RKSI,SEQM,05:50:00,05:25:00,0340
SEQM,RKSI,07:43:00,11:18:00,0360
RKSI,SEQM,06:58:00,06:33:00,0320
SEQM,RKSI,13:14:00,17:49:00,0300
RKSI,SEQM,17:14:00,17:49:00,0320
SEQM,RKSI,18:25:00,22:00:00,0320
RKSI,SEQM,20:48:00,20:23:00,0300
SEQM,VTBS,09:55:00,11:14:00,0340
VTBS,SEQM,15:02:00,17:21:00,0360
SEQM,OMDB,00:38:00,04:34:00,0300
OMDB,SEQM,00:23:00,10:19:00,0320
SEQM,OMDB,08:13:00,12:09:00,0340
OMDB,SEQM,11:32:00,21:28:00,0340
SEQM,OMDB,15:52:00,19:48:00,0320
OMDB,SEQM,14:35:00,00:31:00,0360
SEQM,OMDB,18:28:00,22:24:00,0320
OMDB,SEQM,23:10:00,09:06:00,0320
SEQM,ZBAA,01:33:00,04:02:00,0300
ZBAA,SEQM,00:51:00,01:20:00,0300
SEQM,ZBAA,08:35:00,11:04:00,0320
ZBAA,SEQM,11:32:00,12:01:00,0300
SEQM,ZBAA,13:03:00,16:32:00,0300
ZBAA,SEQM,13:15:00,14:44:00,0300
SEQM,ZBAA,21:29:00,00:58:00,0360
ZBAA,SEQM,18:01:00,19:30:00,0360
SEQM,RJTT,01:40:00,05:22:00,0320
RJTT,SEQM,05:14:00,05:56:00,0320
SEQM,RJTT,15:43:00,19:25:00,0300
RJTT,SEQM,13:52:00,13:34:00,0320
SEQM,RJTT,16:39:00,20:21:00,0360
RJTT,SEQM,22:28:00,22:10:00,0300
SEQM,WMKK,00:18:00,03:36:00,0360
WMKK,SEQM,04:47:00,05:05:00,0300
SEQM,WMKK,11:41:00,14:59:00,0360
WMKK,SEQM,07:06:00,08:24:00,0340
SEQM,WMKK,13:09:00,16:27:00,0340
WMKK,SEQM,12:44:00,13:02:00,0360
SEQM,WMKK,21:31:00,00:49:00,0300
WMKK,SEQM,20:18:00,21:36:00,0340
SEQM,WSSS,07:39:00,10:57:00,0340
WSSS,SEQM,15:22:00,16:40:00,0360
SEQM,WIII,04:31:00,03:02:00,0360
WIII,SEQM,02:53:00,01:24:00,0320
SEQM,WIII,08:26:00,07:57:00,0340
WIII,SEQM,06:29:00,05:00:00,0360
SEQM,WIII,17:29:00,16:00:00,0300
WIII,SEQM,14:45:00,13:16:00,0320
SEQM,WIII,20:58:00,19:29:00,0360
WIII,SEQM,18:01:00,17:32:00,0300
SEQM,RPLL,02:07:00,05:42:00,0320
RPLL,SEQM,04:03:00,05:38:00,0360
SEQM,RPLL,11:47:00,14:22:00,0360
RPLL,SEQM,08:29:00,09:04:00,0320
SEQM,RPLL,16:03:00,19:38:00,0360
RPLL,SEQM,15:48:00,16:23:00,0320
SEQM,RPLL,23:03:00,02:38:00,0300
RPLL,SEQM,21:01:00,22:36:00,0340
SVMI,SBBR,20:41:00,03:03:00,0300
SBBR,SVMI,06:14:00,11:36:00,0340
SVMI,SPIM,05:03:00,09:29:00,0300
SPIM,SVMI,04:00:00,10:26:00,0360
SVMI,SPIM,06:23:00,10:49:00,0320
SPIM,SVMI,11:06:00,17:32:00,0340
SVMI,SPIM,13:09:00,17:35:00,0360
SPIM,SVMI,16:28:00,22:54:00,0360
SVMI,SPIM,19:46:00,23:12:00,0340
SPIM,SVMI,18:15:00,00:41:00,0340
SVMI,SLLP,01:15:00,06:53:00,0300
SLLP,SVMI,17:49:00,22:27:00,0300
SVMI,SCEL,00:02:00,09:04:00,0340
SCEL,SVMI,11:33:00,18:35:00,0300
SVMI,SCEL,12:52:00,21:54:00,0320
SCEL,SVMI,14:26:00,21:28:00,0320
SVMI,SABE,09:46:00,18:00:00,0320
SABE,SVMI,04:55:00,11:09:00,0320
SVMI,SGAS,00:41:00,07:43:00,0300
SGAS,SVMI,06:54:00,13:56:00,0300
SVMI,SGAS,08:58:00,15:00:00,0360
SGAS,SVMI,10:35:00,17:37:00,0360
SVMI,SGAS,22:21:00,05:23:00,0320
SGAS,SVMI,17:31:00,00:33:00,0340
SVMI,SUAA,00:22:00,09:39:00,0320
SUAA,SVMI,04:33:00,11:50:00,0300
SVMI,SUAA,06:28:00,15:45:00,0340
SUAA,SVMI,08:33:00,15:50:00,0360
SVMI,SUAA,14:23:00,23:40:00,0300
SUAA,SVMI,12:28:00,19:45:00,0320
SVMI,SUAA,19:49:00,04:06:00,0300
SUAA,SVMI,22:40:00,05:57:00,0340
SVMI,LATI,02:35:00,21:44:00,0360
LATI,SVMI,01:24:00,08:33:00,0300
SVMI,LATI,11:29:00,06:38:00,0320
LATI,SVMI,14:21:00,21:30:00,0300
SVMI,LATI,18:33:00,13:42:00,0340
LATI,SVMI,18:00:00,01:09:00,0360
SVMI,EDDI,01:38:00,19:10:00,0360
EDDI,SVMI,03:48:00,09:20:00,0360
SVMI,EDDI,11:45:00,05:17:00,0300
EDDI,SVMI,13:44:00,19:16:00,0320
SVMI,EDDI,17:38:00,11:10:00,0340
EDDI,SVMI,21:02:00,03:34:00,0320
SVMI,LOWW,21:54:00,15:42:00,0360
LOWW,SVMI,04:01:00,10:49:00,0320
SVMI,EBCI,09:37:00,02:20:00,0300
EBCI,SVMI,09:58:00,14:41:00,0360
SVMI,EBCI,20:57:00,13:40:00,0360
EBCI,SVMI,15:15:00,20:58:00,0340
SVMI,UMMS,04:08:00,00:56:00,0320
UMMS,SVMI,02:34:00,08:22:00,0340
SVMI,UMMS,12:54:00,08:42:00,0360
UMMS,SVMI,12:55:00,18:43:00,0320
SVMI,UMMS,19:59:00,15:47:00,0320
UMMS,SVMI,22:38:00,04:26:00,0300
SVMI,LBSF,00:16:00,20:49:00,0300
LBSF,SVMI,03:13:00,09:46:00,0320
SVMI,LBSF,10:43:00,06:16:00,0300
LBSF,SVMI,09:28:00,15:01:00,0340
SVMI,LBSF,12:31:00,08:04:00,0360
LBSF,SVMI,13:14:00,19:47:00,0320
SVMI,LBSF,19:53:00,15:26:00,0320
LBSF,SVMI,21:08:00,03:41:00,0300
SVMI,LKPR,02:18:00,20:55:00,0340
LKPR,SVMI,05:13:00,11:50:00,0300
SVMI,LKPR,12:09:00,06:46:00,0360
LKPR,SVMI,11:28:00,17:05:00,0300
SVMI,LKPR,21:05:00,15:42:00,0300
LKPR,SVMI,18:36:00,00:13:00,0340
SVMI,LDZA,07:21:00,01:09:00,0340
LDZA,SVMI,04:20:00,10:08:00,0320
SVMI,LDZA,14:21:00,08:09:00,0360
LDZA,SVMI,08:29:00,14:17:00,0340
SVMI,LDZA,17:24:00,11:12:00,0340
LDZA,SVMI,21:45:00,03:33:00,0360
SVMI,EKCH,06:28:00,00:57:00,0360
EKCH,SVMI,06:22:00,12:51:00,0360
SVMI,EKCH,09:52:00,03:21:00,0340
EKCH,SVMI,08:50:00,14:19:00,0320
SVMI,EKCH,20:36:00,14:05:00,0300
EKCH,SVMI,18:53:00,00:22:00,0300
SVMI,EHAM,01:08:00,18:54:00,0300
EHAM,SVMI,00:51:00,05:37:00,0360
SVMI,EHAM,10:59:00,03:45:00,0300
EHAM,SVMI,14:02:00,19:48:00,0360
SVMI,EHAM,20:09:00,13:55:00,0360
EHAM,SVMI,23:58:00,04:44:00,0340
SVMI,VIDP,03:38:00,07:30:00,0340
VIDP,SVMI,06:16:00,16:08:00,0320
SVMI,VIDP,14:22:00,18:14:00,0320
VIDP,SVMI,10:32:00,20:24:00,0320
SVMI,VIDP,23:58:00,03:50:00,0340
VIDP,SVMI,18:27:00,04:19:00,0340
SVMI,RKSI,02:18:00,03:43:00,0300
RKSI,SVMI,03:52:00,02:17:00,0340
SVMI,RKSI,06:55:00,07:20:00,0360
RKSI,SVMI,09:02:00,08:27:00,0300
SVMI,RKSI,13:38:00,14:03:00,0360
RKSI,SVMI,13:28:00,12:53:00,0300
SVMI,RKSI,20:09:00,21:34:00,0320
RKSI,SVMI,23:58:00,22:23:00,0300
SVMI,VTBS,00:27:00,23:50:00,0360
VTBS,SVMI,02:35:00,03:58:00,0300
SVMI,VTBS,09:14:00,08:37:00,0340
VTBS,SVMI,14:46:00,15:09:00,0340
SVMI,VTBS,20:09:00,19:32:00,0360
VTBS,SVMI,22:03:00,23:26:00,0360
SVMI,OMDB,07:15:00,08:01:00,0340
OMDB,SVMI,08:34:00,17:20:00,0320
SVMI,OMDB,20:57:00,21:43:00,0300
OMDB,SVMI,18:01:00,03:47:00,0320
SVMI,ZBAA,00:03:00,00:21:00,0320
ZBAA,SVMI,00:53:00,00:11:00,0340
SVMI,ZBAA,09:16:00,09:34:00,0320
ZBAA,SVMI,07:18:00,07:36:00,0300
SVMI,ZBAA,12:24:00,12:42:00,0360
ZBAA,SVMI,13:29:00,13:47:00,0320
SVMI,ZBAA,23:44:00,23:02:00,0300
ZBAA,SVMI,23:43:00,23:01:00,0340
SVMI,RJTT,16:21:00,17:53:00,0320
RJTT,SVMI,05:32:00,04:04:00,0300
SVMI,WMKK,00:06:00,00:42:00,0320
WMKK,SVMI,04:12:00,04:48:00,0300
SVMI,WMKK,08:39:00,08:15:00,0320
WMKK,SVMI,07:31:00,07:07:00,0320
SVMI,WMKK,13:45:00,13:21:00,0300
WMKK,SVMI,13:25:00,13:01:00,0340
SVMI,WMKK,19:29:00,19:05:00,0320
WMKK,SVMI,18:46:00,18:22:00,0340
SVMI,WSSS,12:15:00,12:53:00,0320
WSSS,SVMI,21:49:00,21:27:00,0300
SVMI,WIII,06:51:00,03:58:00,0340
WIII,SVMI,04:46:00,03:53:00,0340
SVMI,WIII,14:19:00,11:26:00,0340
WIII,SVMI,14:32:00,13:39:00,0360
SVMI,WIII,23:04:00,20:11:00,0340
WIII,SVMI,18:44:00,17:51:00,0360
SVMI,RPLL,02:12:00,02:50:00,0360
RPLL,SVMI,05:22:00,05:00:00,0320
SVMI,RPLL,13:45:00,13:23:00,0340
RPLL,SVMI,11:54:00,11:32:00,0360
SVMI,RPLL,18:21:00,18:59:00,0360
RPLL,SVMI,20:32:00,20:10:00,0300
SBBR,SPIM,18:27:00,22:32:00,0300
SPIM,SBBR,00:35:00,08:40:00,0360
SBBR,SLLP,02:44:00,05:34:00,0340
SLLP,SBBR,06:59:00,11:49:00,0320
SBBR,SLLP,14:06:00,17:56:00,0300
SLLP,SBBR,12:27:00,17:17:00,0360
SBBR,SLLP,20:16:00,23:06:00,0320
SLLP,SBBR,22:27:00,03:17:00,0360
SBBR,SCEL,03:36:00,08:27:00,0360
SCEL,SBBR,11:08:00,16:59:00,0340
SBBR,SCEL,22:16:00,03:07:00,0340
SCEL,SBBR,16:31:00,21:22:00,0300
SBBR,SABE,03:04:00,07:03:00,0320
SABE,SBBR,00:57:00,04:56:00,0360
SBBR,SABE,10:17:00,14:16:00,0360
SABE,SBBR,06:48:00,10:47:00,0300
SBBR,SABE,13:28:00,17:27:00,0360
SABE,SBBR,17:26:00,21:25:00,0320
SBBR,SABE,20:43:00,00:42:00,0320
SABE,SBBR,23:08:00,03:07:00,0300
SBBR,SGAS,04:57:00,06:52:00,0320
SGAS,SBBR,01:13:00,05:08:00,0340
SBBR,SGAS,06:11:00,08:06:00,0300
SGAS,SBBR,10:09:00,14:04:00,0340
SBBR,SGAS,17:21:00,19:16:00,0320
SGAS,SBBR,15:47:00,19:42:00,0320
SBBR,SGAS,22:32:00,00:27:00,0320
SGAS,SBBR,20:30:00,00:25:00,0340
SBBR,SUAA,05:30:00,09:23:00,0320
SUAA,SBBR,00:24:00,04:17:00,0340
SBBR,SUAA,09:17:00,13:10:00,0360
SUAA,SBBR,07:19:00,11:12:00,0320
SBBR,SUAA,17:42:00,21:35:00,0340
SUAA,SBBR,14:42:00,18:35:00,0340
SBBR,SUAA,19:50:00,23:43:00,0340
SUAA,SBBR,20:11:00,00:04:00,0320
SBBR,LATI,07:46:00,01:20:00,0300
LATI,SBBR,06:30:00,14:04:00,0300
SBBR,LATI,10:21:00,04:55:00,0360
LATI,SBBR,14:23:00,22:57:00,0320
SBBR,LATI,18:21:00,12:55:00,0340
LATI,SBBR,17:10:00,01:44:00,0340
SBBR,EDDI,05:23:00,23:13:00,0340
EDDI,SBBR,04:47:00,12:37:00,0320
SBBR,EDDI,11:05:00,05:55:00,0340
EDDI,SBBR,11:26:00,19:16:00,0320
SBBR,EDDI,16:10:00,10:00:00,0300
EDDI,SBBR,16:48:00,00:38:00,0320
SBBR,LOWW,06:55:00,00:41:00,0320
LOWW,SBBR,02:19:00,10:05:00,0300
SBBR,LOWW,14:08:00,08:54:00,0300
LOWW,SBBR,08:29:00,16:15:00,0340
SBBR,LOWW,16:12:00,10:58:00,0360
LOWW,SBBR,23:32:00,07:18:00,0300
SBBR,EBCI,01:23:00,19:25:00,0320
EBCI,SBBR,01:55:00,09:57:00,0320
SBBR,EBCI,12:12:00,06:14:00,0360
EBCI,SBBR,08:43:00,16:45:00,0340
SBBR,EBCI,17:11:00,11:13:00,0340
EBCI,SBBR,16:54:00,00:56:00,0320
SBBR,UMMS,08:18:00,05:20:00,0300
UMMS,SBBR,07:24:00,16:26:00,0360
SBBR,UMMS,23:25:00,20:27:00,0300
UMMS,SBBR,23:18:00,08:20:00,0320
SBBR,LBSF,03:00:00,23:00:00,0320
LBSF,SBBR,02:40:00,10:40:00,0320
SBBR,LBSF,09:40:00,05:40:00,0300
LBSF,SBBR,13:51:00,21:51:00,0340
SBBR,LBSF,21:38:00,17:38:00,0320
LBSF,SBBR,19:11:00,03:11:00,0320
SBBR,LKPR,00:17:00,18:03:00,0340
LKPR,SBBR,02:16:00,10:02:00,0340
SBBR,LKPR,06:59:00,00:45:00,0360
LKPR,SBBR,06:29:00,14:15:00,0320
SBBR,LKPR,12:12:00,06:58:00,0360
LKPR,SBBR,12:08:00,20:54:00,0300
SBBR,LKPR,21:23:00,15:09:00,0300
LKPR,SBBR,22:27:00,06:13:00,0340
SBBR,LDZA,11:59:00,05:33:00,0340
LDZA,SBBR,09:16:00,17:50:00,0360
SBBR,LDZA,15:36:00,09:10:00,0320
LDZA,SBBR,12:12:00,20:46:00,0340
SBBR,EKCH,06:16:00,01:16:00,0300
EKCH,SBBR,04:35:00,13:35:00,0360
SBBR,EHAM,00:18:00,18:31:00,0300
EHAM,SBBR,00:47:00,08:00:00,0300
SBBR,EHAM,13:26:00,07:39:00,0340
EHAM,SBBR,14:01:00,22:14:00,0320
SBBR,EHAM,19:18:00,13:31:00,0360
EHAM,SBBR,17:41:00,01:54:00,0300
SBBR,VIDP,06:38:00,09:22:00,0320
VIDP,SBBR,07:38:00,18:22:00,0340
SBBR,VIDP,15:29:00,18:13:00,0340
VIDP,SBBR,21:55:00,08:39:00,0300
SBBR,RKSI,03:24:00,03:02:00,0300
RKSI,SBBR,05:33:00,05:11:00,0300
SBBR,RKSI,11:49:00,11:27:00,0360
RKSI,SBBR,10:28:00,10:06:00,0360
SBBR,RKSI,21:42:00,21:20:00,0340
RKSI,SBBR,20:11:00,20:49:00,0300
SBBR,VTBS,01:57:00,21:45:00,0340
VTBS,SBBR,05:36:00,05:24:00,0360
SBBR,VTBS,13:52:00,09:40:00,0360
VTBS,SBBR,10:33:00,10:21:00,0360
SBBR,VTBS,21:37:00,17:25:00,0300
VTBS,SBBR,16:12:00,16:00:00,0360
SBBR,OMDB,02:22:00,01:19:00,0340
OMDB,SBBR,05:23:00,14:20:00,0300
SBBR,OMDB,11:05:00,10:02:00,0320
OMDB,SBBR,11:53:00,20:50:00,0340
SBBR,OMDB,12:18:00,11:15:00,0360
OMDB,SBBR,16:51:00,01:48:00,0320
SBBR,OMDB,20:35:00,19:32:00,0320
OMDB,SBBR,19:30:00,04:27:00,0320
SBBR,ZBAA,06:02:00,05:48:00,0300
ZBAA,SBBR,07:12:00,08:58:00,0360
SBBR,ZBAA,10:22:00,09:08:00,0360
ZBAA,SBBR,10:01:00,11:47:00,0360
SBBR,ZBAA,17:59:00,16:45:00,0360
ZBAA,SBBR,17:58:00,18:44:00,0360
SBBR,RJTT,22:16:00,22:51:00,0340
RJTT,SBBR,07:09:00,07:44:00,0340
SBBR,WMKK,05:48:00,02:02:00,0320
WMKK,SBBR,04:00:00,03:14:00,0320
SBBR,WMKK,10:23:00,07:37:00,0340
WMKK,SBBR,07:51:00,06:05:00,0360
SBBR,WMKK,13:26:00,10:40:00,0300
WMKK,SBBR,16:41:00,15:55:00,0320
SBBR,WMKK,23:35:00,20:49:00,0340
WMKK,SBBR,23:04:00,22:18:00,0360
SBBR,WSSS,04:39:00,01:50:00,0320
WSSS,SBBR,02:14:00,01:25:00,0340
SBBR,WSSS,09:23:00,06:34:00,0300
WSSS,SBBR,10:53:00,09:04:00,0360
SBBR,WSSS,12:06:00,09:17:00,0320
WSSS,SBBR,16:30:00,15:41:00,0320
SBBR,WSSS,21:35:00,18:46:00,0320
WSSS,SBBR,23:16:00,22:27:00,0320
SBBR,WIII,01:14:00,18:28:00,0320
WIII,SBBR,06:53:00,03:07:00,0360
SBBR,WIII,11:50:00,04:04:00,0300
WIII,SBBR,11:05:00,08:19:00,0320
SBBR,WIII,21:12:00,14:26:00,0360
WIII,SBBR,20:01:00,17:15:00,0340
SBBR,RPLL,03:32:00,01:38:00,0300
RPLL,SBBR,02:29:00,02:35:00,0320
SBBR,RPLL,11:58:00,09:04:00,0340
RPLL,SBBR,07:46:00,07:52:00,0300
SBBR,RPLL,16:51:00,14:57:00,0320
RPLL,SBBR,16:36:00,16:42:00,0300
SBBR,RPLL,18:49:00,16:55:00,0300
RPLL,SBBR,22:49:00,22:55:00,0320
SPIM,SLLP,05:55:00,09:15:00,0300
SLLP,SPIM,00:24:00,02:44:00,0340
SPIM,SLLP,08:37:00,12:57:00,0360
SLLP,SPIM,08:30:00,10:50:00,0320
SPIM,SLLP,14:59:00,18:19:00,0360
SLLP,SPIM,12:10:00,14:30:00,0320
SPIM,SLLP,19:25:00,23:45:00,0360
SLLP,SPIM,18:40:00,20:00:00,0360
SPIM,SCEL,04:26:00,11:30:00,0360
SCEL,SPIM,05:40:00,08:44:00,0340
SPIM,SCEL,07:12:00,14:16:00,0320
SCEL,SPIM,07:08:00,10:12:00,0320
SPIM,SCEL,13:51:00,20:55:00,0340
SCEL,SPIM,12:17:00,15:21:00,0300
SPIM,SCEL,18:33:00,01:37:00,0320
SCEL,SPIM,20:02:00,23:06:00,0340
SPIM,SABE,05:29:00,12:23:00,0320
SABE,SPIM,03:01:00,06:55:00,0300
SPIM,SABE,07:21:00,14:15:00,0320
SABE,SPIM,09:57:00,12:51:00,0340
SPIM,SABE,17:05:00,00:59:00,0300
SABE,SPIM,13:24:00,16:18:00,0360
SPIM,SABE,19:41:00,02:35:00,0300
SABE,SPIM,22:01:00,01:55:00,0340
SPIM,SGAS,07:33:00,13:45:00,0300
SGAS,SPIM,00:00:00,04:12:00,0360
SPIM,SGAS,09:28:00,15:40:00,0360
SGAS,SPIM,11:36:00,15:48:00,0300
SPIM,SGAS,16:31:00,22:43:00,0360
SGAS,SPIM,21:19:00,01:31:00,0360
SPIM,SUAA,00:55:00,08:59:00,0300
SUAA,SPIM,05:54:00,09:58:00,0360
SPIM,SUAA,08:36:00,16:40:00,0360
SUAA,SPIM,15:25:00,19:29:00,0300
SPIM,SUAA,23:36:00,07:40:00,0320
SUAA,SPIM,18:12:00,22:16:00,0300
SPIM,LATI,04:25:00,03:44:00,0300
LATI,SPIM,02:20:00,11:39:00,0320
SPIM,LATI,08:08:00,07:27:00,0300
LATI,SPIM,06:00:00,15:19:00,0340
SPIM,LATI,17:00:00,16:19:00,0320
LATI,SPIM,14:14:00,23:33:00,0320
SPIM,LATI,18:55:00,17:14:00,0360
LATI,SPIM,20:00:00,05:19:00,0360
SPIM,EDDI,05:08:00,03:02:00,0360
EDDI,SPIM,01:08:00,09:02:00,0300
SPIM,EDDI,09:49:00,07:43:00,0360
EDDI,SPIM,12:16:00,20:10:00,0340
SPIM,EDDI,19:22:00,17:16:00,0300
EDDI,SPIM,21:42:00,05:36:00,0300
SPIM,LOWW,08:17:00,07:23:00,0340
LOWW,SPIM,06:10:00,15:16:00,0360
SPIM,LOWW,15:49:00,14:55:00,0300
LOWW,SPIM,19:23:00,04:29:00,0360
SPIM,EBCI,05:11:00,03:15:00,0300
EBCI,SPIM,01:41:00,09:45:00,0320
SPIM,EBCI,09:49:00,07:53:00,0320
EBCI,SPIM,09:22:00,17:26:00,0360
SPIM,EBCI,14:34:00,12:38:00,0360
EBCI,SPIM,12:04:00,20:08:00,0320
SPIM,EBCI,18:24:00,16:28:00,0320
EBCI,SPIM,23:50:00,07:54:00,0360
SPIM,UMMS,01:26:00,02:37:00,0300
UMMS,SPIM,00:23:00,09:34:00,0360
SPIM,UMMS,08:08:00,09:19:00,0320
UMMS,SPIM,08:51:00,17:02:00,0320
SPIM,UMMS,12:23:00,13:34:00,0340
UMMS,SPIM,15:15:00,00:26:00,0360
SPIM,UMMS,20:02:00,21:13:00,0300
UMMS,SPIM,23:27:00,08:38:00,0320
SPIM,LBSF,05:39:00,05:23:00,0340
LBSF,SPIM,03:30:00,11:14:00,0320
SPIM,LBSF,09:25:00,09:09:00,0320
LBSF,SPIM,11:27:00,19:11:00,0340
SPIM,LBSF,13:17:00,13:01:00,0320
LBSF,SPIM,14:05:00,22:49:00,0340
SPIM,LBSF,18:24:00,18:08:00,0300
LBSF,SPIM,22:43:00,06:27:00,0300
SLLP,SCEL,02:44:00,07:07:00,0320
SCEL,SLLP,05:47:00,08:10:00,0300
SLLP,SCEL,19:23:00,00:46:00,0320
SCEL,SLLP,21:43:00,00:06:00,0320
SLLP,SABE,09:10:00,14:58:00,0340
SABE,SLLP,03:01:00,06:49:00,0300
SLLP,SABE,15:35:00,20:23:00,0340
SABE,SLLP,15:33:00,18:21:00,0360
SLLP,SGAS,00:54:00,03:48:00,0320
SGAS,SLLP,00:07:00,03:01:00,0340
SLLP,SGAS,06:30:00,09:24:00,0300
SGAS,SLLP,07:54:00,10:48:00,0360
SLLP,SGAS,13:38:00,16:32:00,0340
SGAS,SLLP,16:01:00,19:55:00,0320
SLLP,SGAS,23:14:00,02:08:00,0360
SGAS,SLLP,18:06:00,21:00:00,0320
SLLP,SUAA,00:50:00,05:46:00,0360
SUAA,SLLP,17:38:00,20:34:00,0360
SLLP,LATI,01:30:00,22:14:00,0320
LATI,SLLP,04:48:00,13:32:00,0340
SLLP,LATI,06:12:00,03:56:00,0340
LATI,SLLP,09:15:00,18:59:00,0320
SLLP,LATI,12:06:00,09:50:00,0340
LATI,SLLP,12:55:00,21:39:00,0360
SLLP,LATI,21:12:00,18:56:00,0360
LATI,SLLP,18:59:00,03:43:00,0360
SLLP,EDDI,04:05:00,01:40:00,0300
EDDI,SLLP,06:17:00,15:52:00,0360
SLLP,EDDI,09:57:00,06:32:00,0360
EDDI,SLLP,11:36:00,20:11:00,0300
SLLP,EDDI,21:33:00,18:08:00,0300
EDDI,SLLP,16:36:00,01:11:00,0360
SLLP,LOWW,16:54:00,13:35:00,0300
LOWW,SLLP,07:30:00,16:11:00,0320
SLLP,EBCI,01:30:00,21:15:00,0360
EBCI,SLLP,06:32:00,14:17:00,0320
SLLP,EBCI,11:50:00,07:35:00,0320
EBCI,SLLP,15:13:00,23:58:00,0360
SLLP,EBCI,17:43:00,13:28:00,0360
EBCI,SLLP,21:56:00,05:41:00,0360
SLLP,UMMS,04:18:00,03:10:00,0360
UMMS,SLLP,03:59:00,12:51:00,0320
SLLP,UMMS,09:46:00,08:38:00,0300
UMMS,SLLP,10:18:00,19:10:00,0320
SLLP,UMMS,23:38:00,22:30:00,0360
UMMS,SLLP,19:03:00,04:55:00,0340
SLLP,LBSF,05:02:00,04:12:00,0320
LBSF,SLLP,03:42:00,12:52:00,0360
SLLP,LBSF,10:51:00,09:01:00,0300
LBSF,SLLP,13:53:00,22:03:00,0300
SLLP,LBSF,18:22:00,17:32:00,0340
LBSF,SLLP,23:26:00,08:36:00,0320
SLLP,LKPR,04:09:00,01:44:00,0360
LKPR,SLLP,05:14:00,14:49:00,0340
SLLP,LKPR,11:06:00,08:41:00,0300
LKPR,SLLP,10:38:00,19:13:00,0360
SLLP,LKPR,15:47:00,12:22:00,0320
LKPR,SLLP,13:47:00,22:22:00,0340
SLLP,LKPR,19:07:00,16:42:00,0360
LKPR,SLLP,22:37:00,07:12:00,0360
SLLP,LDZA,03:48:00,00:23:00,0300
LDZA,SLLP,03:10:00,12:45:00,0340
SLLP,LDZA,23:56:00,20:31:00,0340
LDZA,SLLP,21:11:00,06:46:00,0360
SLLP,EKCH,02:31:00,23:09:00,0360
EKCH,SLLP,01:04:00,10:42:00,0360
SLLP,EKCH,10:15:00,07:53:00,0300
EKCH,SLLP,10:19:00,19:57:00,0360
SLLP,EKCH,13:53:00,10:31:00,0320
EKCH,SLLP,17:42:00,02:20:00,0300
SLLP,EKCH,20:18:00,17:56:00,0320
EKCH,SLLP,21:37:00,06:15:00,0320
SLLP,EHAM,05:10:00,01:02:00,0360
EHAM,SLLP,01:42:00,09:34:00,0360
SLLP,EHAM,06:38:00,02:30:00,0360
EHAM,SLLP,11:38:00,19:30:00,0300
SLLP,EHAM,16:59:00,12:51:00,0340
EHAM,SLLP,12:43:00,20:35:00,0340
SLLP,EHAM,22:42:00,18:34:00,0300
EHAM,SLLP,23:15:00,07:07:00,0320
SLLP,VIDP,02:59:00,09:20:00,0340
VIDP,SLLP,04:18:00,17:39:00,0320
SLLP,VIDP,13:47:00,20:08:00,0300
VIDP,SLLP,13:25:00,02:46:00,0320
SLLP,VIDP,20:30:00,03:51:00,0320
VIDP,SLLP,21:05:00,10:26:00,0300
SLLP,RKSI,07:22:00,10:13:00,0320
RKSI,SLLP,05:54:00,06:45:00,0300
SLLP,RKSI,10:09:00,13:00:00,0300
RKSI,SLLP,10:24:00,11:15:00,0320
SLLP,RKSI,22:05:00,01:56:00,0320
RKSI,SLLP,19:52:00,20:43:00,0340
SLLP,VTBS,03:11:00,03:42:00,0340
VTBS,SLLP,05:58:00,07:29:00,0360
SLLP,VTBS,08:59:00,08:30:00,0340
VTBS,SLLP,13:23:00,15:54:00,0300
SLLP,VTBS,19:34:00,19:05:00,0300
VTBS,SLLP,18:42:00,20:13:00,0360
SLLP,OMDB,05:20:00,08:59:00,0300
OMDB,SLLP,03:16:00,14:55:00,0340
SLLP,OMDB,06:35:00,09:14:00,0360
OMDB,SLLP,10:38:00,21:17:00,0360
SLLP,OMDB,15:03:00,18:42:00,0340
OMDB,SLLP,12:02:00,23:41:00,0300
SLLP,OMDB,18:02:00,21:41:00,0340
OMDB,SLLP,21:41:00,08:20:00,0300
SLLP,ZBAA,01:32:00,03:25:00,0320
ZBAA,SLLP,06:47:00,08:40:00,0320
SLLP,ZBAA,21:32:00,23:25:00,0360
ZBAA,SLLP,23:01:00,01:54:00,0340
SLLP,RJTT,07:09:00,10:01:00,0300
RJTT,SLLP,04:30:00,05:22:00,0300
SLLP,RJTT,23:55:00,02:47:00,0340
RJTT,SLLP,12:41:00,13:33:00,0340
SLLP,WMKK,03:36:00,04:39:00,0300
WMKK,SLLP,03:03:00,04:06:00,0320
SLLP,WMKK,07:13:00,08:16:00,0320
WMKK,SLLP,10:54:00,11:57:00,0340
SLLP,WMKK,13:01:00,14:04:00,0360
WMKK,SLLP,16:42:00,17:45:00,0320
SLLP,WMKK,23:03:00,00:06:00,0300
WMKK,SLLP,22:37:00,23:40:00,0360
SLLP,WSSS,03:21:00,04:22:00,0340
WSSS,SLLP,03:05:00,04:06:00,0360
SLLP,WSSS,13:41:00,14:42:00,0320
WSSS,SLLP,08:49:00,09:50:00,0360
SLLP,WSSS,18:58:00,19:59:00,0320
WSSS,SLLP,21:55:00,22:56:00,0360
SLLP,WIII,03:39:00,00:42:00,0340
WIII,SLLP,00:19:00,23:22:00,0300
SLLP,WIII,08:01:00,05:04:00,0300
WIII,SLLP,10:25:00,09:28:00,0300
SLLP,WIII,15:42:00,12:45:00,0340
WIII,SLLP,16:40:00,15:43:00,0360
SLLP,WIII,23:14:00,20:17:00,0300
WIII,SLLP,19:13:00,18:16:00,0320
SLLP,RPLL,02:50:00,03:39:00,0360
RPLL,SLLP,02:56:00,03:45:00,0320
SLLP,RPLL,11:20:00,12:09:00,0320
RPLL,SLLP,08:18:00,09:07:00,0360
SLLP,RPLL,17:06:00,18:55:00,0360
RPLL,SLLP,17:34:00,18:23:00,0320
SCEL,SABE,01:12:00,04:36:00,0320
SABE,SCEL,01:33:00,04:57:00,0360
SCEL,SABE,10:11:00,13:35:00,0360
SABE,SCEL,14:08:00,17:32:00,0340
SCEL,SABE,21:08:00,00:32:00,0320
SABE,SCEL,23:07:00,02:31:00,0360
SCEL,SGAS,05:38:00,07:34:00,0360
SGAS,SCEL,03:56:00,07:52:00,0360
SCEL,SGAS,09:51:00,11:47:00,0340
SGAS,SCEL,10:01:00,14:57:00,0320
SCEL,SGAS,15:16:00,17:12:00,0340
SGAS,SCEL,17:24:00,21:20:00,0320
SCEL,SGAS,20:23:00,22:19:00,0360
SGAS,SCEL,18:12:00,22:08:00,0300
SCEL,SUAA,04:31:00,07:09:00,0360
SUAA,SCEL,02:10:00,05:48:00,0360
SCEL,SUAA,08:39:00,11:17:00,0340
SUAA,SCEL,10:55:00,13:33:00,0340
SCEL,SUAA,15:18:00,18:56:00,0360
SUAA,SCEL,17:09:00,20:47:00,0300
SCEL,SUAA,20:04:00,23:42:00,0320
SUAA,SCEL,23:26:00,02:04:00,0360
SCEL,LATI,04:00:00,02:25:00,0360
LATI,SCEL,02:36:00,14:01:00,0320
SCEL,LATI,10:11:00,08:36:00,0360
LATI,SCEL,13:27:00,01:52:00,0320
SCEL,LATI,22:50:00,20:15:00,0320
LATI,SCEL,22:15:00,10:40:00,0300
SABE,SGAS,04:24:00,06:39:00,0300
SGAS,SABE,01:32:00,05:47:00,0320
SABE,SGAS,10:46:00,12:01:00,0360
SGAS,SABE,09:58:00,13:13:00,0320
SABE,SGAS,13:00:00,15:15:00,0320
SGAS,SABE,17:18:00,21:33:00,0360
SABE,SGAS,18:27:00,20:42:00,0360
SGAS,SABE,23:54:00,03:09:00,0360
SABE,SUAA,06:01:00,08:14:00,0340
SUAA,SABE,01:10:00,03:23:00,0340
SABE,SUAA,12:51:00,14:04:00,0320
SUAA,SABE,08:15:00,10:28:00,0340
SABE,SUAA,17:58:00,19:11:00,0320
SUAA,SABE,21:32:00,23:45:00,0340
SABE,LATI,10:37:00,07:02:00,0360
LATI,SABE,04:39:00,15:04:00,0340
SGAS,SUAA,03:59:00,07:14:00,0320
SUAA,SGAS,02:09:00,04:24:00,0340
SGAS,SUAA,15:25:00,19:40:00,0340
SUAA,SGAS,08:15:00,10:30:00,0300
SGAS,SUAA,21:20:00,01:35:00,0340
SUAA,SGAS,22:17:00,00:32:00,0300
SUAA,LATI,05:34:00,02:48:00,0340
LATI,SUAA,03:18:00,14:32:00,0320
SUAA,LATI,06:58:00,03:12:00,0320
LATI,SUAA,11:18:00,22:32:00,0340
SUAA,LATI,13:57:00,10:11:00,0320
LATI,SUAA,17:04:00,04:18:00,0300
SUAA,LATI,23:02:00,20:16:00,0360
LATI,SUAA,18:28:00,05:42:00,0300
SUAA,EDDI,05:27:00,02:07:00,0300
EDDI,SUAA,01:44:00,12:24:00,0360
SUAA,EDDI,17:38:00,14:18:00,0320
EDDI,SUAA,19:28:00,06:08:00,0360
SUAA,LOWW,01:11:00,22:45:00,0360
LOWW,SUAA,00:03:00,11:37:00,0300
SUAA,LOWW,09:01:00,06:35:00,0300
LOWW,SUAA,11:35:00,22:09:00,0320
SUAA,LOWW,23:40:00,20:14:00,0320
LOWW,SUAA,20:53:00,07:27:00,0320
SUAA,EBCI,03:38:00,23:31:00,0340
EBCI,SUAA,00:04:00,10:57:00,0320
SUAA,EBCI,13:38:00,09:31:00,0320
EBCI,SUAA,10:22:00,20:15:00,0300
SUAA,EBCI,21:58:00,17:51:00,0300
EBCI,SUAA,19:25:00,05:18:00,0300
SUAA,UMMS,05:52:00,04:42:00,0360
UMMS,SUAA,03:07:00,14:57:00,0320
SUAA,UMMS,08:44:00,07:34:00,0360
UMMS,SUAA,06:54:00,17:44:00,0320
SUAA,UMMS,13:14:00,12:04:00,0340
UMMS,SUAA,14:22:00,01:12:00,0340
SUAA,UMMS,20:21:00,19:11:00,0300
UMMS,SUAA,22:37:00,09:27:00,0340
SUAA,LBSF,00:27:00,22:07:00,0340
LBSF,SUAA,01:28:00,11:08:00,0340
SUAA,LBSF,08:00:00,06:40:00,0340
LBSF,SUAA,07:38:00,17:18:00,0300
SUAA,LBSF,13:36:00,11:16:00,0340
LBSF,SUAA,14:12:00,00:52:00,0340
SUAA,LBSF,23:39:00,21:19:00,0360
LBSF,SUAA,18:00:00,04:40:00,0340
SUAA,LKPR,01:58:00,22:33:00,0320
LKPR,SUAA,04:42:00,15:17:00,0300
SUAA,LKPR,08:36:00,05:11:00,0300
LKPR,SUAA,11:13:00,22:48:00,0320
SUAA,LKPR,17:46:00,14:21:00,0340
LKPR,SUAA,14:45:00,01:20:00,0340
SUAA,LKPR,22:21:00,19:56:00,0340
LKPR,SUAA,18:23:00,05:58:00,0360
SUAA,LDZA,07:31:00,04:50:00,0300
LDZA,SUAA,06:15:00,17:34:00,0320
SUAA,EKCH,19:19:00,16:10:00,0340
EKCH,SUAA,03:18:00,14:09:00,0300
SUAA,EHAM,15:04:00,12:09:00,0320
EHAM,SUAA,07:01:00,18:06:00,0340
SUAA,VIDP,06:33:00,11:05:00,0300
VIDP,SUAA,04:35:00,17:07:00,0320
SUAA,VIDP,08:22:00,13:54:00,0320
VIDP,SUAA,12:43:00,01:15:00,0340
SUAA,VIDP,19:35:00,00:07:00,0320
VIDP,SUAA,16:52:00,05:24:00,0320
LATI,EDDI,03:52:00,06:30:00,0300
EDDI,LATI,03:13:00,06:51:00,0340
LATI,EDDI,15:32:00,18:10:00,0320
EDDI,LATI,15:54:00,18:32:00,0300
LATI,EDDI,23:42:00,02:20:00,0340
EDDI,LATI,17:47:00,20:25:00,0300
LATI,LOWW,05:14:00,08:15:00,0360
LOWW,LATI,01:54:00,04:55:00,0320
LATI,LOWW,09:46:00,12:47:00,0300
LOWW,LATI,07:56:00,10:57:00,0340
LATI,LOWW,17:26:00,20:27:00,0300
LOWW,LATI,14:23:00,17:24:00,0320
LATI,LOWW,21:31:00,00:32:00,0360
LOWW,LATI,23:06:00,02:07:00,0320
LATI,EBCI,05:25:00,08:20:00,0300
EBCI,LATI,04:08:00,07:03:00,0340
LATI,EBCI,10:13:00,13:08:00,0360
EBCI,LATI,08:39:00,11:34:00,0340
LATI,EBCI,19:36:00,22:31:00,0300
EBCI,LATI,18:14:00,21:09:00,0320
LATI,UMMS,05:36:00,09:28:00,0360
UMMS,LATI,02:42:00,04:34:00,0360
LATI,LBSF,03:53:00,06:19:00,0360
LBSF,LATI,06:57:00,07:23:00,0300
LATI,LBSF,10:06:00,13:32:00,0300
LBSF,LATI,13:14:00,14:40:00,0360
LATI,LBSF,16:24:00,19:50:00,0320
LBSF,LATI,18:26:00,19:52:00,0300
LATI,LKPR,04:32:00,07:53:00,0300
LKPR,LATI,04:51:00,07:12:00,0360
LATI,LKPR,11:57:00,14:18:00,0320
LKPR,LATI,09:01:00,12:22:00,0300
LATI,LKPR,16:24:00,19:45:00,0300
LKPR,LATI,17:03:00,20:24:00,0340
LATI,LKPR,20:28:00,23:49:00,0360
LKPR,LATI,19:50:00,22:11:00,0300
LATI,LDZA,02:37:00,04:15:00,0360
LDZA,LATI,01:58:00,03:36:00,0300
LATI,LDZA,11:52:00,13:30:00,0360
LDZA,LATI,09:41:00,11:19:00,0320
LATI,LDZA,12:58:00,14:36:00,0300
LDZA,LATI,17:11:00,19:49:00,0360
LATI,LDZA,21:37:00,23:15:00,0320
LDZA,LATI,18:35:00,20:13:00,0300
LATI,EKCH,04:13:00,08:16:00,0320
EKCH,LATI,05:53:00,09:56:00,0360
LATI,EKCH,09:36:00,13:39:00,0320
EKCH,LATI,11:47:00,15:50:00,0340
LATI,EKCH,22:57:00,02:00:00,0340
EKCH,LATI,17:27:00,21:30:00,0340
LATI,EHAM,01:57:00,05:03:00,0340
EHAM,LATI,03:04:00,07:10:00,0360
LATI,EHAM,07:15:00,11:21:00,0320
EHAM,LATI,08:11:00,12:17:00,0320
LATI,EHAM,17:31:00,21:37:00,0340
EHAM,LATI,12:00:00,16:06:00,0360
LATI,EHAM,20:50:00,00:56:00,0340
EHAM,LATI,21:18:00,01:24:00,0300
LATI,VIDP,05:44:00,16:32:00,0340
VIDP,LATI,00:30:00,05:18:00,0360
LATI,VIDP,07:47:00,18:35:00,0360
VIDP,LATI,11:39:00,16:27:00,0300
LATI,VIDP,12:36:00,23:24:00,0340
VIDP,LATI,17:58:00,22:46:00,0320
LATI,VIDP,20:29:00,07:17:00,0300
VIDP,LATI,22:32:00,03:20:00,0340
LATI,RKSI,05:26:00,14:22:00,0300
RKSI,LATI,05:31:00,00:27:00,0360
LATI,RKSI,09:21:00,18:17:00,0320
RKSI,LATI,08:46:00,03:42:00,0320
LATI,RKSI,22:09:00,07:05:00,0300
RKSI,LATI,21:00:00,16:56:00,0340
LATI,VTBS,02:38:00,13:42:00,0360
VTBS,LATI,03:37:00,04:41:00,0340
LATI,VTBS,13:03:00,00:07:00,0340
VTBS,LATI,12:55:00,13:59:00,0320
LATI,VTBS,21:17:00,08:21:00,0320
VTBS,LATI,21:34:00,22:38:00,0360
LATI,OMDB,01:23:00,09:07:00,0360
OMDB,LATI,05:26:00,09:10:00,0300
LATI,OMDB,14:37:00,22:21:00,0320
OMDB,LATI,14:52:00,18:36:00,0360
LATI,OMDB,23:37:00,07:21:00,0320
OMDB,LATI,20:52:00,00:36:00,0340
LATI,ZBAA,00:50:00,08:41:00,0320
ZBAA,LATI,13:48:00,09:39:00,0340
LATI,RJTT,00:22:00,10:26:00,0320
RJTT,LATI,01:00:00,21:04:00,0300
LATI,RJTT,10:54:00,20:58:00,0340
RJTT,LATI,15:47:00,11:51:00,0320
LATI,RJTT,17:51:00,03:55:00,0300
RJTT,LATI,17:33:00,13:37:00,0360
LATI,WMKK,02:41:00,15:15:00,0300
WMKK,LATI,00:29:00,01:03:00,0300
LATI,WMKK,08:11:00,21:45:00,0360
WMKK,LATI,10:35:00,11:09:00,0320
LATI,WMKK,16:02:00,05:36:00,0320
WMKK,LATI,13:37:00,14:11:00,0300
LATI,WMKK,20:40:00,09:14:00,0300
WMKK,LATI,20:18:00,21:52:00,0340
LATI,WSSS,06:11:00,19:53:00,0360
WSSS,LATI,07:57:00,08:39:00,0340
LATI,WSSS,15:09:00,04:51:00,0340
WSSS,LATI,11:11:00,12:53:00,0300
LATI,WSSS,21:53:00,10:35:00,0300
WSSS,LATI,17:25:00,18:07:00,0360
EDDI,LOWW,07:30:00,09:07:00,0360
LOWW,EDDI,04:15:00,06:52:00,0300
EDDI,LOWW,14:40:00,16:17:00,0300
LOWW,EDDI,10:34:00,12:11:00,0360
EDDI,LOWW,21:16:00,23:53:00,0300
LOWW,EDDI,16:02:00,18:39:00,0360
EDDI,EBCI,02:37:00,04:27:00,0340
EBCI,EDDI,04:36:00,06:26:00,0340
EDDI,EBCI,08:41:00,10:31:00,0300
EBCI,EDDI,09:39:00,11:29:00,0300
EDDI,EBCI,15:15:00,17:05:00,0340
EBCI,EDDI,14:30:00,16:20:00,0340
EDDI,EBCI,20:01:00,22:51:00,0320
EBCI,EDDI,21:43:00,23:33:00,0300
EDDI,UMMS,04:59:00,08:15:00,0320
UMMS,EDDI,01:28:00,03:44:00,0300
EDDI,UMMS,06:33:00,10:49:00,0340
UMMS,EDDI,07:29:00,09:45:00,0360
EDDI,UMMS,13:57:00,17:13:00,0300
UMMS,EDDI,12:15:00,14:31:00,0360
EDDI,UMMS,22:48:00,02:04:00,0300
UMMS,EDDI,23:53:00,01:09:00,0360
EDDI,LBSF,02:48:00,06:29:00,0320
LBSF,EDDI,05:13:00,07:54:00,0320
EDDI,LBSF,10:30:00,14:11:00,0320
LBSF,EDDI,06:16:00,08:57:00,0320
EDDI,LBSF,17:09:00,21:50:00,0320
LBSF,EDDI,15:33:00,17:14:00,0300
EDDI,LBSF,18:45:00,22:26:00,0320
LBSF,EDDI,18:53:00,20:34:00,0300
EDDI,LKPR,02:13:00,04:30:00,0320
LKPR,EDDI,05:48:00,07:05:00,0300
EDDI,LKPR,08:30:00,10:47:00,0320
LKPR,EDDI,08:42:00,10:59:00,0340
EDDI,LKPR,19:40:00,21:57:00,0320
LKPR,EDDI,23:07:00,01:24:00,0360
EDDI,LDZA,01:35:00,04:36:00,0340
LDZA,EDDI,03:43:00,06:44:00,0360
EDDI,LDZA,15:14:00,18:15:00,0340
LDZA,EDDI,08:53:00,11:54:00,0320
EDDI,LDZA,18:58:00,21:59:00,0360
LDZA,EDDI,22:26:00,01:27:00,0360
EDDI,EKCH,05:19:00,07:44:00,0320
EKCH,EDDI,00:04:00,02:29:00,0360
EDDI,EKCH,06:14:00,08:39:00,0360
EKCH,EDDI,06:47:00,08:12:00,0320
EDDI,EKCH,16:46:00,18:11:00,0320
EKCH,EDDI,17:20:00,19:45:00,0340
EDDI,EKCH,21:38:00,23:03:00,0360
EKCH,EDDI,18:37:00,20:02:00,0340
LOWW,EBCI,17:23:00,20:31:00,0360
EBCI,LOWW,19:16:00,22:24:00,0300
LOWW,UMMS,00:21:00,04:37:00,0320
UMMS,LOWW,23:38:00,01:54:00,0320
LOWW,LBSF,04:18:00,08:23:00,0360
LBSF,LOWW,01:36:00,03:41:00,0340
LOWW,LBSF,18:46:00,22:51:00,0360
LBSF,LOWW,19:22:00,21:27:00,0300
LOWW,LKPR,06:27:00,08:47:00,0320
LKPR,LOWW,06:30:00,08:50:00,0360
LOWW,LKPR,13:34:00,15:54:00,0340
LKPR,LOWW,08:52:00,10:12:00,0320
LOWW,LKPR,17:06:00,19:26:00,0300
LKPR,LOWW,21:13:00,23:33:00,0320
LOWW,LDZA,05:54:00,07:19:00,0360
LDZA,LOWW,01:27:00,03:52:00,0300
LOWW,LDZA,11:21:00,13:46:00,0300
LDZA,LOWW,11:54:00,13:19:00,0300
LOWW,LDZA,17:41:00,19:06:00,0320
LDZA,LOWW,14:33:00,16:58:00,0320
LOWW,LDZA,21:43:00,23:08:00,0360
LDZA,LOWW,19:19:00,21:44:00,0320
LOWW,EKCH,10:08:00,13:10:00,0300
EKCH,LOWW,06:32:00,09:34:00,0340
LOWW,EKCH,19:53:00,22:55:00,0340
EKCH,LOWW,12:47:00,15:49:00,0340
LOWW,EHAM,00:38:00,03:50:00,0320
EHAM,LOWW,03:06:00,06:18:00,0360
LOWW,EHAM,08:28:00,11:40:00,0360
EHAM,LOWW,11:31:00,14:43:00,0360
LOWW,EHAM,22:17:00,01:29:00,0360
EHAM,LOWW,22:53:00,01:05:00,0320
LOWW,VIDP,03:39:00,15:43:00,0320
VIDP,LOWW,20:17:00,02:21:00,0300
LOWW,RKSI,00:28:00,10:03:00,0300
RKSI,LOWW,00:01:00,20:36:00,0340
LOWW,RKSI,08:04:00,18:39:00,0360
RKSI,LOWW,14:25:00,10:00:00,0300
LOWW,RKSI,22:04:00,08:39:00,0340
RKSI,LOWW,19:09:00,15:44:00,0360
EBCI,UMMS,03:37:00,08:44:00,0360
UMMS,EBCI,06:23:00,09:30:00,0360
EBCI,UMMS,10:57:00,15:04:00,0300
UMMS,EBCI,11:58:00,14:05:00,0300
EBCI,UMMS,18:09:00,23:16:00,0320
UMMS,EBCI,16:17:00,19:24:00,0300
EBCI,LBSF,03:08:00,08:17:00,0360
LBSF,EBCI,01:02:00,04:11:00,0320
EBCI,LBSF,13:57:00,18:06:00,0300
LBSF,EBCI,14:24:00,17:33:00,0360
EBCI,LBSF,23:51:00,04:00:00,0340
LBSF,EBCI,21:32:00,00:41:00,0340
EBCI,LKPR,04:33:00,06:26:00,0340
LKPR,EBCI,04:49:00,06:42:00,0340
EBCI,LKPR,07:09:00,09:02:00,0320
LKPR,EBCI,10:45:00,12:38:00,0340
EBCI,LKPR,15:52:00,17:45:00,0320
LKPR,EBCI,13:28:00,15:21:00,0300
EBCI,LKPR,23:51:00,01:44:00,0360
LKPR,EBCI,18:26:00,20:19:00,0300
EBCI,LDZA,06:17:00,09:36:00,0340
LDZA,EBCI,11:02:00,14:21:00,0340
EBCI,LDZA,23:06:00,02:25:00,0300
LDZA,EBCI,22:49:00,01:08:00,0320
EBCI,EKCH,03:38:00,05:36:00,0300
EKCH,EBCI,06:57:00,08:55:00,0360
EBCI,EKCH,14:10:00,16:08:00,0300
EKCH,EBCI,13:11:00,15:09:00,0300
EBCI,EKCH,23:01:00,01:59:00,0320
EKCH,EBCI,21:58:00,23:56:00,0320
EBCI,EHAM,09:47:00,11:03:00,0300
EHAM,EBCI,08:44:00,10:00:00,0320
EBCI,EHAM,23:15:00,01:31:00,0300
EHAM,EBCI,22:06:00,00:22:00,0340
EBCI,VIDP,03:09:00,16:18:00,0360
VIDP,EBCI,00:50:00,07:59:00,0340
EBCI,VIDP,08:29:00,21:38:00,0300
VIDP,EBCI,08:10:00,15:19:00,0340
EBCI,VIDP,13:52:00,02:01:00,0320
VIDP,EBCI,12:37:00,19:46:00,0300
EBCI,VIDP,20:25:00,09:34:00,0320
VIDP,EBCI,18:11:00,01:20:00,0360
UMMS,LBSF,05:12:00,08:48:00,0300
LBSF,UMMS,04:56:00,07:32:00,0360
UMMS,LBSF,13:18:00,16:54:00,0300
LBSF,UMMS,08:39:00,11:15:00,0300
UMMS,LBSF,18:02:00,21:38:00,0320
LBSF,UMMS,22:48:00,01:24:00,0340
UMMS,LKPR,17:28:00,19:45:00,0320
LKPR,UMMS,19:07:00,23:24:00,0300
UMMS,LDZA,00:22:00,02:55:00,0320
LDZA,UMMS,02:39:00,06:12:00,0360
UMMS,LDZA,15:45:00,17:18:00,0300
LDZA,UMMS,15:26:00,19:59:00,0340
UMMS,LDZA,17:09:00,19:42:00,0320
LDZA,UMMS,20:41:00,00:14:00,0320
UMMS,EKCH,08:57:00,10:17:00,0320
EKCH,UMMS,11:30:00,15:50:00,0320
UMMS,EKCH,17:26:00,19:46:00,0360
EKCH,UMMS,12:15:00,16:35:00,0320
UMMS,EHAM,07:35:00,10:37:00,0300
EHAM,UMMS,02:53:00,07:55:00,0340
UMMS,EHAM,09:28:00,12:30:00,0340
EHAM,UMMS,15:08:00,20:10:00,0300
UMMS,EHAM,23:57:00,02:59:00,0300
EHAM,UMMS,19:54:00,00:56:00,0320
UMMS,VIDP,01:12:00,11:18:00,0340
VIDP,UMMS,03:32:00,09:38:00,0360
UMMS,VIDP,09:49:00,19:55:00,0300
VIDP,UMMS,07:53:00,13:59:00,0300
UMMS,VIDP,13:37:00,23:43:00,0300
VIDP,UMMS,16:30:00,22:36:00,0300
UMMS,VIDP,19:12:00,05:18:00,0360
VIDP,UMMS,23:44:00,05:50:00,0320
UMMS,RKSI,05:36:00,15:19:00,0360
RKSI,UMMS,00:20:00,22:03:00,0300
UMMS,RKSI,10:00:00,20:43:00,0360
RKSI,UMMS,09:43:00,07:26:00,0320
UMMS,RKSI,17:14:00,03:57:00,0320
RKSI,UMMS,12:13:00,10:56:00,0340
UMMS,RKSI,18:04:00,04:47:00,0320
RKSI,UMMS,22:15:00,20:58:00,0300
UMMS,VTBS,00:12:00,11:08:00,0360
VTBS,UMMS,00:22:00,03:18:00,0320
UMMS,VTBS,06:53:00,17:49:00,0340
VTBS,UMMS,08:40:00,11:36:00,0320
UMMS,VTBS,17:02:00,04:58:00,0320
VTBS,UMMS,16:37:00,19:33:00,0340
UMMS,VTBS,23:57:00,10:53:00,0320
VTBS,UMMS,19:16:00,22:12:00,0360
UMMS,OMDB,02:25:00,09:15:00,0300
OMDB,UMMS,03:04:00,08:54:00,0320
UMMS,OMDB,08:35:00,15:25:00,0340
OMDB,UMMS,06:38:00,11:28:00,0300
UMMS,OMDB,17:22:00,00:12:00,0360
OMDB,UMMS,13:46:00,18:36:00,0320
UMMS,OMDB,19:05:00,02:55:00,0300
OMDB,UMMS,20:09:00,01:59:00,0340
UMMS,ZBAA,07:46:00,16:12:00,0360
ZBAA,UMMS,01:12:00,00:38:00,0360
UMMS,ZBAA,12:21:00,21:47:00,0320
ZBAA,UMMS,15:18:00,14:44:00,0360
UMMS,ZBAA,16:56:00,01:22:00,0340
ZBAA,UMMS,21:01:00,20:27:00,0340
UMMS,RJTT,03:46:00,13:41:00,0300
RJTT,UMMS,03:26:00,01:21:00,0300
UMMS,RJTT,13:16:00,23:11:00,0360
RJTT,UMMS,13:29:00,11:24:00,0300
UMMS,RJTT,17:25:00,03:20:00,0320
RJTT,UMMS,16:10:00,14:05:00,0320
UMMS,WMKK,00:46:00,14:12:00,0320
WMKK,UMMS,09:08:00,13:34:00,0320
UMMS,WMKK,20:40:00,10:06:00,0300
WMKK,UMMS,20:50:00,00:16:00,0360
UMMS,WSSS,00:24:00,14:58:00,0300
WSSS,UMMS,08:23:00,12:57:00,0360
UMMS,WSSS,20:10:00,10:44:00,0340
WSSS,UMMS,20:23:00,00:57:00,0320
UMMS,WIII,03:06:00,18:29:00,0360
WIII,UMMS,04:36:00,11:59:00,0340
UMMS,WIII,07:58:00,22:21:00,0360
WIII,UMMS,09:14:00,16:37:00,0360
UMMS,WIII,14:12:00,05:35:00,0320
WIII,UMMS,12:16:00,19:39:00,0340
UMMS,WIII,19:27:00,10:50:00,0340
WIII,UMMS,20:46:00,03:09:00,0340
UMMS,RPLL,02:15:00,14:59:00,0340
RPLL,UMMS,02:34:00,04:18:00,0340
UMMS,RPLL,15:16:00,03:00:00,0320
RPLL,UMMS,14:39:00,16:23:00,0300
UMMS,RPLL,20:44:00,08:28:00,0340
RPLL,UMMS,21:50:00,23:34:00,0300
LBSF,LKPR,01:40:00,03:05:00,0300
LKPR,LBSF,00:43:00,04:08:00,0320
LBSF,LKPR,15:59:00,17:24:00,0300
LKPR,LBSF,08:50:00,12:15:00,0360
LBSF,LKPR,18:59:00,20:24:00,0360
LKPR,LBSF,23:24:00,03:49:00,0320
LBSF,LDZA,01:49:00,02:38:00,0360
LDZA,LBSF,03:22:00,06:11:00,0300
LBSF,LDZA,11:21:00,12:10:00,0340
LDZA,LBSF,06:09:00,09:58:00,0300
LBSF,LDZA,17:37:00,18:26:00,0340
LDZA,LBSF,16:58:00,19:47:00,0320
LBSF,LDZA,20:32:00,21:21:00,0320
LDZA,LBSF,19:36:00,22:25:00,0360
LBSF,EKCH,11:31:00,14:35:00,0300
EKCH,LBSF,05:02:00,10:06:00,0300
LBSF,EKCH,12:19:00,15:23:00,0360
EKCH,LBSF,21:53:00,02:57:00,0360
LBSF,EHAM,03:44:00,06:00:00,0300
EHAM,LBSF,02:12:00,07:28:00,0360
LBSF,EHAM,11:34:00,14:50:00,0340
EHAM,LBSF,11:19:00,16:35:00,0320
LBSF,EHAM,13:22:00,16:38:00,0320
EHAM,LBSF,13:16:00,18:32:00,0300
LBSF,EHAM,19:31:00,22:47:00,0360
EHAM,LBSF,18:50:00,23:06:00,0360
LBSF,VIDP,02:42:00,12:04:00,0300
VIDP,LBSF,05:21:00,11:43:00,0300
LBSF,VIDP,06:48:00,16:10:00,0300
VIDP,LBSF,07:52:00,13:14:00,0340
LBSF,VIDP,12:37:00,22:59:00,0320
VIDP,LBSF,17:01:00,23:23:00,0340
LBSF,VIDP,19:54:00,05:16:00,0300
VIDP,LBSF,22:06:00,04:28:00,0300
LBSF,RKSI,05:44:00,14:06:00,0300
RKSI,LBSF,00:54:00,21:16:00,0300
LBSF,RKSI,11:05:00,20:27:00,0320
RKSI,LBSF,10:31:00,07:53:00,0320
LBSF,RKSI,23:31:00,08:53:00,0320
RKSI,LBSF,19:00:00,16:22:00,0300
LBSF,VTBS,00:24:00,10:45:00,0340
VTBS,LBSF,01:17:00,03:38:00,0340
LBSF,VTBS,11:06:00,21:27:00,0340
VTBS,LBSF,08:29:00,10:50:00,0320
LBSF,VTBS,19:12:00,05:33:00,0320
VTBS,LBSF,21:46:00,23:07:00,0300
LBSF,OMDB,06:25:00,13:48:00,0340
OMDB,LBSF,02:05:00,07:28:00,0300
LBSF,OMDB,11:13:00,18:36:00,0300
OMDB,LBSF,11:12:00,16:35:00,0300
LBSF,OMDB,18:16:00,01:39:00,0340
OMDB,LBSF,20:30:00,01:53:00,0360
LBSF,ZBAA,06:35:00,14:52:00,0300
ZBAA,LBSF,04:21:00,02:38:00,0300
LBSF,ZBAA,09:14:00,17:31:00,0340
ZBAA,LBSF,10:02:00,08:19:00,0300
LBSF,ZBAA,16:50:00,00:07:00,0340
ZBAA,LBSF,17:22:00,15:39:00,0300
LBSF,RJTT,05:21:00,14:49:00,0340
RJTT,LBSF,00:30:00,21:58:00,0320
LBSF,RJTT,09:38:00,18:06:00,0360
RJTT,LBSF,08:33:00,05:01:00,0300
LBSF,RJTT,16:27:00,01:55:00,0360
RJTT,LBSF,14:25:00,11:53:00,0320
LBSF,RJTT,18:53:00,03:21:00,0320
RJTT,LBSF,22:12:00,19:40:00,0360
LBSF,WMKK,05:49:00,17:38:00,0320
WMKK,LBSF,03:59:00,05:48:00,0300
LBSF,WMKK,08:25:00,20:14:00,0340
WMKK,LBSF,07:51:00,09:40:00,0360
LBSF,WMKK,13:27:00,01:16:00,0320
WMKK,LBSF,16:36:00,18:25:00,0360
LBSF,WMKK,19:44:00,07:33:00,0340
WMKK,LBSF,18:31:00,20:20:00,0340
LBSF,WSSS,03:47:00,15:44:00,0300
WSSS,LBSF,05:58:00,07:55:00,0340
LBSF,WSSS,14:46:00,02:43:00,0320
WSSS,LBSF,21:40:00,23:37:00,0340
LBSF,WIII,01:02:00,14:57:00,0300
WIII,LBSF,00:34:00,05:29:00,0340
LBSF,WIII,11:40:00,00:35:00,0340
WIII,LBSF,14:06:00,19:01:00,0300
LBSF,WIII,17:51:00,06:46:00,0320
WIII,LBSF,19:55:00,00:50:00,0360
LBSF,RPLL,00:19:00,11:27:00,0320
RPLL,LBSF,07:28:00,08:36:00,0300
LBSF,RPLL,13:57:00,00:05:00,0360
RPLL,LBSF,13:12:00,14:20:00,0340
LBSF,RPLL,18:39:00,05:47:00,0360
RPLL,LBSF,21:19:00,22:27:00,0300
LKPR,LDZA,08:04:00,10:47:00,0320
LDZA,LKPR,04:55:00,06:38:00,0320
LKPR,LDZA,17:59:00,19:42:00,0300
LDZA,LKPR,23:08:00,01:51:00,0320
LKPR,EKCH,01:48:00,03:31:00,0340
EKCH,LKPR,05:39:00,07:22:00,0320
LKPR,EKCH,09:06:00,11:49:00,0340
EKCH,LKPR,06:07:00,08:50:00,0300
LKPR,EKCH,16:06:00,18:49:00,0340
EKCH,LKPR,13:21:00,15:04:00,0320
LKPR,EKCH,18:18:00,20:01:00,0300
EKCH,LKPR,21:33:00,23:16:00,0320
LKPR,EHAM,01:55:00,03:50:00,0320
EHAM,LKPR,03:03:00,05:58:00,0320
LKPR,EHAM,07:36:00,09:31:00,0340
EHAM,LKPR,07:13:00,09:08:00,0340
LKPR,EHAM,16:44:00,18:39:00,0340
EHAM,LKPR,17:08:00,19:03:00,0340
LKPR,EHAM,20:16:00,22:11:00,0340
EHAM,LKPR,19:55:00,21:50:00,0360
LKPR,VIDP,01:20:00,13:35:00,0320
VIDP,LKPR,00:58:00,06:13:00,0340
LKPR,VIDP,10:01:00,22:16:00,0340
VIDP,LKPR,09:22:00,15:37:00,0340
LKPR,VIDP,17:01:00,05:16:00,0340
VIDP,LKPR,15:41:00,21:56:00,0320
LKPR,VIDP,20:03:00,08:18:00,0300
VIDP,LKPR,20:22:00,02:37:00,0320
LKPR,RKSI,01:25:00,11:14:00,0340
RKSI,LKPR,02:02:00,22:51:00,0340
LKPR,RKSI,09:04:00,19:53:00,0300
RKSI,LKPR,11:07:00,07:56:00,0320
LKPR,RKSI,12:43:00,22:32:00,0300
RKSI,LKPR,15:33:00,11:22:00,0340
LKPR,RKSI,21:26:00,07:15:00,0300
RKSI,LKPR,22:12:00,18:01:00,0340
LDZA,EKCH,04:06:00,07:32:00,0360
EKCH,LDZA,06:04:00,09:30:00,0340
LDZA,EKCH,08:30:00,11:56:00,0340
EKCH,LDZA,11:31:00,14:57:00,0360
LDZA,EKCH,16:00:00,19:26:00,0340
EKCH,LDZA,21:23:00,00:49:00,0300
LDZA,EHAM,00:05:00,03:33:00,0360
EHAM,LDZA,03:02:00,06:30:00,0340
LDZA,EHAM,11:51:00,14:19:00,0300
EHAM,LDZA,08:12:00,11:40:00,0320
LDZA,EHAM,19:08:00,22:36:00,0300
EHAM,LDZA,23:56:00,02:24:00,0340
LDZA,VIDP,03:25:00,15:29:00,0320
VIDP,LDZA,05:46:00,11:50:00,0360
LDZA,VIDP,13:27:00,01:31:00,0340
VIDP,LDZA,12:30:00,18:34:00,0360
LDZA,VIDP,21:33:00,09:37:00,0320
VIDP,LDZA,16:13:00,22:17:00,0340
LDZA,RKSI,03:42:00,13:53:00,0320
RKSI,LDZA,03:39:00,23:50:00,0320
LDZA,RKSI,11:55:00,21:06:00,0300
RKSI,LDZA,07:26:00,03:37:00,0300
LDZA,RKSI,15:52:00,01:03:00,0340
RKSI,LDZA,17:20:00,13:31:00,0300
LDZA,RKSI,20:59:00,06:10:00,0320
RKSI,LDZA,22:32:00,18:43:00,0340
LDZA,VTBS,02:46:00,13:18:00,0360
VTBS,LDZA,05:56:00,06:28:00,0320
LDZA,VTBS,06:45:00,17:17:00,0360
VTBS,LDZA,06:04:00,07:36:00,0300
LDZA,VTBS,13:30:00,00:02:00,0360
VTBS,LDZA,14:34:00,15:06:00,0300
LDZA,VTBS,20:51:00,07:23:00,0360
VTBS,LDZA,20:30:00,21:02:00,0360
LDZA,OMDB,03:16:00,12:28:00,0340
OMDB,LDZA,03:15:00,08:27:00,0300
LDZA,OMDB,08:52:00,17:04:00,0360
OMDB,LDZA,15:46:00,20:58:00,0360
LDZA,OMDB,22:35:00,07:47:00,0340
OMDB,LDZA,22:36:00,03:48:00,0320
LDZA,ZBAA,02:04:00,10:56:00,0300
ZBAA,LDZA,05:45:00,01:37:00,0300
LDZA,ZBAA,10:54:00,18:46:00,0300
ZBAA,LDZA,10:12:00,06:04:00,0340
LDZA,ZBAA,12:45:00,20:37:00,0360
ZBAA,LDZA,12:29:00,08:21:00,0360
LDZA,ZBAA,21:38:00,05:30:00,0320
ZBAA,LDZA,21:21:00,17:13:00,0360
LDZA,RJTT,05:08:00,15:34:00,0320
RJTT,LDZA,05:02:00,01:28:00,0320
LDZA,RJTT,10:47:00,20:13:00,0300
RJTT,LDZA,11:28:00,07:54:00,0360
LDZA,RJTT,13:46:00,23:12:00,0360
RJTT,LDZA,17:23:00,13:49:00,0320
LDZA,RJTT,23:31:00,09:57:00,0340
RJTT,LDZA,22:54:00,18:20:00,0300
LDZA,WMKK,04:59:00,18:02:00,0300
WMKK,LDZA,01:10:00,03:13:00,0300
LDZA,WMKK,06:26:00,20:29:00,0360
WMKK,LDZA,09:53:00,11:56:00,0360
LDZA,WMKK,17:33:00,07:36:00,0340
WMKK,LDZA,13:13:00,15:16:00,0340
LDZA,WMKK,21:37:00,11:40:00,0340
WMKK,LDZA,23:33:00,01:36:00,0360
LDZA,WSSS,05:06:00,19:18:00,0320
WSSS,LDZA,04:39:00,06:51:00,0300
LDZA,WSSS,11:43:00,01:55:00,0360
WSSS,LDZA,10:59:00,12:11:00,0340
LDZA,WSSS,17:25:00,07:37:00,0300
WSSS,LDZA,15:51:00,17:03:00,0360
LDZA,WSSS,21:27:00,11:39:00,0300
WSSS,LDZA,19:19:00,21:31:00,0360
LDZA,WIII,04:53:00,18:43:00,0360
WIII,LDZA,01:50:00,05:40:00,0320
LDZA,WIII,14:09:00,04:59:00,0360
WIII,LDZA,09:06:00,13:56:00,0360
LDZA,WIII,17:35:00,07:25:00,0300
WIII,LDZA,20:21:00,00:11:00,0320
LDZA,RPLL,03:18:00,15:39:00,0360
RPLL,LDZA,02:55:00,02:16:00,0340
LDZA,RPLL,12:24:00,00:45:00,0340
RPLL,LDZA,15:45:00,15:06:00,0360
LDZA,RPLL,17:55:00,05:16:00,0360
RPLL,LDZA,22:58:00,22:19:00,0340
EKCH,EHAM,00:03:00,02:50:00,0300
EHAM,EKCH,03:43:00,05:30:00,0300
EKCH,EHAM,08:00:00,10:47:00,0340
EHAM,EKCH,08:25:00,10:12:00,0340
EKCH,EHAM,14:57:00,16:44:00,0300
EHAM,EKCH,15:00:00,17:47:00,0300
EKCH,EHAM,21:32:00,23:19:00,0360
EHAM,EKCH,22:22:00,00:09:00,0300
EKCH,VIDP,02:27:00,14:53:00,0300
VIDP,EKCH,06:03:00,12:29:00,0300
EKCH,VIDP,10:46:00,22:12:00,0360
VIDP,EKCH,14:45:00,20:11:00,0360
EKCH,VIDP,19:32:00,07:58:00,0300
VIDP,EKCH,23:59:00,05:25:00,0340
EKCH,RKSI,04:40:00,15:11:00,0340
RKSI,EKCH,07:51:00,04:22:00,0360
EKCH,RKSI,12:06:00,23:37:00,0340
RKSI,EKCH,17:19:00,14:50:00,0300
EKCH,VTBS,02:16:00,14:08:00,0340
VTBS,EKCH,03:56:00,05:48:00,0300
EKCH,VTBS,15:08:00,03:00:00,0320
VTBS,EKCH,14:34:00,16:26:00,0300
EKCH,VTBS,16:34:00,04:26:00,0300
VTBS,EKCH,18:29:00,20:21:00,0360
VIDP,RKSI,03:19:00,16:56:00,0320
RKSI,VIDP,01:07:00,06:44:00,0340
VIDP,RKSI,08:27:00,21:04:00,0360
RKSI,VIDP,09:43:00,14:20:00,0340
VIDP,RKSI,23:44:00,12:21:00,0340
RKSI,VIDP,20:29:00,01:06:00,0300
VIDP,VTBS,00:06:00,12:01:00,0300
VTBS,VIDP,01:35:00,09:30:00,0300
VIDP,VTBS,08:42:00,20:37:00,0360
VTBS,VIDP,10:53:00,18:48:00,0300
VIDP,VTBS,16:02:00,04:57:00,0320
VTBS,VIDP,16:44:00,00:39:00,0340
VIDP,OMDB,00:29:00,03:15:00,0340
OMDB,VIDP,02:26:00,07:12:00,0340
VIDP,OMDB,07:16:00,10:02:00,0360
OMDB,VIDP,11:32:00,16:18:00,0360
VIDP,OMDB,17:44:00,20:30:00,0300
OMDB,VIDP,14:03:00,19:49:00,0360
VIDP,OMDB,18:01:00,21:47:00,0320
OMDB,VIDP,19:33:00,00:19:00,0320
VIDP,ZBAA,00:35:00,12:14:00,0320
ZBAA,VIDP,02:45:00,08:24:00,0340
VIDP,ZBAA,08:35:00,20:14:00,0360
ZBAA,VIDP,10:20:00,16:59:00,0300
VIDP,ZBAA,15:12:00,03:51:00,0300
ZBAA,VIDP,17:53:00,23:32:00,0340
VIDP,ZBAA,22:36:00,10:15:00,0360
ZBAA,VIDP,23:36:00,05:15:00,0340
VIDP,RJTT,01:33:00,14:07:00,0340
RJTT,VIDP,03:39:00,08:13:00,0340
RKSI,VTBS,00:09:00,03:31:00,0340
VTBS,RKSI,02:18:00,09:40:00,0340
RKSI,VTBS,11:54:00,14:16:00,0320
VTBS,RKSI,10:48:00,17:10:00,0360
RKSI,VTBS,15:18:00,18:40:00,0360
VTBS,RKSI,15:17:00,22:39:00,0360
RKSI,VTBS,19:44:00,22:06:00,0360
VTBS,RKSI,19:41:00,02:03:00,0300
RKSI,OMDB,05:52:00,07:14:00,0300
OMDB,RKSI,04:28:00,16:50:00,0360
RKSI,OMDB,07:55:00,09:17:00,0300
OMDB,RKSI,11:56:00,23:18:00,0300
RKSI,OMDB,12:49:00,14:11:00,0300
OMDB,RKSI,14:16:00,02:38:00,0300
RKSI,OMDB,22:26:00,00:48:00,0340
OMDB,RKSI,19:25:00,07:47:00,0360
RKSI,ZBAA,04:24:00,05:50:00,0320
ZBAA,RKSI,02:57:00,05:23:00,0340
RKSI,ZBAA,06:23:00,07:49:00,0360
ZBAA,RKSI,08:25:00,11:51:00,0340
RKSI,ZBAA,12:09:00,13:35:00,0340
ZBAA,RKSI,17:30:00,20:56:00,0300
RKSI,ZBAA,23:24:00,00:50:00,0320
ZBAA,RKSI,19:49:00,22:15:00,0360
VTBS,OMDB,02:32:00,07:41:00,0320
OMDB,VTBS,02:59:00,13:08:00,0360
VTBS,OMDB,07:50:00,12:59:00,0300
OMDB,VTBS,07:19:00,18:28:00,0360
VTBS,OMDB,12:40:00,17:49:00,0300
OMDB,VTBS,17:58:00,04:07:00,0300
VTBS,OMDB,20:44:00,01:53:00,0340
OMDB,VTBS,19:45:00,06:54:00,0340
VTBS,ZBAA,04:35:00,10:21:00,0300
ZBAA,VTBS,04:26:00,08:12:00,0360
VTBS,ZBAA,21:22:00,03:08:00,0320
ZBAA,VTBS,17:56:00,21:42:00,0320
VTBS,RJTT,00:38:00,07:44:00,0340
RJTT,VTBS,01:44:00,04:50:00,0360
VTBS,RJTT,10:48:00,17:54:00,0340
RJTT,VTBS,06:58:00,09:04:00,0340
VTBS,RJTT,13:39:00,20:45:00,0340
RJTT,VTBS,13:24:00,16:30:00,0320
VTBS,RJTT,21:58:00,04:04:00,0360
RJTT,VTBS,21:58:00,00:04:00,0320
OMDB,ZBAA,04:26:00,15:58:00,0300
ZBAA,OMDB,03:24:00,06:56:00,0300
OMDB,ZBAA,09:27:00,20:59:00,0340
ZBAA,OMDB,08:06:00,11:38:00,0320
OMDB,ZBAA,16:20:00,03:52:00,0340
ZBAA,OMDB,17:13:00,20:45:00,0300
OMDB,ZBAA,19:19:00,06:51:00,0300
ZBAA,OMDB,22:28:00,01:00:00,0340
OMDB,RJTT,11:52:00,23:06:00,0320
RJTT,OMDB,02:32:00,04:46:00,0340
OMDB,RJTT,22:51:00,10:05:00,0360
RJTT,OMDB,15:50:00,17:04:00,0300
OMDB,WMKK,00:45:00,12:36:00,0360
WMKK,OMDB,07:34:00,11:25:00,0320
OMDB,WMKK,13:02:00,01:53:00,0360
WMKK,OMDB,08:13:00,12:04:00,0360
OMDB,WMKK,21:28:00,09:19:00,0340
WMKK,OMDB,21:06:00,01:57:00,0320
OMDB,WSSS,01:19:00,13:15:00,0300
WSSS,OMDB,01:06:00,05:02:00,0360
OMDB,WSSS,14:33:00,02:29:00,0360
WSSS,OMDB,08:17:00,12:13:00,0300
OMDB,WSSS,21:10:00,09:06:00,0320
WSSS,OMDB,17:05:00,21:01:00,0340
OMDB,WIII,06:32:00,20:22:00,0320
WIII,OMDB,06:59:00,14:49:00,0320
OMDB,WIII,13:37:00,03:27:00,0320
WIII,OMDB,09:20:00,17:10:00,0320
OMDB,WIII,23:22:00,13:12:00,0300
WIII,OMDB,16:54:00,00:44:00,0340
OMDB,RPLL,06:13:00,17:03:00,0360
RPLL,OMDB,09:52:00,12:42:00,0320
OMDB,RPLL,21:44:00,08:34:00,0320
RPLL,OMDB,15:46:00,18:36:00,0360
ZBAA,RJTT,11:48:00,14:32:00,0300
RJTT,ZBAA,02:10:00,03:54:00,0360
ZBAA,RJTT,16:55:00,19:39:00,0300
RJTT,ZBAA,18:32:00,19:16:00,0340
ZBAA,WMKK,04:59:00,11:18:00,0360
WMKK,ZBAA,06:23:00,13:42:00,0360
ZBAA,WMKK,13:30:00,20:49:00,0300
WMKK,ZBAA,15:22:00,22:41:00,0320
ZBAA,WMKK,22:35:00,05:54:00,0300
WMKK,ZBAA,22:03:00,05:22:00,0340
ZBAA,WSSS,05:48:00,12:15:00,0320
WSSS,ZBAA,06:40:00,13:07:00,0320
ZBAA,WSSS,12:45:00,19:12:00,0320
WSSS,ZBAA,10:57:00,17:24:00,0320
ZBAA,WSSS,18:13:00,01:40:00,0320
WSSS,ZBAA,16:13:00,23:40:00,0300
ZBAA,WIII,01:29:00,08:27:00,0320
WIII,ZBAA,00:41:00,09:39:00,0360
ZBAA,WIII,10:03:00,17:01:00,0320
WIII,ZBAA,11:51:00,20:49:00,0340
ZBAA,WIII,14:10:00,21:08:00,0320
WIII,ZBAA,15:00:00,00:58:00,0360
ZBAA,WIII,22:27:00,05:25:00,0340
WIII,ZBAA,23:40:00,08:38:00,0340
ZBAA,RPLL,07:40:00,12:18:00,0320
RPLL,ZBAA,06:38:00,11:16:00,0360
ZBAA,RPLL,13:38:00,18:16:00,0360
RPLL,ZBAA,12:10:00,17:48:00,0300
ZBAA,RPLL,19:28:00,00:06:00,0340
RPLL,ZBAA,19:06:00,00:44:00,0360
RJTT,WMKK,01:01:00,06:39:00,0340
WMKK,RJTT,01:25:00,08:03:00,0340
RJTT,WMKK,06:34:00,11:12:00,0320
WMKK,RJTT,07:21:00,14:59:00,0300
RJTT,WMKK,14:15:00,19:53:00,0340
WMKK,RJTT,14:38:00,21:16:00,0300
RJTT,WMKK,19:13:00,00:51:00,0360
WMKK,RJTT,22:33:00,05:11:00,0320
RJTT,WSSS,02:16:00,07:02:00,0320
WSSS,RJTT,05:30:00,12:16:00,0300
RJTT,WSSS,17:39:00,22:25:00,0320
WSSS,RJTT,23:33:00,06:19:00,0360
RJTT,WIII,01:13:00,07:42:00,0320
WIII,RJTT,03:16:00,13:45:00,0360
RJTT,WIII,12:02:00,18:31:00,0300
WIII,RJTT,11:00:00,21:29:00,0300
RJTT,WIII,18:19:00,00:48:00,0320
WIII,RJTT,21:20:00,07:49:00,0360
RJTT,RPLL,03:29:00,06:25:00,0360
RPLL,RJTT,03:59:00,08:55:00,0360
RJTT,RPLL,11:45:00,14:41:00,0300
RPLL,RJTT,14:21:00,19:17:00,0360
RJTT,RPLL,21:35:00,00:31:00,0320
RPLL,RJTT,16:55:00,21:51:00,0340
WMKK,WSSS,01:12:00,03:20:00,0320
WSSS,WMKK,00:44:00,02:52:00,0300
WMKK,WSSS,09:28:00,11:36:00,0340
WSSS,WMKK,08:43:00,10:51:00,0300
WMKK,WSSS,13:54:00,15:02:00,0340
WSSS,WMKK,16:18:00,18:26:00,0300
WMKK,WSSS,20:51:00,22:59:00,0300
WSSS,WMKK,19:57:00,21:05:00,0340
WMKK,WIII,02:10:00,06:10:00,0300
WIII,WMKK,02:32:00,08:32:00,0300
WMKK,WIII,09:44:00,13:44:00,0340
WIII,WMKK,08:31:00,14:31:00,0300
WMKK,WIII,16:06:00,20:06:00,0300
WIII,WMKK,14:26:00,20:26:00,0300
WMKK,WIII,22:25:00,02:25:00,0340
WIII,WMKK,20:07:00,02:07:00,0360
WMKK,RPLL,03:16:00,06:58:00,0340
RPLL,WMKK,06:17:00,09:59:00,0340
WMKK,RPLL,14:05:00,17:47:00,0340
RPLL,WMKK,13:08:00,16:50:00,0340
WMKK,RPLL,19:09:00,22:51:00,0300
RPLL,WMKK,16:43:00,19:25:00,0340
WSSS,WIII,05:21:00,08:18:00,0340
WIII,WSSS,07:35:00,12:32:00,0340
WSSS,WIII,11:22:00,14:19:00,0360
WIII,WSSS,08:20:00,13:17:00,0320
WSSS,WIII,16:20:00,19:17:00,0320
WIII,WSSS,16:24:00,21:21:00,0360
WSSS,RPLL,05:51:00,08:41:00,0300
RPLL,WSSS,04:14:00,07:04:00,0340
WSSS,RPLL,19:51:00,22:41:00,0360
RPLL,WSSS,22:24:00,01:14:00,0360
WIII,RPLL,04:07:00,11:15:00,0340
RPLL,WIII,05:14:00,10:22:00,0300
WIII,RPLL,06:12:00,13:20:00,0320
RPLL,WIII,10:42:00,15:50:00,0320
WIII,RPLL,15:55:00,22:03:00,0320
RPLL,WIII,17:25:00,22:33:00,0300
WIII,RPLL,23:27:00,06:35:00,0300
RPLL,WIII,18:30:00,23:38:00,0340
