EBCI,SVMI,08:02:00,05:45:00,315
EBCI,SVMI,02:15:00,06:52:00,107
EBCI,SKBO,18:43:00,20:13:00,328
EBCI,SKBO,14:18:00,18:59:00,108
EBCI,ZBAA,14:01:00,20:27:00,184
EBCI,ZBAA,05:09:00,16:15:00,325
EBCI,VTBS,03:10:00,19:30:00,175
EBCI,VTBS,21:08:00,14:24:00,476
EBCI,SABE,04:44:00,23:27:00,499
EBCI,SABE,07:43:00,03:34:00,175
EBCI,VIDP,07:24:00,00:25:00,497
EBCI,VIDP,12:37:00,08:20:00,169
EBCI,SUAA,01:02:00,19:36:00,338
EBCI,SUAA,15:34:00,13:32:00,299
EBCI,EKCH,14:52:00,18:58:00,151
EBCI,EKCH,12:08:00,13:50:00,442
EBCI,EDDI,00:11:00,04:36:00,299
EBCI,EDDI,22:01:00,07:28:00,182
EBCI,SCEL,03:47:00,01:03:00,418
EBCI,SCEL,10:58:00,06:37:00,345
EBCI,LDZA,13:59:00,19:37:00,392
EBCI,LDZA,15:44:00,17:16:00,442
EBCI,SEQM,12:13:00,14:27:00,421
EBCI,SEQM,14:02:00,09:14:00,405
EBCI,WIII,07:52:00,01:19:00,384
EBCI,WIII,22:27:00,10:55:00,306
EBCI,LBSF,19:09:00,22:15:00,179
EBCI,LBSF,08:25:00,17:32:00,265
EBCI,LKPR,16:54:00,01:07:00,134
EBCI,LKPR,19:42:00,05:37:00,411
EBCI,WMKK,22:29:00,07:46:00,429
EBCI,WMKK,08:44:00,21:37:00,164
EBCI,WSSS,09:31:00,02:58:00,279
EBCI,WSSS,01:34:00,17:26:00,305
EBCI,RKSI,01:42:00,16:18:00,417
EBCI,RKSI,07:05:00,16:53:00,435
EBCI,SBBR,02:22:00,06:44:00,373
EBCI,SBBR,06:33:00,03:02:00,300
EBCI,SGAS,04:40:00,02:59:00,409
EBCI,SGAS,06:11:00,06:37:00,231
EBCI,OMDB,14:46:00,10:58:00,348
EBCI,OMDB,01:54:00,17:46:00,413
EBCI,UMMS,00:06:00,04:25:00,185
EBCI,UMMS,11:53:00,11:59:00,455
EBCI,SPIM,03:49:00,10:22:00,499
EBCI,SPIM,11:08:00,15:27:00,490
EBCI,LATI,11:02:00,15:13:00,226
EBCI,LATI,03:02:00,05:26:00,331
EBCI,RPLL,23:41:00,09:42:00,444
EBCI,RPLL,11:48:00,19:28:00,493
EBCI,SLLP,03:16:00,06:13:00,148
EBCI,SLLP,01:04:00,23:49:00,103
EBCI,EHAM,23:03:00,07:53:00,228
EBCI,EHAM,02:59:00,09:26:00,483
EBCI,RJTT,16:33:00,06:55:00,141
EBCI,RJTT,01:36:00,13:57:00,215
EBCI,LOWW,18:07:00,01:22:00,324
EBCI,LOWW,23:38:00,02:23:00,368
SVMI,EBCI,03:08:00,11:34:00,310
SVMI,EBCI,09:26:00,21:11:00,242
SVMI,SKBO,19:25:00,00:09:00,148
SVMI,SKBO,16:49:00,20:19:00,246
SVMI,ZBAA,04:57:00,07:42:00,428
SVMI,ZBAA,12:03:00,13:41:00,446
SVMI,VTBS,20:35:00,06:23:00,367
SVMI,VTBS,06:39:00,13:01:00,222
SVMI,SABE,16:10:00,02:42:00,202
SVMI,SABE,20:02:00,23:06:00,494
SVMI,VIDP,06:11:00,20:11:00,462
SVMI,VIDP,03:59:00,14:15:00,339
SVMI,SUAA,23:07:00,08:27:00,342
SVMI,SUAA,19:05:00,23:50:00,427
SVMI,EKCH,14:52:00,05:32:00,107
SVMI,EKCH,10:25:00,00:18:00,477
SVMI,EDDI,04:45:00,13:55:00,375
SVMI,EDDI,06:52:00,13:56:00,111
SVMI,SCEL,19:33:00,05:55:00,384
SVMI,SCEL,02:24:00,04:25:00,371
SVMI,LDZA,07:22:00,18:55:00,338
SVMI,LDZA,15:11:00,06:09:00,462
SVMI,SEQM,10:05:00,17:29:00,105
SVMI,SEQM,09:48:00,17:48:00,463
SVMI,WIII,13:56:00,00:07:00,445
SVMI,WIII,13:26:00,18:17:00,214
SVMI,LBSF,19:34:00,02:59:00,388
SVMI,LBSF,09:33:00,20:13:00,130
SVMI,LKPR,16:21:00,06:42:00,379
SVMI,LKPR,02:14:00,14:19:00,499
SVMI,WMKK,05:01:00,12:37:00,471
SVMI,WMKK,17:02:00,04:19:00,290
SVMI,WSSS,18:00:00,01:02:00,319
SVMI,WSSS,00:57:00,08:36:00,316
SVMI,RKSI,04:31:00,05:21:00,234
SVMI,RKSI,11:32:00,22:17:00,110
SVMI,SBBR,11:46:00,20:19:00,489
SVMI,SBBR,08:03:00,09:04:00,190
SVMI,SGAS,20:32:00,04:44:00,408
SVMI,SGAS,13:43:00,18:10:00,396
SVMI,OMDB,18:39:00,23:28:00,326
SVMI,OMDB,08:27:00,12:50:00,198
SVMI,UMMS,15:25:00,21:20:00,152
SVMI,UMMS,06:51:00,14:58:00,142
SVMI,SPIM,00:44:00,02:23:00,192
SVMI,SPIM,09:16:00,20:22:00,409
SVMI,LATI,16:15:00,02:12:00,479
SVMI,LATI,22:00:00,08:11:00,161
SVMI,RPLL,01:10:00,02:16:00,142
SVMI,RPLL,02:48:00,05:00:00,493
SVMI,SLLP,11:30:00,11:47:00,401
SVMI,SLLP,02:28:00,14:00:00,238
SVMI,EHAM,06:33:00,23:35:00,433
SVMI,EHAM,12:59:00,04:48:00,282
SVMI,RJTT,12:43:00,14:31:00,450
SVMI,RJTT,02:25:00,02:07:00,312
SVMI,LOWW,13:03:00,19:14:00,198
SVMI,LOWW,10:50:00,18:10:00,265
SKBO,EBCI,04:44:00,16:08:00,100
SKBO,EBCI,01:43:00,13:59:00,388
SKBO,SVMI,16:48:00,00:56:00,387
SKBO,SVMI,04:00:00,10:38:00,455
SKBO,ZBAA,12:10:00,20:26:00,127
SKBO,ZBAA,09:49:00,19:27:00,103
SKBO,VTBS,19:39:00,07:11:00,213
SKBO,VTBS,09:19:00,18:23:00,464
SKBO,SABE,16:17:00,00:19:00,301
SKBO,SABE,16:44:00,19:15:00,103
SKBO,VIDP,06:56:00,11:39:00,496
SKBO,VIDP,07:47:00,18:50:00,230
SKBO,SUAA,13:28:00,12:07:00,121
SKBO,SUAA,18:18:00,01:34:00,229
SKBO,EKCH,04:57:00,14:20:00,326
SKBO,EKCH,16:35:00,23:20:00,152
SKBO,EDDI,22:27:00,04:16:00,327
SKBO,EDDI,20:20:00,05:09:00,464
SKBO,SCEL,20:38:00,19:53:00,323
SKBO,SCEL,10:53:00,20:34:00,162
SKBO,LDZA,01:50:00,10:07:00,229
SKBO,LDZA,02:03:00,16:25:00,494
SKBO,SEQM,11:01:00,13:27:00,114
SKBO,SEQM,18:04:00,20:22:00,370
SKBO,WIII,16:08:00,03:28:00,138
SKBO,WIII,05:09:00,11:32:00,429
SKBO,LBSF,20:50:00,10:16:00,385
SKBO,LBSF,21:38:00,13:03:00,103
SKBO,LKPR,02:46:00,11:55:00,398
SKBO,LKPR,04:11:00,15:53:00,120
SKBO,WMKK,06:13:00,08:50:00,373
SKBO,WMKK,21:44:00,03:17:00,407
SKBO,WSSS,08:43:00,12:40:00,180
SKBO,WSSS,06:25:00,08:36:00,387
SKBO,RKSI,20:54:00,23:46:00,339
SKBO,RKSI,13:17:00,16:10:00,191
SKBO,SBBR,19:49:00,01:39:00,479
SKBO,SBBR,09:33:00,10:29:00,367
SKBO,SGAS,18:26:00,17:40:00,437
SKBO,SGAS,17:34:00,22:35:00,254
SKBO,OMDB,03:49:00,10:30:00,349
SKBO,OMDB,02:29:00,10:21:00,144
SKBO,UMMS,11:22:00,21:35:00,420
SKBO,UMMS,04:13:00,15:06:00,114
SKBO,SPIM,12:43:00,12:51:00,185
SKBO,SPIM,17:32:00,22:35:00,418
SKBO,LATI,01:28:00,15:24:00,455
SKBO,LATI,14:59:00,06:56:00,446
SKBO,RPLL,18:37:00,22:42:00,383
SKBO,RPLL,16:19:00,20:40:00,282
SKBO,SLLP,05:22:00,11:08:00,453
SKBO,SLLP,10:39:00,16:26:00,149
SKBO,EHAM,12:31:00,04:39:00,380
SKBO,EHAM,00:46:00,15:14:00,441
SKBO,RJTT,22:45:00,05:41:00,182
SKBO,RJTT,02:44:00,10:47:00,163
SKBO,LOWW,13:32:00,01:19:00,329
SKBO,LOWW,16:34:00,04:30:00,309
ZBAA,EBCI,21:54:00,03:08:00,105
ZBAA,EBCI,00:07:00,02:39:00,104
ZBAA,SVMI,23:07:00,10:10:00,239
ZBAA,SVMI,02:19:00,10:26:00,183
ZBAA,SKBO,20:30:00,02:08:00,280
ZBAA,SKBO,17:42:00,20:26:00,184
ZBAA,VTBS,01:56:00,04:53:00,126
ZBAA,VTBS,11:50:00,16:20:00,196
ZBAA,SABE,07:36:00,15:51:00,118
ZBAA,SABE,15:38:00,18:32:00,279
ZBAA,VIDP,07:47:00,10:47:00,172
ZBAA,VIDP,07:44:00,22:15:00,157
ZBAA,SUAA,04:58:00,15:06:00,113
ZBAA,SUAA,19:57:00,06:51:00,263
ZBAA,EKCH,01:41:00,23:37:00,205
ZBAA,EKCH,22:22:00,00:44:00,299
ZBAA,EDDI,14:44:00,14:21:00,262
ZBAA,EDDI,13:31:00,08:49:00,449
ZBAA,SCEL,04:35:00,07:53:00,313
ZBAA,SCEL,15:57:00,17:45:00,288
ZBAA,LDZA,06:52:00,08:14:00,334
ZBAA,LDZA,17:45:00,15:58:00,104
ZBAA,SEQM,06:39:00,14:48:00,470
ZBAA,SEQM,23:39:00,04:33:00,286
ZBAA,WIII,01:03:00,09:47:00,376
ZBAA,WIII,15:04:00,01:08:00,220
ZBAA,LBSF,06:11:00,00:21:00,270
ZBAA,LBSF,06:49:00,05:31:00,172
ZBAA,LKPR,20:00:00,20:19:00,217
ZBAA,LKPR,15:53:00,18:43:00,484
ZBAA,WMKK,08:05:00,12:41:00,184
ZBAA,WMKK,14:08:00,17:38:00,120
ZBAA,WSSS,13:40:00,16:47:00,165
ZBAA,WSSS,15:39:00,01:44:00,112
ZBAA,RKSI,15:54:00,20:25:00,191
ZBAA,RKSI,08:31:00,18:04:00,468
ZBAA,SBBR,04:38:00,09:32:00,158
ZBAA,SBBR,11:30:00,13:46:00,405
ZBAA,SGAS,11:16:00,20:05:00,274
ZBAA,SGAS,21:50:00,07:43:00,228
ZBAA,OMDB,15:09:00,02:21:00,418
ZBAA,OMDB,15:27:00,23:18:00,160
ZBAA,UMMS,03:56:00,21:27:00,277
ZBAA,UMMS,06:41:00,01:35:00,265
ZBAA,SPIM,21:45:00,04:17:00,148
ZBAA,SPIM,19:17:00,04:36:00,132
ZBAA,LATI,05:24:00,02:05:00,348
ZBAA,LATI,08:19:00,06:55:00,410
ZBAA,RPLL,17:06:00,19:16:00,497
ZBAA,RPLL,20:14:00,07:06:00,304
ZBAA,SLLP,01:01:00,01:49:00,131
ZBAA,SLLP,23:10:00,01:25:00,107
ZBAA,EHAM,14:45:00,17:26:00,347
ZBAA,EHAM,19:11:00,16:33:00,172
ZBAA,RJTT,21:33:00,21:58:00,340
ZBAA,RJTT,05:21:00,07:56:00,263
ZBAA,LOWW,02:37:00,04:47:00,378
ZBAA,LOWW,20:22:00,22:01:00,255
VTBS,EBCI,01:09:00,02:38:00,300
VTBS,EBCI,07:48:00,08:04:00,313
VTBS,SVMI,12:01:00,19:09:00,463
VTBS,SVMI,20:58:00,00:16:00,477
VTBS,SKBO,11:31:00,13:33:00,436
VTBS,SKBO,20:46:00,04:32:00,119
VTBS,ZBAA,16:28:00,22:43:00,139
VTBS,ZBAA,00:58:00,07:09:00,106
VTBS,SABE,22:18:00,04:44:00,175
VTBS,SABE,19:48:00,23:45:00,101
VTBS,VIDP,10:29:00,12:36:00,136
VTBS,VIDP,05:55:00,11:12:00,126
VTBS,SUAA,12:26:00,17:03:00,132
VTBS,SUAA,15:22:00,00:19:00,238
VTBS,EKCH,07:50:00,11:59:00,242
VTBS,EKCH,10:04:00,14:47:00,306
VTBS,EDDI,19:43:00,23:34:00,294
VTBS,EDDI,17:15:00,12:09:00,322
VTBS,SCEL,08:00:00,15:42:00,389
VTBS,SCEL,22:19:00,21:17:00,123
VTBS,LDZA,20:22:00,23:09:00,347
VTBS,LDZA,03:34:00,04:35:00,112
VTBS,SEQM,17:22:00,23:46:00,227
VTBS,SEQM,14:58:00,20:24:00,388
VTBS,WIII,08:36:00,16:45:00,170
VTBS,WIII,12:41:00,14:18:00,482
VTBS,LBSF,22:26:00,20:23:00,275
VTBS,LBSF,16:37:00,14:50:00,112
VTBS,LKPR,12:55:00,17:24:00,403
VTBS,LKPR,05:32:00,01:40:00,390
VTBS,WMKK,22:49:00,22:21:00,432
VTBS,WMKK,21:30:00,00:24:00,243
VTBS,WSSS,03:07:00,05:31:00,178
VTBS,WSSS,07:28:00,12:11:00,219
VTBS,RKSI,00:55:00,10:39:00,355
VTBS,RKSI,22:11:00,05:32:00,297
VTBS,SBBR,03:46:00,11:56:00,312
VTBS,SBBR,06:02:00,12:44:00,349
VTBS,SGAS,02:27:00,13:22:00,439
VTBS,SGAS,13:40:00,21:43:00,415
VTBS,OMDB,00:48:00,05:30:00,427
VTBS,OMDB,13:23:00,01:13:00,220
VTBS,UMMS,09:38:00,01:49:00,271
VTBS,UMMS,06:34:00,00:48:00,175
VTBS,SPIM,22:14:00,04:46:00,103
VTBS,SPIM,07:46:00,10:43:00,380
VTBS,LATI,11:42:00,08:52:00,365
VTBS,LATI,02:24:00,01:00:00,291
VTBS,RPLL,12:57:00,19:35:00,300
VTBS,RPLL,07:12:00,16:50:00,122
VTBS,SLLP,10:27:00,21:00:00,376
VTBS,SLLP,00:00:00,10:57:00,257
VTBS,EHAM,02:55:00,07:52:00,211
VTBS,EHAM,20:20:00,21:38:00,314
VTBS,RJTT,10:29:00,16:48:00,254
VTBS,RJTT,16:42:00,21:09:00,156
VTBS,LOWW,11:34:00,08:46:00,412
VTBS,LOWW,20:43:00,15:03:00,284
SABE,EBCI,18:41:00,12:37:00,313
SABE,EBCI,20:01:00,12:35:00,482
SABE,SVMI,15:06:00,22:31:00,489
SABE,SVMI,20:21:00,05:00:00,321
SABE,SKBO,07:38:00,14:09:00,256
SABE,SKBO,13:44:00,22:55:00,127
SABE,ZBAA,15:42:00,04:01:00,442
SABE,ZBAA,10:23:00,21:25:00,422
SABE,VTBS,12:16:00,15:50:00,247
SABE,VTBS,00:45:00,11:16:00,228
SABE,VIDP,12:58:00,21:42:00,348
SABE,VIDP,07:20:00,23:07:00,431
SABE,SUAA,23:56:00,01:36:00,305
SABE,SUAA,03:36:00,06:20:00,120
SABE,EKCH,02:40:00,11:11:00,382
SABE,EKCH,12:22:00,22:51:00,472
SABE,EDDI,22:59:00,16:08:00,203
SABE,EDDI,16:29:00,02:47:00,378
SABE,SCEL,07:48:00,12:14:00,262
SABE,SCEL,07:01:00,12:51:00,102
SABE,LDZA,15:49:00,02:14:00,268
SABE,LDZA,04:09:00,11:16:00,455
SABE,SEQM,17:22:00,19:41:00,188
SABE,SEQM,17:23:00,01:19:00,291
SABE,WIII,14:50:00,04:38:00,220
SABE,WIII,03:31:00,08:17:00,221
SABE,LBSF,11:43:00,02:57:00,294
SABE,LBSF,15:31:00,05:20:00,353
SABE,LKPR,16:49:00,05:18:00,236
SABE,LKPR,12:48:00,21:36:00,142
SABE,WMKK,08:28:00,14:21:00,107
SABE,WMKK,19:29:00,01:12:00,121
SABE,WSSS,05:25:00,08:09:00,379
SABE,WSSS,04:21:00,07:14:00,349
SABE,RKSI,17:16:00,22:58:00,302
SABE,RKSI,22:52:00,04:41:00,406
SABE,SBBR,03:05:00,06:44:00,477
SABE,SBBR,10:52:00,13:33:00,104
SABE,SGAS,18:21:00,05:12:00,381
SABE,SGAS,12:46:00,17:32:00,251
SABE,OMDB,21:30:00,10:39:00,148
SABE,OMDB,06:23:00,20:10:00,439
SABE,UMMS,02:27:00,15:48:00,481
SABE,UMMS,20:45:00,07:07:00,327
SABE,SPIM,03:40:00,09:05:00,353
SABE,SPIM,06:47:00,17:20:00,327
SABE,LATI,07:37:00,16:39:00,320
SABE,LATI,18:26:00,12:07:00,128
SABE,RPLL,12:02:00,17:45:00,424
SABE,RPLL,23:54:00,11:54:00,366
SABE,SLLP,01:52:00,12:08:00,398
SABE,SLLP,19:44:00,22:56:00,205
SABE,EHAM,07:08:00,14:16:00,313
SABE,EHAM,11:29:00,22:34:00,256
SABE,RJTT,14:37:00,02:31:00,125
SABE,RJTT,04:27:00,08:57:00,278
SABE,LOWW,08:21:00,20:32:00,128
SABE,LOWW,13:25:00,06:10:00,135
VIDP,EBCI,19:18:00,13:10:00,103
VIDP,EBCI,15:31:00,13:32:00,107
VIDP,SVMI,15:57:00,14:55:00,152
VIDP,SVMI,15:54:00,22:57:00,340
VIDP,SKBO,11:42:00,13:02:00,188
VIDP,SKBO,03:25:00,11:09:00,465
VIDP,ZBAA,19:25:00,03:29:00,489
VIDP,ZBAA,12:36:00,16:32:00,378
VIDP,VTBS,16:43:00,16:38:00,247
VIDP,VTBS,14:32:00,23:48:00,179
VIDP,SABE,12:53:00,14:55:00,220
VIDP,SABE,06:41:00,10:46:00,478
VIDP,SUAA,23:09:00,02:47:00,214
VIDP,SUAA,02:57:00,06:49:00,460
VIDP,EKCH,07:58:00,10:07:00,207
VIDP,EKCH,05:37:00,22:53:00,396
VIDP,EDDI,08:17:00,11:12:00,495
VIDP,EDDI,17:44:00,11:33:00,385
VIDP,SCEL,02:30:00,04:27:00,356
VIDP,SCEL,02:57:00,09:05:00,394
VIDP,LDZA,04:00:00,20:10:00,447
VIDP,LDZA,21:08:00,15:00:00,456
VIDP,SEQM,16:01:00,17:30:00,302
VIDP,SEQM,23:41:00,23:16:00,423
VIDP,WIII,16:42:00,00:20:00,404
VIDP,WIII,16:58:00,01:31:00,246
VIDP,LBSF,08:58:00,01:39:00,376
VIDP,LBSF,05:21:00,03:35:00,470
VIDP,LKPR,15:59:00,08:05:00,325
VIDP,LKPR,13:02:00,09:43:00,385
VIDP,WMKK,14:55:00,14:26:00,342
VIDP,WMKK,18:21:00,22:31:00,198
VIDP,WSSS,13:33:00,14:21:00,368
VIDP,WSSS,01:51:00,09:01:00,456
VIDP,RKSI,19:10:00,23:17:00,484
VIDP,RKSI,05:41:00,07:07:00,265
VIDP,SBBR,22:23:00,06:12:00,423
VIDP,SBBR,17:41:00,17:58:00,303
VIDP,SGAS,09:46:00,16:33:00,230
VIDP,SGAS,14:51:00,15:34:00,125
VIDP,OMDB,22:38:00,09:18:00,154
VIDP,OMDB,01:41:00,09:16:00,306
VIDP,UMMS,16:46:00,12:26:00,355
VIDP,UMMS,22:45:00,21:24:00,281
VIDP,SPIM,18:46:00,19:40:00,270
VIDP,SPIM,14:45:00,19:43:00,149
VIDP,LATI,05:16:00,02:42:00,238
VIDP,LATI,16:39:00,14:29:00,125
VIDP,RPLL,20:29:00,23:12:00,433
VIDP,RPLL,17:30:00,02:19:00,209
VIDP,SLLP,09:38:00,12:10:00,130
VIDP,SLLP,19:06:00,19:27:00,123
VIDP,EHAM,20:24:00,14:14:00,299
VIDP,EHAM,16:34:00,18:27:00,189
VIDP,RJTT,05:42:00,01:45:00,334
VIDP,RJTT,21:52:00,20:21:00,382
VIDP,LOWW,02:07:00,19:32:00,320
VIDP,LOWW,18:16:00,19:10:00,359
SUAA,EBCI,20:24:00,15:07:00,369
SUAA,EBCI,13:44:00,03:20:00,316
SUAA,SVMI,09:16:00,17:08:00,405
SUAA,SVMI,22:51:00,03:37:00,463
SUAA,SKBO,01:50:00,04:21:00,236
SUAA,SKBO,13:23:00,20:26:00,382
SUAA,ZBAA,22:59:00,07:52:00,406
SUAA,ZBAA,09:32:00,19:18:00,166
SUAA,VTBS,01:03:00,04:18:00,251
SUAA,VTBS,01:08:00,14:42:00,102
SUAA,SABE,15:32:00,18:27:00,144
SUAA,SABE,18:15:00,20:21:00,134
SUAA,VIDP,03:36:00,18:21:00,289
SUAA,VIDP,09:40:00,23:32:00,327
SUAA,EKCH,08:49:00,17:07:00,343
SUAA,EKCH,11:40:00,01:11:00,113
SUAA,EDDI,10:21:00,18:18:00,248
SUAA,EDDI,22:02:00,05:15:00,486
SUAA,SCEL,15:20:00,21:49:00,287
SUAA,SCEL,06:12:00,11:03:00,266
SUAA,LDZA,03:36:00,16:00:00,343
SUAA,LDZA,20:38:00,07:26:00,360
SUAA,SEQM,16:10:00,02:58:00,310
SUAA,SEQM,17:35:00,21:21:00,489
SUAA,WIII,02:17:00,05:26:00,283
SUAA,WIII,13:54:00,01:00:00,487
SUAA,LBSF,19:19:00,09:56:00,174
SUAA,LBSF,07:18:00,20:05:00,494
SUAA,LKPR,08:42:00,18:00:00,125
SUAA,LKPR,13:49:00,06:32:00,342
SUAA,WMKK,17:58:00,05:30:00,354
SUAA,WMKK,21:25:00,01:47:00,452
SUAA,WSSS,00:49:00,06:32:00,500
SUAA,WSSS,15:52:00,18:41:00,452
SUAA,RKSI,15:07:00,21:24:00,202
SUAA,RKSI,05:58:00,09:55:00,359
SUAA,SBBR,16:44:00,22:07:00,233
SUAA,SBBR,02:11:00,09:02:00,180
SUAA,SGAS,10:36:00,13:52:00,378
SUAA,SGAS,02:05:00,14:59:00,413
SUAA,OMDB,11:13:00,21:43:00,208
SUAA,OMDB,09:49:00,21:42:00,145
SUAA,UMMS,01:17:00,09:12:00,330
SUAA,UMMS,09:08:00,17:44:00,134
SUAA,SPIM,20:55:00,05:29:00,337
SUAA,SPIM,14:21:00,19:52:00,125
SUAA,LATI,09:01:00,22:09:00,449
SUAA,LATI,23:29:00,17:55:00,402
SUAA,RPLL,05:21:00,16:25:00,284
SUAA,RPLL,02:52:00,15:06:00,229
SUAA,SLLP,02:02:00,06:37:00,275
SUAA,SLLP,13:39:00,17:11:00,120
SUAA,EHAM,22:14:00,05:58:00,246
SUAA,EHAM,04:49:00,13:09:00,315
SUAA,RJTT,16:04:00,01:32:00,338
SUAA,RJTT,05:30:00,15:27:00,271
SUAA,LOWW,18:38:00,07:07:00,158
SUAA,LOWW,11:24:00,01:41:00,361
EKCH,EBCI,21:18:00,06:38:00,332
EKCH,EBCI,23:10:00,02:42:00,223
EKCH,SVMI,04:53:00,04:36:00,360
EKCH,SVMI,18:31:00,15:50:00,133
EKCH,SKBO,02:19:00,22:37:00,137
EKCH,SKBO,12:14:00,15:09:00,213
EKCH,ZBAA,00:14:00,10:32:00,323
EKCH,ZBAA,14:31:00,21:54:00,193
EKCH,VTBS,13:49:00,06:11:00,470
EKCH,VTBS,21:31:00,13:25:00,410
EKCH,SABE,13:35:00,15:09:00,255
EKCH,SABE,14:49:00,10:52:00,263
EKCH,VIDP,21:24:00,08:01:00,459
EKCH,VIDP,09:03:00,19:18:00,340
EKCH,SUAA,14:14:00,14:45:00,293
EKCH,SUAA,08:42:00,08:43:00,259
EKCH,EDDI,01:17:00,01:30:00,245
EKCH,EDDI,18:25:00,18:35:00,304
EKCH,SCEL,16:51:00,15:32:00,139
EKCH,SCEL,11:25:00,15:21:00,401
EKCH,LDZA,23:32:00,07:28:00,241
EKCH,LDZA,10:15:00,18:49:00,426
EKCH,SEQM,15:39:00,21:59:00,159
EKCH,SEQM,14:21:00,14:59:00,203
EKCH,WIII,16:52:00,05:10:00,153
EKCH,WIII,23:15:00,09:20:00,375
EKCH,LBSF,02:30:00,06:16:00,455
EKCH,LBSF,21:44:00,06:00:00,319
EKCH,LKPR,02:19:00,12:46:00,230
EKCH,LKPR,00:03:00,11:57:00,430
EKCH,WMKK,14:06:00,23:36:00,278
EKCH,WMKK,03:09:00,10:17:00,401
EKCH,WSSS,15:20:00,01:37:00,217
EKCH,WSSS,10:00:00,20:08:00,311
EKCH,RKSI,22:47:00,13:24:00,377
EKCH,RKSI,08:51:00,18:47:00,264
EKCH,SBBR,09:38:00,05:14:00,381
EKCH,SBBR,04:38:00,05:16:00,401
EKCH,SGAS,08:25:00,03:52:00,116
EKCH,SGAS,16:58:00,21:03:00,346
EKCH,OMDB,07:37:00,01:20:00,403
EKCH,OMDB,02:22:00,23:06:00,335
EKCH,UMMS,12:41:00,17:32:00,228
EKCH,UMMS,04:02:00,14:30:00,130
EKCH,SPIM,18:07:00,17:02:00,220
EKCH,SPIM,10:05:00,16:37:00,175
EKCH,LATI,23:53:00,04:28:00,238
EKCH,LATI,17:28:00,00:58:00,260
EKCH,RPLL,17:09:00,03:57:00,465
EKCH,RPLL,17:13:00,00:49:00,474
EKCH,SLLP,04:12:00,02:09:00,337
EKCH,SLLP,04:45:00,04:04:00,170
EKCH,EHAM,12:52:00,14:26:00,407
EKCH,EHAM,08:10:00,14:17:00,184
EKCH,RJTT,11:10:00,21:29:00,237
EKCH,RJTT,06:47:00,14:26:00,268
EKCH,LOWW,20:00:00,23:35:00,398
EKCH,LOWW,08:22:00,15:36:00,323
EDDI,EBCI,10:20:00,14:59:00,234
EDDI,EBCI,18:51:00,01:33:00,470
EDDI,SVMI,00:55:00,21:26:00,218
EDDI,SVMI,07:31:00,03:37:00,465
EDDI,SKBO,16:12:00,11:30:00,412
EDDI,SKBO,15:13:00,17:14:00,479
EDDI,ZBAA,03:55:00,14:28:00,411
EDDI,ZBAA,22:06:00,13:35:00,306
EDDI,VTBS,02:16:00,11:32:00,286
EDDI,VTBS,11:11:00,06:07:00,310
EDDI,SABE,18:19:00,16:47:00,312
EDDI,SABE,16:50:00,15:47:00,453
EDDI,VIDP,13:05:00,06:37:00,424
EDDI,VIDP,23:40:00,13:05:00,339
EDDI,SUAA,18:29:00,19:16:00,360
EDDI,SUAA,17:19:00,19:31:00,151
EDDI,EKCH,10:35:00,15:22:00,109
EDDI,EKCH,09:01:00,16:24:00,420
EDDI,SCEL,22:25:00,00:07:00,437
EDDI,SCEL,08:36:00,07:32:00,240
EDDI,LDZA,00:24:00,09:04:00,362
EDDI,LDZA,02:07:00,06:52:00,292
EDDI,SEQM,07:00:00,05:10:00,392
EDDI,SEQM,02:27:00,01:20:00,258
EDDI,WIII,04:14:00,19:56:00,407
EDDI,WIII,12:32:00,00:32:00,206
EDDI,LBSF,13:59:00,20:16:00,333
EDDI,LBSF,20:11:00,21:03:00,160
EDDI,LKPR,04:14:00,07:03:00,103
EDDI,LKPR,22:47:00,08:57:00,342
EDDI,WMKK,19:16:00,04:47:00,348
EDDI,WMKK,13:14:00,06:05:00,106
EDDI,WSSS,19:08:00,04:17:00,475
EDDI,WSSS,07:11:00,15:22:00,403
EDDI,RKSI,07:05:00,23:12:00,243
EDDI,RKSI,13:58:00,06:53:00,261
EDDI,SBBR,13:28:00,10:20:00,170
EDDI,SBBR,13:08:00,12:05:00,184
EDDI,SGAS,15:52:00,17:38:00,156
EDDI,SGAS,06:14:00,02:50:00,145
EDDI,OMDB,02:52:00,18:29:00,110
EDDI,OMDB,16:49:00,07:40:00,433
EDDI,UMMS,00:18:00,11:03:00,391
EDDI,UMMS,13:49:00,15:33:00,480
EDDI,SPIM,17:31:00,13:22:00,403
EDDI,SPIM,16:07:00,22:27:00,421
EDDI,LATI,09:06:00,16:25:00,108
EDDI,LATI,04:18:00,14:48:00,134
EDDI,RPLL,10:17:00,18:47:00,328
EDDI,RPLL,16:11:00,08:41:00,442
EDDI,SLLP,13:23:00,12:50:00,154
EDDI,SLLP,00:08:00,05:20:00,404
EDDI,EHAM,22:31:00,00:41:00,137
EDDI,EHAM,21:10:00,08:24:00,390
EDDI,RJTT,23:35:00,09:40:00,438
EDDI,RJTT,01:05:00,10:32:00,177
EDDI,LOWW,03:49:00,13:19:00,153
EDDI,LOWW,23:38:00,05:04:00,125
SCEL,EBCI,14:11:00,07:00:00,289
SCEL,EBCI,19:06:00,07:40:00,442
SCEL,SVMI,00:00:00,07:25:00,436
SCEL,SVMI,10:57:00,17:00:00,156
SCEL,SKBO,16:45:00,21:52:00,158
SCEL,SKBO,00:13:00,07:16:00,179
SCEL,ZBAA,00:17:00,12:20:00,130
SCEL,ZBAA,01:11:00,12:57:00,388
SCEL,VTBS,03:39:00,11:26:00,314
SCEL,VTBS,08:07:00,12:28:00,385
SCEL,SABE,02:31:00,09:08:00,295
SCEL,SABE,07:05:00,09:52:00,138
SCEL,VIDP,15:43:00,06:50:00,458
SCEL,VIDP,14:54:00,19:01:00,232
SCEL,SUAA,05:42:00,14:26:00,118
SCEL,SUAA,19:48:00,20:41:00,328
SCEL,EKCH,09:12:00,19:36:00,404
SCEL,EKCH,23:20:00,07:42:00,375
SCEL,EDDI,17:53:00,06:58:00,302
SCEL,EDDI,23:45:00,14:22:00,421
SCEL,LDZA,09:15:00,01:19:00,299
SCEL,LDZA,01:43:00,09:40:00,326
SCEL,SEQM,01:31:00,13:28:00,399
SCEL,SEQM,05:46:00,16:46:00,399
SCEL,WIII,03:19:00,07:55:00,470
SCEL,WIII,05:52:00,12:41:00,239
SCEL,LBSF,06:06:00,15:55:00,143
SCEL,LBSF,23:23:00,14:57:00,381
SCEL,LKPR,19:58:00,07:23:00,201
SCEL,LKPR,19:33:00,11:26:00,255
SCEL,WMKK,06:37:00,08:30:00,344
SCEL,WMKK,01:15:00,13:07:00,478
SCEL,WSSS,19:55:00,21:21:00,179
SCEL,WSSS,09:22:00,20:04:00,340
SCEL,RKSI,10:03:00,17:49:00,217
SCEL,RKSI,05:45:00,13:28:00,189
SCEL,SBBR,23:38:00,04:45:00,175
SCEL,SBBR,07:21:00,10:41:00,282
SCEL,SGAS,06:05:00,14:28:00,199
SCEL,SGAS,11:35:00,16:57:00,381
SCEL,OMDB,00:23:00,09:58:00,450
SCEL,OMDB,17:31:00,10:00:00,278
SCEL,UMMS,01:28:00,18:20:00,246
SCEL,UMMS,10:10:00,00:45:00,389
SCEL,SPIM,14:11:00,17:41:00,493
SCEL,SPIM,10:48:00,23:13:00,301
SCEL,LATI,05:28:00,17:30:00,405
SCEL,LATI,23:21:00,09:28:00,100
SCEL,RPLL,07:03:00,13:08:00,256
SCEL,RPLL,17:19:00,22:43:00,331
SCEL,SLLP,17:51:00,21:15:00,446
SCEL,SLLP,16:55:00,18:34:00,220
SCEL,EHAM,04:30:00,23:20:00,262
SCEL,EHAM,03:18:00,18:16:00,261
SCEL,RJTT,03:49:00,14:50:00,288
SCEL,RJTT,21:36:00,01:04:00,296
SCEL,LOWW,12:39:00,05:22:00,372
SCEL,LOWW,04:20:00,21:45:00,248
LDZA,EBCI,10:58:00,22:21:00,448
LDZA,EBCI,04:36:00,05:27:00,394
LDZA,SVMI,17:41:00,22:57:00,270
LDZA,SVMI,03:25:00,02:58:00,179
LDZA,SKBO,16:17:00,14:44:00,216
LDZA,SKBO,23:48:00,02:19:00,415
LDZA,ZBAA,07:08:00,16:19:00,109
LDZA,ZBAA,09:16:00,22:16:00,269
LDZA,VTBS,06:00:00,16:00:00,357
LDZA,VTBS,05:55:00,17:05:00,445
LDZA,SABE,12:52:00,16:52:00,497
LDZA,SABE,13:48:00,07:59:00,172
LDZA,VIDP,08:14:00,21:21:00,450
LDZA,VIDP,17:32:00,10:42:00,145
LDZA,SUAA,01:12:00,03:21:00,307
LDZA,SUAA,15:37:00,11:32:00,299
LDZA,EKCH,16:20:00,03:32:00,266
LDZA,EKCH,10:45:00,17:27:00,140
LDZA,EDDI,16:12:00,22:20:00,324
LDZA,EDDI,14:35:00,14:38:00,408
LDZA,SCEL,06:28:00,11:21:00,454
LDZA,SCEL,16:19:00,09:20:00,256
LDZA,SEQM,14:01:00,11:06:00,395
LDZA,SEQM,00:33:00,20:56:00,285
LDZA,WIII,22:20:00,12:54:00,169
LDZA,WIII,07:29:00,20:43:00,131
LDZA,LBSF,16:12:00,18:16:00,232
LDZA,LBSF,22:43:00,01:25:00,198
LDZA,LKPR,19:03:00,22:55:00,492
LDZA,LKPR,11:37:00,16:58:00,444
LDZA,WMKK,11:38:00,22:18:00,135
LDZA,WMKK,01:33:00,15:16:00,360
LDZA,WSSS,16:51:00,09:10:00,262
LDZA,WSSS,00:14:00,08:49:00,489
LDZA,RKSI,20:47:00,12:28:00,188
LDZA,RKSI,05:28:00,12:04:00,144
LDZA,SBBR,22:23:00,01:07:00,316
LDZA,SBBR,05:32:00,08:03:00,292
LDZA,SGAS,07:00:00,04:14:00,469
LDZA,SGAS,08:03:00,11:56:00,158
LDZA,OMDB,16:30:00,09:45:00,108
LDZA,OMDB,12:34:00,03:29:00,147
LDZA,UMMS,11:55:00,13:46:00,130
LDZA,UMMS,14:08:00,22:32:00,166
LDZA,SPIM,11:05:00,06:53:00,258
LDZA,SPIM,00:01:00,00:02:00,354
LDZA,LATI,12:14:00,12:17:00,282
LDZA,LATI,04:34:00,14:34:00,103
LDZA,RPLL,17:42:00,03:43:00,151
LDZA,RPLL,11:02:00,17:04:00,456
LDZA,SLLP,01:08:00,23:48:00,169
LDZA,SLLP,15:43:00,13:23:00,280
LDZA,EHAM,14:32:00,00:48:00,404
LDZA,EHAM,11:46:00,20:04:00,302
LDZA,RJTT,04:29:00,12:21:00,309
LDZA,RJTT,00:14:00,10:39:00,370
LDZA,LOWW,18:12:00,20:43:00,250
LDZA,LOWW,00:59:00,02:14:00,266
SEQM,EBCI,08:01:00,23:01:00,338
SEQM,EBCI,22:14:00,12:44:00,422
SEQM,SVMI,21:25:00,22:08:00,382
SEQM,SVMI,12:31:00,17:40:00,171
SEQM,SKBO,05:08:00,08:58:00,305
SEQM,SKBO,00:30:00,04:41:00,414
SEQM,ZBAA,02:03:00,12:14:00,140
SEQM,ZBAA,15:25:00,00:08:00,301
SEQM,VTBS,16:57:00,01:07:00,111
SEQM,VTBS,05:14:00,12:41:00,163
SEQM,SABE,03:37:00,04:16:00,128
SEQM,SABE,06:31:00,15:51:00,464
SEQM,VIDP,23:24:00,13:21:00,405
SEQM,VIDP,02:32:00,09:04:00,482
SEQM,SUAA,12:22:00,21:00:00,368
SEQM,SUAA,23:03:00,21:39:00,203
SEQM,EKCH,01:34:00,09:25:00,385
SEQM,EKCH,22:31:00,09:16:00,444
SEQM,EDDI,10:34:00,00:54:00,352
SEQM,EDDI,19:58:00,05:21:00,456
SEQM,SCEL,03:45:00,13:34:00,256
SEQM,SCEL,21:41:00,05:38:00,433
SEQM,LDZA,18:51:00,02:32:00,380
SEQM,LDZA,17:39:00,09:15:00,395
SEQM,WIII,13:45:00,21:52:00,111
SEQM,WIII,15:07:00,21:42:00,383
SEQM,LBSF,22:54:00,05:40:00,457
SEQM,LBSF,03:06:00,13:57:00,461
SEQM,LKPR,11:07:00,03:41:00,381
SEQM,LKPR,05:35:00,18:54:00,304
SEQM,WMKK,03:36:00,06:28:00,230
SEQM,WMKK,15:36:00,21:21:00,102
SEQM,WSSS,09:56:00,08:59:00,412
SEQM,WSSS,23:07:00,06:55:00,383
SEQM,RKSI,15:19:00,18:22:00,342
SEQM,RKSI,11:32:00,20:53:00,356
SEQM,SBBR,22:53:00,02:04:00,292
SEQM,SBBR,12:57:00,15:44:00,456
SEQM,SGAS,14:44:00,16:15:00,174
SEQM,SGAS,05:08:00,15:23:00,366
SEQM,OMDB,02:14:00,16:55:00,257
SEQM,OMDB,23:10:00,06:20:00,423
SEQM,UMMS,20:44:00,03:46:00,175
SEQM,UMMS,22:50:00,09:01:00,423
SEQM,SPIM,11:45:00,23:21:00,112
SEQM,SPIM,10:14:00,13:18:00,233
SEQM,LATI,14:35:00,05:18:00,169
SEQM,LATI,11:34:00,18:50:00,497
SEQM,RPLL,17:58:00,04:18:00,400
SEQM,RPLL,01:55:00,05:01:00,497
SEQM,SLLP,18:38:00,19:01:00,438
SEQM,SLLP,07:36:00,14:59:00,300
SEQM,EHAM,11:01:00,21:32:00,435
SEQM,EHAM,06:47:00,16:51:00,184
SEQM,RJTT,21:25:00,04:07:00,133
SEQM,RJTT,16:42:00,22:49:00,352
SEQM,LOWW,09:16:00,23:33:00,179
SEQM,LOWW,20:45:00,07:11:00,180
WIII,EBCI,04:27:00,21:42:00,287
WIII,EBCI,04:28:00,04:59:00,472
WIII,SVMI,08:59:00,16:15:00,491
WIII,SVMI,10:44:00,14:52:00,428
WIII,SKBO,03:07:00,04:07:00,352
WIII,SKBO,15:10:00,19:00:00,489
WIII,ZBAA,14:42:00,15:24:00,172
WIII,ZBAA,21:10:00,04:48:00,233
WIII,VTBS,18:36:00,21:58:00,413
WIII,VTBS,04:55:00,09:27:00,133
WIII,SABE,10:10:00,18:19:00,248
WIII,SABE,10:35:00,08:40:00,410
WIII,VIDP,15:10:00,02:50:00,223
WIII,VIDP,22:20:00,06:42:00,414
WIII,SUAA,05:55:00,05:27:00,489
WIII,SUAA,15:30:00,21:04:00,439
WIII,EKCH,05:00:00,08:04:00,429
WIII,EKCH,02:03:00,21:53:00,291
WIII,EDDI,14:42:00,08:06:00,382
WIII,EDDI,05:14:00,22:34:00,197
WIII,SCEL,18:09:00,03:20:00,280
WIII,SCEL,10:50:00,20:10:00,463
WIII,LDZA,08:47:00,03:15:00,137
WIII,LDZA,04:19:00,00:47:00,429
WIII,SEQM,22:07:00,00:24:00,491
WIII,SEQM,07:01:00,09:24:00,266
WIII,LBSF,15:55:00,15:34:00,489
WIII,LBSF,10:51:00,08:56:00,458
WIII,LKPR,00:59:00,18:01:00,226
WIII,LKPR,04:41:00,09:37:00,457
WIII,WMKK,08:52:00,09:40:00,185
WIII,WMKK,09:04:00,16:28:00,451
WIII,WSSS,04:23:00,14:09:00,462
WIII,WSSS,03:31:00,13:07:00,490
WIII,RKSI,23:34:00,07:50:00,382
WIII,RKSI,11:12:00,14:28:00,163
WIII,SBBR,16:45:00,20:43:00,404
WIII,SBBR,14:47:00,18:09:00,362
WIII,SGAS,03:06:00,03:34:00,112
WIII,SGAS,13:55:00,15:39:00,415
WIII,OMDB,12:54:00,03:16:00,281
WIII,OMDB,20:56:00,04:49:00,176
WIII,UMMS,20:33:00,23:40:00,403
WIII,UMMS,13:18:00,11:06:00,465
WIII,SPIM,08:08:00,10:55:00,362
WIII,SPIM,06:37:00,11:18:00,330
WIII,LATI,05:32:00,06:02:00,202
WIII,LATI,18:53:00,16:11:00,457
WIII,RPLL,17:13:00,01:33:00,167
WIII,RPLL,21:36:00,03:30:00,142
WIII,SLLP,06:11:00,15:20:00,364
WIII,SLLP,22:15:00,23:12:00,122
WIII,EHAM,12:57:00,16:08:00,498
WIII,EHAM,09:09:00,05:53:00,498
WIII,RJTT,01:28:00,08:11:00,360
WIII,RJTT,02:11:00,08:55:00,148
WIII,LOWW,19:05:00,19:40:00,384
WIII,LOWW,00:59:00,19:26:00,421
LBSF,EBCI,20:58:00,01:06:00,280
LBSF,EBCI,14:30:00,22:02:00,172
LBSF,SVMI,06:58:00,05:44:00,185
LBSF,SVMI,08:10:00,12:23:00,363
LBSF,SKBO,07:14:00,11:06:00,193
LBSF,SKBO,02:52:00,02:57:00,314
LBSF,ZBAA,09:42:00,02:48:00,203
LBSF,ZBAA,03:43:00,18:48:00,372
LBSF,VTBS,04:46:00,00:13:00,382
LBSF,VTBS,06:43:00,23:52:00,482
LBSF,SABE,12:35:00,14:25:00,188
LBSF,SABE,23:43:00,22:11:00,374
LBSF,VIDP,04:57:00,15:08:00,104
LBSF,VIDP,18:59:00,10:29:00,122
LBSF,SUAA,09:47:00,06:40:00,347
LBSF,SUAA,07:28:00,13:18:00,445
LBSF,EKCH,18:32:00,07:23:00,473
LBSF,EKCH,19:10:00,01:55:00,252
LBSF,EDDI,23:38:00,10:12:00,411
LBSF,EDDI,16:51:00,18:41:00,254
LBSF,SCEL,15:56:00,15:47:00,231
LBSF,SCEL,10:31:00,11:42:00,155
LBSF,LDZA,12:07:00,00:35:00,337
LBSF,LDZA,11:17:00,18:38:00,249
LBSF,SEQM,21:44:00,21:14:00,339
LBSF,SEQM,18:50:00,22:43:00,453
LBSF,WIII,16:38:00,04:42:00,271
LBSF,WIII,20:33:00,14:37:00,393
LBSF,LKPR,15:10:00,20:56:00,215
LBSF,LKPR,06:22:00,12:46:00,160
LBSF,WMKK,21:58:00,05:40:00,364
LBSF,WMKK,21:46:00,07:41:00,370
LBSF,WSSS,07:17:00,18:18:00,192
LBSF,WSSS,21:08:00,07:41:00,330
LBSF,RKSI,18:05:00,08:37:00,257
LBSF,RKSI,10:25:00,23:55:00,281
LBSF,SBBR,16:50:00,21:51:00,105
LBSF,SBBR,19:25:00,13:56:00,168
LBSF,SGAS,08:40:00,14:49:00,193
LBSF,SGAS,01:16:00,00:57:00,374
LBSF,OMDB,11:57:00,06:04:00,453
LBSF,OMDB,21:19:00,18:45:00,255
LBSF,UMMS,05:21:00,15:24:00,127
LBSF,UMMS,21:40:00,22:22:00,359
LBSF,SPIM,14:55:00,12:33:00,206
LBSF,SPIM,08:04:00,13:06:00,324
LBSF,LATI,20:44:00,09:32:00,298
LBSF,LATI,15:46:00,03:05:00,261
LBSF,RPLL,06:10:00,00:16:00,246
LBSF,RPLL,13:42:00,05:39:00,497
LBSF,SLLP,15:41:00,11:13:00,166
LBSF,SLLP,18:22:00,14:45:00,379
LBSF,EHAM,06:28:00,10:30:00,478
LBSF,EHAM,21:04:00,23:06:00,436
LBSF,RJTT,11:54:00,05:35:00,192
LBSF,RJTT,09:00:00,22:58:00,336
LBSF,LOWW,16:18:00,23:13:00,191
LBSF,LOWW,13:51:00,21:35:00,145
LKPR,EBCI,10:24:00,19:43:00,150
LKPR,EBCI,15:27:00,20:38:00,379
LKPR,SVMI,17:21:00,13:19:00,302
LKPR,SVMI,06:02:00,06:43:00,421
LKPR,SKBO,23:13:00,04:51:00,236
LKPR,SKBO,10:00:00,13:23:00,233
LKPR,ZBAA,10:02:00,23:46:00,360
LKPR,ZBAA,12:00:00,00:02:00,473
LKPR,VTBS,10:29:00,02:37:00,389
LKPR,VTBS,20:56:00,12:57:00,123
LKPR,SABE,09:44:00,11:03:00,300
LKPR,SABE,16:39:00,18:25:00,184
LKPR,VIDP,12:33:00,03:30:00,341
LKPR,VIDP,00:23:00,20:45:00,281
LKPR,SUAA,07:02:00,08:33:00,304
LKPR,SUAA,20:49:00,21:26:00,232
LKPR,EKCH,05:41:00,17:15:00,454
LKPR,EKCH,05:12:00,16:06:00,471
LKPR,EDDI,03:47:00,06:23:00,166
LKPR,EDDI,11:27:00,22:00:00,239
LKPR,SCEL,10:41:00,13:52:00,405
LKPR,SCEL,10:14:00,12:20:00,124
LKPR,LDZA,21:03:00,23:36:00,498
LKPR,LDZA,10:23:00,10:48:00,314
LKPR,SEQM,19:00:00,19:22:00,455
LKPR,SEQM,14:25:00,10:53:00,132
LKPR,WIII,22:48:00,11:38:00,367
LKPR,WIII,06:40:00,22:12:00,222
LKPR,LBSF,09:06:00,12:53:00,113
LKPR,LBSF,18:51:00,18:57:00,188
LKPR,WMKK,18:11:00,08:55:00,419
LKPR,WMKK,03:41:00,19:10:00,187
LKPR,WSSS,22:04:00,15:19:00,481
LKPR,WSSS,13:23:00,22:06:00,368
LKPR,RKSI,16:28:00,08:17:00,415
LKPR,RKSI,13:58:00,00:50:00,401
LKPR,SBBR,05:42:00,02:22:00,231
LKPR,SBBR,04:27:00,06:03:00,186
LKPR,SGAS,09:29:00,03:37:00,340
LKPR,SGAS,15:18:00,16:37:00,330
LKPR,OMDB,17:44:00,06:57:00,431
LKPR,OMDB,04:57:00,22:06:00,117
LKPR,UMMS,13:07:00,19:43:00,323
LKPR,UMMS,22:42:00,06:50:00,116
LKPR,SPIM,10:01:00,09:20:00,364
LKPR,SPIM,05:35:00,09:00:00,440
LKPR,LATI,05:45:00,15:08:00,476
LKPR,LATI,17:32:00,00:56:00,493
LKPR,RPLL,02:45:00,18:16:00,344
LKPR,RPLL,19:36:00,06:07:00,200
LKPR,SLLP,18:03:00,22:50:00,181
LKPR,SLLP,23:49:00,23:13:00,116
LKPR,EHAM,22:58:00,02:22:00,177
LKPR,EHAM,12:37:00,15:52:00,497
LKPR,RJTT,10:11:00,19:25:00,130
LKPR,RJTT,12:40:00,01:32:00,489
LKPR,LOWW,01:08:00,05:47:00,371
LKPR,LOWW,17:26:00,00:56:00,154
WMKK,EBCI,19:12:00,16:26:00,248
WMKK,EBCI,01:55:00,23:44:00,163
WMKK,SVMI,04:23:00,12:14:00,330
WMKK,SVMI,03:38:00,15:14:00,105
WMKK,SKBO,17:53:00,02:11:00,193
WMKK,SKBO,23:16:00,10:44:00,301
WMKK,ZBAA,16:13:00,21:02:00,273
WMKK,ZBAA,20:04:00,06:35:00,418
WMKK,VTBS,02:16:00,09:01:00,468
WMKK,VTBS,00:58:00,02:45:00,230
WMKK,SABE,04:56:00,09:48:00,400
WMKK,SABE,22:22:00,02:58:00,313
WMKK,VIDP,18:24:00,02:28:00,407
WMKK,VIDP,09:15:00,14:53:00,130
WMKK,SUAA,11:57:00,20:17:00,260
WMKK,SUAA,12:13:00,17:46:00,321
WMKK,EKCH,09:55:00,05:46:00,340
WMKK,EKCH,08:10:00,07:44:00,128
WMKK,EDDI,13:56:00,12:00:00,432
WMKK,EDDI,02:25:00,20:56:00,109
WMKK,SCEL,09:02:00,15:59:00,351
WMKK,SCEL,06:45:00,06:58:00,248
WMKK,LDZA,23:45:00,00:33:00,476
WMKK,LDZA,20:56:00,15:36:00,156
WMKK,SEQM,12:44:00,14:25:00,169
WMKK,SEQM,00:04:00,10:59:00,352
WMKK,WIII,13:31:00,17:07:00,398
WMKK,WIII,08:30:00,19:04:00,155
WMKK,LBSF,19:11:00,22:31:00,115
WMKK,LBSF,08:46:00,08:02:00,351
WMKK,LKPR,20:20:00,17:28:00,147
WMKK,LKPR,16:06:00,12:18:00,340
WMKK,WSSS,02:11:00,08:01:00,180
WMKK,WSSS,02:13:00,13:26:00,409
WMKK,RKSI,13:08:00,17:55:00,238
WMKK,RKSI,07:47:00,17:29:00,380
WMKK,SBBR,07:10:00,17:07:00,171
WMKK,SBBR,14:49:00,21:20:00,423
WMKK,SGAS,20:28:00,04:29:00,456
WMKK,SGAS,23:31:00,06:07:00,452
WMKK,OMDB,18:24:00,22:52:00,396
WMKK,OMDB,17:58:00,00:09:00,178
WMKK,UMMS,00:21:00,00:30:00,343
WMKK,UMMS,05:06:00,07:02:00,155
WMKK,SPIM,15:12:00,00:23:00,378
WMKK,SPIM,16:23:00,19:32:00,433
WMKK,LATI,03:09:00,21:38:00,138
WMKK,LATI,01:52:00,20:39:00,234
WMKK,RPLL,16:18:00,20:39:00,107
WMKK,RPLL,10:47:00,13:07:00,289
WMKK,SLLP,18:05:00,00:18:00,401
WMKK,SLLP,06:11:00,09:13:00,479
WMKK,EHAM,06:38:00,05:27:00,363
WMKK,EHAM,23:03:00,03:41:00,288
WMKK,RJTT,23:40:00,07:30:00,156
WMKK,RJTT,18:00:00,17:28:00,299
WMKK,LOWW,15:53:00,15:04:00,155
WMKK,LOWW,03:13:00,07:47:00,167
WSSS,EBCI,10:04:00,04:30:00,149
WSSS,EBCI,10:21:00,15:13:00,243
WSSS,SVMI,02:09:00,09:35:00,436
WSSS,SVMI,17:32:00,03:02:00,311
WSSS,SKBO,08:40:00,20:44:00,103
WSSS,SKBO,05:16:00,14:57:00,399
WSSS,ZBAA,14:33:00,17:38:00,497
WSSS,ZBAA,22:02:00,00:15:00,257
WSSS,VTBS,10:03:00,18:27:00,230
WSSS,VTBS,03:16:00,05:27:00,298
WSSS,SABE,09:12:00,18:58:00,319
WSSS,SABE,03:20:00,07:21:00,353
WSSS,VIDP,14:12:00,21:59:00,349
WSSS,VIDP,09:48:00,17:19:00,361
WSSS,SUAA,13:22:00,16:43:00,467
WSSS,SUAA,22:41:00,06:08:00,373
WSSS,EKCH,12:15:00,15:49:00,490
WSSS,EKCH,12:57:00,16:14:00,392
WSSS,EDDI,13:54:00,13:38:00,286
WSSS,EDDI,05:01:00,23:38:00,440
WSSS,SCEL,07:03:00,14:32:00,240
WSSS,SCEL,07:26:00,09:06:00,145
WSSS,LDZA,06:38:00,02:28:00,392
WSSS,LDZA,16:53:00,15:37:00,199
WSSS,SEQM,20:18:00,22:48:00,386
WSSS,SEQM,10:15:00,11:25:00,191
WSSS,WIII,10:07:00,19:10:00,377
WSSS,WIII,10:43:00,22:08:00,177
WSSS,LBSF,00:22:00,01:05:00,331
WSSS,LBSF,01:23:00,23:43:00,363
WSSS,LKPR,22:48:00,03:31:00,478
WSSS,LKPR,02:41:00,02:36:00,489
WSSS,WMKK,02:45:00,14:36:00,167
WSSS,WMKK,07:18:00,14:41:00,140
WSSS,RKSI,12:43:00,20:23:00,319
WSSS,RKSI,12:35:00,19:37:00,212
WSSS,SBBR,01:05:00,07:40:00,195
WSSS,SBBR,13:55:00,17:07:00,367
WSSS,SGAS,19:52:00,03:55:00,291
WSSS,SGAS,23:50:00,11:24:00,392
WSSS,OMDB,15:10:00,20:06:00,303
WSSS,OMDB,10:04:00,23:53:00,488
WSSS,UMMS,11:30:00,14:43:00,309
WSSS,UMMS,11:56:00,08:30:00,341
WSSS,SPIM,11:14:00,13:10:00,403
WSSS,SPIM,15:51:00,03:08:00,496
WSSS,LATI,13:24:00,09:33:00,454
WSSS,LATI,17:25:00,19:32:00,280
WSSS,RPLL,05:23:00,08:40:00,473
WSSS,RPLL,15:09:00,22:51:00,101
WSSS,SLLP,16:37:00,03:24:00,183
WSSS,SLLP,23:05:00,07:15:00,372
WSSS,EHAM,02:12:00,06:00:00,141
WSSS,EHAM,10:30:00,12:31:00,246
WSSS,RJTT,15:27:00,23:06:00,473
WSSS,RJTT,06:00:00,06:45:00,460
WSSS,LOWW,08:25:00,11:04:00,140
WSSS,LOWW,13:52:00,18:59:00,457
RKSI,EBCI,07:35:00,04:28:00,447
RKSI,EBCI,09:32:00,04:48:00,310
RKSI,SVMI,13:00:00,14:04:00,334
RKSI,SVMI,15:35:00,16:54:00,334
RKSI,SKBO,21:21:00,01:02:00,164
RKSI,SKBO,03:30:00,10:44:00,134
RKSI,ZBAA,17:02:00,23:49:00,461
RKSI,ZBAA,10:14:00,15:09:00,153
RKSI,VTBS,04:32:00,07:29:00,362
RKSI,VTBS,05:10:00,09:12:00,171
RKSI,SABE,02:51:00,03:53:00,162
RKSI,SABE,12:22:00,14:46:00,209
RKSI,VIDP,13:06:00,23:40:00,458
RKSI,VIDP,03:09:00,13:10:00,158
RKSI,SUAA,23:15:00,03:02:00,306
RKSI,SUAA,08:47:00,14:36:00,462
RKSI,EKCH,00:33:00,06:20:00,420
RKSI,EKCH,10:06:00,17:01:00,262
RKSI,EDDI,21:21:00,01:19:00,105
RKSI,EDDI,22:44:00,19:49:00,311
RKSI,SCEL,16:22:00,17:19:00,149
RKSI,SCEL,16:05:00,00:09:00,125
RKSI,LDZA,06:01:00,02:03:00,284
RKSI,LDZA,03:49:00,01:38:00,461
RKSI,SEQM,12:33:00,01:03:00,109
RKSI,SEQM,08:44:00,12:49:00,153
RKSI,WIII,16:15:00,00:56:00,441
RKSI,WIII,06:37:00,11:39:00,389
RKSI,LBSF,08:19:00,08:11:00,271
RKSI,LBSF,16:56:00,18:13:00,300
RKSI,LKPR,02:47:00,23:31:00,101
RKSI,LKPR,00:35:00,20:43:00,448
RKSI,WMKK,02:57:00,14:34:00,248
RKSI,WMKK,16:24:00,19:27:00,461
RKSI,WSSS,02:13:00,14:59:00,201
RKSI,WSSS,23:02:00,03:40:00,199
RKSI,SBBR,17:50:00,20:59:00,291
RKSI,SBBR,01:10:00,07:43:00,307
RKSI,SGAS,18:03:00,20:37:00,285
RKSI,SGAS,15:11:00,03:37:00,469
RKSI,OMDB,08:12:00,13:31:00,268
RKSI,OMDB,23:26:00,12:44:00,300
RKSI,UMMS,09:32:00,14:19:00,310
RKSI,UMMS,21:18:00,01:51:00,257
RKSI,SPIM,01:31:00,14:58:00,104
RKSI,SPIM,13:59:00,20:06:00,185
RKSI,LATI,07:24:00,08:51:00,387
RKSI,LATI,18:02:00,23:11:00,318
RKSI,RPLL,22:47:00,07:13:00,356
RKSI,RPLL,12:29:00,16:37:00,272
RKSI,SLLP,17:41:00,05:52:00,361
RKSI,SLLP,00:26:00,12:02:00,101
RKSI,EHAM,09:57:00,16:49:00,248
RKSI,EHAM,06:37:00,08:39:00,304
RKSI,RJTT,03:54:00,04:12:00,471
RKSI,RJTT,11:30:00,22:47:00,332
RKSI,LOWW,20:46:00,18:26:00,187
RKSI,LOWW,21:54:00,03:41:00,329
SBBR,EBCI,05:12:00,15:49:00,480
SBBR,EBCI,07:59:00,16:02:00,200
SBBR,SVMI,20:52:00,06:20:00,446
SBBR,SVMI,19:41:00,02:34:00,258
SBBR,SKBO,21:08:00,06:43:00,115
SBBR,SKBO,17:59:00,02:32:00,427
SBBR,ZBAA,14:01:00,15:36:00,391
SBBR,ZBAA,13:23:00,20:47:00,144
SBBR,VTBS,10:46:00,16:50:00,492
SBBR,VTBS,13:20:00,23:45:00,482
SBBR,SABE,05:37:00,14:22:00,162
SBBR,SABE,08:59:00,17:25:00,248
SBBR,VIDP,01:51:00,12:57:00,403
SBBR,VIDP,03:32:00,13:36:00,311
SBBR,SUAA,18:11:00,20:35:00,322
SBBR,SUAA,16:39:00,18:43:00,366
SBBR,EKCH,09:02:00,02:32:00,452
SBBR,EKCH,22:43:00,14:19:00,477
SBBR,EDDI,18:13:00,09:25:00,130
SBBR,EDDI,09:08:00,20:01:00,155
SBBR,SCEL,02:58:00,04:26:00,239
SBBR,SCEL,03:24:00,07:19:00,168
SBBR,LDZA,15:30:00,04:05:00,275
SBBR,LDZA,20:09:00,11:29:00,442
SBBR,SEQM,20:55:00,01:49:00,412
SBBR,SEQM,10:54:00,13:14:00,491
SBBR,WIII,13:01:00,02:17:00,172
SBBR,WIII,08:33:00,16:45:00,395
SBBR,LBSF,10:24:00,22:38:00,216
SBBR,LBSF,12:47:00,04:48:00,119
SBBR,LKPR,13:48:00,21:34:00,433
SBBR,LKPR,01:14:00,11:59:00,421
SBBR,WMKK,13:24:00,21:00:00,191
SBBR,WMKK,08:56:00,18:39:00,447
SBBR,WSSS,23:38:00,09:44:00,139
SBBR,WSSS,17:51:00,02:51:00,103
SBBR,RKSI,05:09:00,12:10:00,192
SBBR,RKSI,19:44:00,20:55:00,398
SBBR,SGAS,17:51:00,04:18:00,286
SBBR,SGAS,01:42:00,03:54:00,303
SBBR,OMDB,11:42:00,03:33:00,185
SBBR,OMDB,20:23:00,04:00:00,488
SBBR,UMMS,05:03:00,15:14:00,187
SBBR,UMMS,05:11:00,19:23:00,295
SBBR,SPIM,03:07:00,16:27:00,219
SBBR,SPIM,09:30:00,17:04:00,192
SBBR,LATI,23:29:00,11:47:00,127
SBBR,LATI,17:52:00,01:46:00,149
SBBR,RPLL,14:33:00,15:36:00,469
SBBR,RPLL,02:05:00,07:42:00,286
SBBR,SLLP,04:58:00,08:56:00,259
SBBR,SLLP,19:04:00,23:00:00,329
SBBR,EHAM,05:49:00,15:24:00,258
SBBR,EHAM,07:41:00,20:15:00,418
SBBR,RJTT,16:28:00,18:43:00,282
SBBR,RJTT,06:28:00,13:02:00,383
SBBR,LOWW,00:18:00,11:58:00,377
SBBR,LOWW,08:16:00,21:31:00,267
SGAS,EBCI,15:06:00,00:12:00,462
SGAS,EBCI,08:33:00,19:08:00,165
SGAS,SVMI,04:19:00,13:33:00,330
SGAS,SVMI,01:44:00,04:05:00,202
SGAS,SKBO,03:55:00,13:20:00,155
SGAS,SKBO,09:17:00,17:13:00,435
SGAS,ZBAA,12:46:00,22:04:00,459
SGAS,ZBAA,23:48:00,02:00:00,145
SGAS,VTBS,05:51:00,10:14:00,330
SGAS,VTBS,08:26:00,16:40:00,210
SGAS,SABE,07:36:00,09:59:00,250
SGAS,SABE,11:06:00,12:10:00,417
SGAS,VIDP,13:51:00,22:28:00,114
SGAS,VIDP,19:49:00,01:47:00,367
SGAS,SUAA,16:57:00,22:27:00,242
SGAS,SUAA,18:37:00,02:05:00,318
SGAS,EKCH,05:19:00,18:02:00,308
SGAS,EKCH,18:48:00,09:58:00,131
SGAS,EDDI,12:52:00,04:42:00,417
SGAS,EDDI,22:55:00,16:24:00,218
SGAS,SCEL,03:19:00,09:02:00,418
SGAS,SCEL,09:45:00,13:57:00,143
SGAS,LDZA,20:04:00,07:42:00,412
SGAS,LDZA,20:47:00,12:58:00,469
SGAS,SEQM,12:54:00,01:35:00,105
SGAS,SEQM,08:11:00,15:31:00,136
SGAS,WIII,19:45:00,02:46:00,298
SGAS,WIII,03:57:00,12:25:00,137
SGAS,LBSF,20:43:00,07:28:00,314
SGAS,LBSF,00:51:00,15:19:00,341
SGAS,LKPR,10:43:00,20:04:00,467
SGAS,LKPR,22:52:00,08:29:00,216
SGAS,WMKK,19:39:00,01:23:00,490
SGAS,WMKK,20:18:00,01:24:00,152
SGAS,WSSS,00:33:00,00:45:00,378
SGAS,WSSS,14:21:00,22:46:00,469
SGAS,RKSI,18:16:00,02:19:00,383
SGAS,RKSI,17:38:00,20:16:00,453
SGAS,SBBR,22:14:00,22:35:00,323
SGAS,SBBR,15:18:00,19:41:00,451
SGAS,OMDB,03:21:00,16:06:00,355
SGAS,OMDB,11:38:00,22:19:00,438
SGAS,UMMS,15:01:00,01:39:00,251
SGAS,UMMS,04:57:00,21:36:00,455
SGAS,SPIM,07:14:00,18:23:00,191
SGAS,SPIM,21:39:00,06:00:00,243
SGAS,LATI,13:32:00,02:55:00,288
SGAS,LATI,09:12:00,00:00:00,118
SGAS,RPLL,02:34:00,03:29:00,494
SGAS,RPLL,05:12:00,17:03:00,474
SGAS,SLLP,07:56:00,14:47:00,397
SGAS,SLLP,13:42:00,15:13:00,189
SGAS,EHAM,02:51:00,16:45:00,349
SGAS,EHAM,02:35:00,12:15:00,367
SGAS,RJTT,07:47:00,10:49:00,439
SGAS,RJTT,10:10:00,15:48:00,475
SGAS,LOWW,13:23:00,00:04:00,425
SGAS,LOWW,02:38:00,09:41:00,451
OMDB,EBCI,09:38:00,06:07:00,479
OMDB,EBCI,03:29:00,23:30:00,110
OMDB,SVMI,01:46:00,04:46:00,349
OMDB,SVMI,12:57:00,13:37:00,333
OMDB,SKBO,23:49:00,05:40:00,176
OMDB,SKBO,08:50:00,16:01:00,267
OMDB,ZBAA,21:53:00,01:56:00,171
OMDB,ZBAA,06:46:00,04:03:00,332
OMDB,VTBS,08:49:00,17:04:00,208
OMDB,VTBS,00:11:00,00:38:00,216
OMDB,SABE,05:34:00,11:45:00,161
OMDB,SABE,12:34:00,13:59:00,136
OMDB,VIDP,15:49:00,20:40:00,402
OMDB,VIDP,19:47:00,05:53:00,177
OMDB,SUAA,20:00:00,22:14:00,112
OMDB,SUAA,06:00:00,06:26:00,415
OMDB,EKCH,16:14:00,09:36:00,202
OMDB,EKCH,11:14:00,06:16:00,257
OMDB,EDDI,19:30:00,20:55:00,169
OMDB,EDDI,04:20:00,04:32:00,186
OMDB,SCEL,06:58:00,04:03:00,113
OMDB,SCEL,14:13:00,18:07:00,147
OMDB,LDZA,23:28:00,14:37:00,252
OMDB,LDZA,01:14:00,17:47:00,141
OMDB,SEQM,08:12:00,10:07:00,336
OMDB,SEQM,19:31:00,04:03:00,151
OMDB,WIII,15:51:00,17:15:00,488
OMDB,WIII,16:38:00,18:01:00,353
OMDB,LBSF,03:03:00,23:05:00,439
OMDB,LBSF,22:14:00,19:57:00,373
OMDB,LKPR,19:35:00,15:02:00,320
OMDB,LKPR,15:59:00,16:46:00,464
OMDB,WMKK,10:07:00,07:16:00,294
OMDB,WMKK,09:04:00,11:57:00,481
OMDB,WSSS,09:22:00,07:56:00,274
OMDB,WSSS,07:27:00,07:27:00,288
OMDB,RKSI,17:04:00,22:33:00,348
OMDB,RKSI,09:21:00,05:46:00,122
OMDB,SBBR,02:07:00,04:40:00,310
OMDB,SBBR,04:54:00,05:15:00,226
OMDB,SGAS,08:03:00,06:39:00,234
OMDB,SGAS,02:33:00,23:24:00,235
OMDB,UMMS,02:48:00,18:50:00,426
OMDB,UMMS,23:28:00,15:11:00,437
OMDB,SPIM,03:47:00,10:50:00,302
OMDB,SPIM,00:23:00,04:01:00,431
OMDB,LATI,04:34:00,06:10:00,242
OMDB,LATI,05:06:00,00:09:00,283
OMDB,RPLL,14:02:00,13:21:00,105
OMDB,RPLL,19:00:00,22:30:00,278
OMDB,SLLP,21:21:00,02:30:00,411
OMDB,SLLP,04:45:00,09:06:00,398
OMDB,EHAM,23:40:00,16:48:00,393
OMDB,EHAM,05:59:00,06:23:00,264
OMDB,RJTT,16:52:00,12:37:00,170
OMDB,RJTT,17:53:00,20:43:00,120
OMDB,LOWW,05:52:00,21:13:00,279
OMDB,LOWW,19:11:00,09:21:00,118
UMMS,EBCI,07:54:00,09:14:00,118
UMMS,EBCI,01:25:00,11:52:00,280
UMMS,SVMI,20:43:00,20:10:00,367
UMMS,SVMI,05:15:00,04:31:00,142
UMMS,SKBO,03:14:00,06:02:00,346
UMMS,SKBO,02:15:00,08:06:00,234
UMMS,ZBAA,19:14:00,13:30:00,383
UMMS,ZBAA,20:06:00,05:31:00,441
UMMS,VTBS,17:33:00,10:59:00,399
UMMS,VTBS,20:40:00,06:30:00,270
UMMS,SABE,14:29:00,11:48:00,295
UMMS,SABE,23:02:00,00:06:00,486
UMMS,VIDP,13:54:00,00:08:00,194
UMMS,VIDP,01:38:00,19:58:00,221
UMMS,SUAA,13:10:00,13:38:00,149
UMMS,SUAA,17:07:00,13:34:00,101
UMMS,EKCH,19:08:00,20:14:00,260
UMMS,EKCH,06:17:00,13:06:00,150
UMMS,EDDI,14:59:00,16:31:00,452
UMMS,EDDI,10:30:00,15:39:00,173
UMMS,SCEL,16:45:00,19:48:00,340
UMMS,SCEL,05:21:00,04:41:00,293
UMMS,LDZA,07:37:00,12:49:00,109
UMMS,LDZA,08:00:00,19:11:00,210
UMMS,SEQM,00:38:00,02:54:00,427
UMMS,SEQM,16:38:00,18:33:00,437
UMMS,WIII,20:29:00,14:32:00,424
UMMS,WIII,19:49:00,05:01:00,246
UMMS,LBSF,10:59:00,22:57:00,394
UMMS,LBSF,20:35:00,05:40:00,468
UMMS,LKPR,07:24:00,12:45:00,236
UMMS,LKPR,17:17:00,02:44:00,252
UMMS,WMKK,06:28:00,17:09:00,420
UMMS,WMKK,23:36:00,08:07:00,281
UMMS,WSSS,07:51:00,18:17:00,406
UMMS,WSSS,04:45:00,22:16:00,487
UMMS,RKSI,07:17:00,23:36:00,335
UMMS,RKSI,23:19:00,11:30:00,241
UMMS,SBBR,23:22:00,22:04:00,488
UMMS,SBBR,21:20:00,01:20:00,249
UMMS,SGAS,13:16:00,13:16:00,265
UMMS,SGAS,08:02:00,14:14:00,498
UMMS,OMDB,08:11:00,19:26:00,338
UMMS,OMDB,13:49:00,11:55:00,424
UMMS,SPIM,02:10:00,03:41:00,359
UMMS,SPIM,17:42:00,23:47:00,477
UMMS,LATI,18:59:00,05:11:00,116
UMMS,LATI,16:22:00,20:02:00,339
UMMS,RPLL,05:38:00,19:34:00,473
UMMS,RPLL,04:25:00,17:05:00,464
UMMS,SLLP,04:25:00,01:54:00,355
UMMS,SLLP,06:51:00,12:53:00,144
UMMS,EHAM,11:17:00,14:15:00,139
UMMS,EHAM,16:18:00,22:31:00,319
UMMS,RJTT,20:50:00,13:14:00,206
UMMS,RJTT,23:25:00,06:59:00,158
UMMS,LOWW,17:21:00,05:11:00,432
UMMS,LOWW,13:22:00,16:04:00,136
SPIM,EBCI,17:17:00,04:47:00,242
SPIM,EBCI,01:18:00,07:46:00,490
SPIM,SVMI,07:09:00,14:18:00,153
SPIM,SVMI,19:31:00,19:48:00,384
SPIM,SKBO,04:48:00,14:21:00,157
SPIM,SKBO,18:01:00,02:41:00,141
SPIM,ZBAA,08:17:00,17:26:00,258
SPIM,ZBAA,22:36:00,07:39:00,109
SPIM,VTBS,06:36:00,11:45:00,282
SPIM,VTBS,05:51:00,08:01:00,418
SPIM,SABE,05:00:00,14:56:00,132
SPIM,SABE,10:01:00,18:18:00,361
SPIM,VIDP,19:06:00,21:36:00,407
SPIM,VIDP,02:05:00,15:54:00,266
SPIM,SUAA,00:28:00,23:49:00,119
SPIM,SUAA,07:49:00,11:23:00,146
SPIM,EKCH,13:07:00,02:37:00,319
SPIM,EKCH,06:14:00,14:47:00,412
SPIM,EDDI,13:59:00,22:08:00,370
SPIM,EDDI,17:35:00,07:18:00,273
SPIM,SCEL,04:39:00,04:25:00,343
SPIM,SCEL,19:24:00,21:12:00,489
SPIM,LDZA,03:44:00,19:14:00,352
SPIM,LDZA,14:42:00,03:40:00,135
SPIM,SEQM,18:13:00,23:22:00,119
SPIM,SEQM,14:07:00,20:45:00,147
SPIM,WIII,01:03:00,04:05:00,433
SPIM,WIII,12:51:00,22:12:00,190
SPIM,LBSF,11:26:00,02:13:00,119
SPIM,LBSF,11:11:00,20:48:00,381
SPIM,LKPR,20:46:00,01:57:00,407
SPIM,LKPR,06:14:00,19:02:00,153
SPIM,WMKK,18:57:00,18:41:00,286
SPIM,WMKK,06:35:00,07:18:00,315
SPIM,WSSS,21:13:00,01:01:00,346
SPIM,WSSS,19:04:00,23:09:00,415
SPIM,RKSI,08:04:00,10:56:00,408
SPIM,RKSI,09:23:00,16:12:00,349
SPIM,SBBR,01:54:00,00:19:00,288
SPIM,SBBR,12:05:00,12:42:00,392
SPIM,SGAS,14:57:00,00:44:00,370
SPIM,SGAS,21:22:00,05:18:00,393
SPIM,OMDB,01:23:00,12:37:00,438
SPIM,OMDB,15:42:00,23:33:00,387
SPIM,UMMS,03:44:00,11:46:00,415
SPIM,UMMS,14:37:00,00:28:00,423
SPIM,LATI,00:56:00,08:23:00,216
SPIM,LATI,04:06:00,13:35:00,341
SPIM,RPLL,15:12:00,22:37:00,397
SPIM,RPLL,15:56:00,20:58:00,357
SPIM,SLLP,03:28:00,04:43:00,239
SPIM,SLLP,11:27:00,14:29:00,190
SPIM,EHAM,07:52:00,14:01:00,188
SPIM,EHAM,23:00:00,10:01:00,110
SPIM,RJTT,19:07:00,04:30:00,298
SPIM,RJTT,00:11:00,08:44:00,439
SPIM,LOWW,18:04:00,04:43:00,139
SPIM,LOWW,23:02:00,12:59:00,437
LATI,EBCI,23:59:00,08:29:00,229
LATI,EBCI,04:57:00,15:21:00,446
LATI,SVMI,08:14:00,08:37:00,320
LATI,SVMI,17:34:00,17:23:00,157
LATI,SKBO,05:46:00,09:30:00,418
LATI,SKBO,17:25:00,16:39:00,168
LATI,ZBAA,03:08:00,20:31:00,474
LATI,ZBAA,13:56:00,03:53:00,477
LATI,VTBS,16:44:00,07:19:00,216
LATI,VTBS,17:04:00,03:38:00,316
LATI,SABE,14:00:00,13:07:00,184
LATI,SABE,10:48:00,07:12:00,480
LATI,VIDP,04:01:00,18:37:00,424
LATI,VIDP,19:54:00,07:03:00,132
LATI,SUAA,03:43:00,03:29:00,381
LATI,SUAA,00:26:00,17:54:00,105
LATI,EKCH,13:21:00,13:34:00,157
LATI,EKCH,03:03:00,04:38:00,155
LATI,EDDI,02:10:00,08:56:00,337
LATI,EDDI,14:04:00,21:17:00,416
LATI,SCEL,07:32:00,12:11:00,421
LATI,SCEL,04:04:00,06:37:00,365
LATI,LDZA,12:26:00,17:12:00,472
LATI,LDZA,05:48:00,13:48:00,464
LATI,SEQM,23:02:00,01:29:00,411
LATI,SEQM,05:39:00,00:51:00,180
LATI,WIII,22:27:00,10:28:00,168
LATI,WIII,23:51:00,17:36:00,461
LATI,LBSF,07:20:00,08:21:00,311
LATI,LBSF,21:22:00,20:31:00,379
LATI,LKPR,17:46:00,19:10:00,201
LATI,LKPR,20:12:00,23:14:00,144
LATI,WMKK,15:13:00,06:23:00,203
LATI,WMKK,12:17:00,01:26:00,235
LATI,WSSS,23:44:00,13:50:00,132
LATI,WSSS,04:34:00,17:37:00,456
LATI,RKSI,16:43:00,01:05:00,303
LATI,RKSI,15:56:00,04:57:00,425
LATI,SBBR,16:15:00,09:41:00,400
LATI,SBBR,10:00:00,09:56:00,425
LATI,SGAS,19:37:00,22:46:00,137
LATI,SGAS,15:54:00,12:10:00,321
LATI,OMDB,03:39:00,14:43:00,365
LATI,OMDB,02:47:00,18:56:00,217
LATI,UMMS,14:08:00,15:24:00,430
LATI,UMMS,23:00:00,04:43:00,388
LATI,SPIM,09:33:00,08:33:00,135
LATI,SPIM,01:31:00,03:39:00,311
LATI,RPLL,23:11:00,09:45:00,484
LATI,RPLL,16:06:00,05:59:00,351
LATI,SLLP,12:53:00,07:46:00,352
LATI,SLLP,21:07:00,21:16:00,379
LATI,EHAM,02:20:00,11:09:00,190
LATI,EHAM,03:20:00,04:53:00,319
LATI,RJTT,07:54:00,13:10:00,263
LATI,RJTT,18:06:00,08:38:00,244
LATI,LOWW,05:16:00,06:05:00,230
LATI,LOWW,17:23:00,17:24:00,398
RPLL,EBCI,05:44:00,09:22:00,180
RPLL,EBCI,08:19:00,06:45:00,490
RPLL,SVMI,12:38:00,19:34:00,290
RPLL,SVMI,10:15:00,13:44:00,187
RPLL,SKBO,03:10:00,14:46:00,272
RPLL,SKBO,11:53:00,23:04:00,138
RPLL,ZBAA,23:16:00,04:31:00,345
RPLL,ZBAA,00:25:00,09:00:00,482
RPLL,VTBS,02:05:00,10:32:00,269
RPLL,VTBS,00:08:00,04:36:00,125
RPLL,SABE,16:39:00,20:00:00,246
RPLL,SABE,07:34:00,10:13:00,122
RPLL,VIDP,13:21:00,03:34:00,257
RPLL,VIDP,16:29:00,01:40:00,118
RPLL,SUAA,09:50:00,11:05:00,107
RPLL,SUAA,03:22:00,06:09:00,192
RPLL,EKCH,10:23:00,12:04:00,334
RPLL,EKCH,13:08:00,15:26:00,209
RPLL,EDDI,19:42:00,00:44:00,276
RPLL,EDDI,22:06:00,01:24:00,219
RPLL,SCEL,13:32:00,21:21:00,144
RPLL,SCEL,14:48:00,01:13:00,358
RPLL,LDZA,18:33:00,13:45:00,385
RPLL,LDZA,04:49:00,23:03:00,178
RPLL,SEQM,23:37:00,09:48:00,125
RPLL,SEQM,08:05:00,10:42:00,170
RPLL,WIII,21:16:00,08:18:00,379
RPLL,WIII,20:02:00,08:14:00,494
RPLL,LBSF,19:51:00,00:49:00,264
RPLL,LBSF,03:10:00,21:38:00,478
RPLL,LKPR,10:03:00,09:35:00,191
RPLL,LKPR,21:52:00,17:59:00,181
RPLL,WMKK,01:11:00,02:58:00,225
RPLL,WMKK,05:14:00,12:17:00,415
RPLL,WSSS,22:33:00,03:11:00,191
RPLL,WSSS,11:51:00,20:47:00,467
RPLL,RKSI,13:48:00,21:37:00,342
RPLL,RKSI,15:28:00,23:58:00,365
RPLL,SBBR,11:01:00,13:31:00,257
RPLL,SBBR,20:51:00,02:10:00,147
RPLL,SGAS,08:13:00,11:37:00,183
RPLL,SGAS,18:19:00,21:04:00,109
RPLL,OMDB,18:41:00,02:21:00,173
RPLL,OMDB,11:12:00,19:57:00,465
RPLL,UMMS,23:30:00,23:43:00,469
RPLL,UMMS,21:01:00,17:54:00,473
RPLL,SPIM,01:17:00,08:52:00,116
RPLL,SPIM,08:12:00,14:43:00,387
RPLL,LATI,08:50:00,14:24:00,296
RPLL,LATI,06:44:00,06:23:00,407
RPLL,SLLP,07:03:00,09:53:00,114
RPLL,SLLP,10:09:00,19:51:00,215
RPLL,EHAM,09:15:00,07:59:00,412
RPLL,EHAM,10:26:00,09:40:00,370
RPLL,RJTT,11:26:00,19:44:00,212
RPLL,RJTT,18:54:00,01:12:00,121
RPLL,LOWW,20:38:00,20:01:00,171
RPLL,LOWW,10:42:00,06:31:00,219
SLLP,EBCI,19:21:00,02:08:00,432
SLLP,EBCI,04:25:00,20:13:00,447
SLLP,SVMI,22:42:00,08:13:00,332
SLLP,SVMI,20:40:00,08:10:00,478
SLLP,SKBO,01:35:00,06:48:00,197
SLLP,SKBO,12:04:00,13:20:00,364
SLLP,ZBAA,14:00:00,20:14:00,152
SLLP,ZBAA,19:35:00,00:29:00,413
SLLP,VTBS,08:49:00,16:56:00,464
SLLP,VTBS,03:34:00,14:52:00,154
SLLP,SABE,09:40:00,15:35:00,400
SLLP,SABE,19:22:00,06:12:00,395
SLLP,VIDP,13:12:00,23:23:00,385
SLLP,VIDP,21:33:00,00:35:00,245
SLLP,SUAA,19:36:00,23:33:00,490
SLLP,SUAA,13:00:00,23:30:00,349
SLLP,EKCH,18:41:00,01:57:00,331
SLLP,EKCH,08:45:00,00:01:00,327
SLLP,EDDI,08:19:00,20:16:00,496
SLLP,EDDI,19:49:00,03:22:00,135
SLLP,SCEL,04:10:00,12:43:00,443
SLLP,SCEL,02:32:00,02:03:00,366
SLLP,LDZA,09:29:00,20:43:00,476
SLLP,LDZA,09:46:00,03:29:00,251
SLLP,SEQM,13:39:00,16:09:00,221
SLLP,SEQM,23:24:00,01:13:00,280
SLLP,WIII,18:02:00,21:44:00,171
SLLP,WIII,16:09:00,23:53:00,449
SLLP,LBSF,20:35:00,02:46:00,209
SLLP,LBSF,14:35:00,05:29:00,146
SLLP,LKPR,09:48:00,15:57:00,277
SLLP,LKPR,15:35:00,22:38:00,234
SLLP,WMKK,01:41:00,05:26:00,332
SLLP,WMKK,07:58:00,13:49:00,481
SLLP,WSSS,03:14:00,07:34:00,106
SLLP,WSSS,17:23:00,22:55:00,241
SLLP,RKSI,06:47:00,14:06:00,394
SLLP,RKSI,19:25:00,04:29:00,219
SLLP,SBBR,15:31:00,17:06:00,155
SLLP,SBBR,13:59:00,16:52:00,390
SLLP,SGAS,16:30:00,19:46:00,270
SLLP,SGAS,23:31:00,11:28:00,221
SLLP,OMDB,20:51:00,06:46:00,390
SLLP,OMDB,13:55:00,00:49:00,419
SLLP,UMMS,11:40:00,01:16:00,477
SLLP,UMMS,14:53:00,06:01:00,362
SLLP,SPIM,07:26:00,14:43:00,172
SLLP,SPIM,14:17:00,22:43:00,479
SLLP,LATI,04:15:00,16:32:00,251
SLLP,LATI,01:50:00,16:48:00,476
SLLP,RPLL,05:43:00,15:01:00,230
SLLP,RPLL,08:13:00,16:19:00,321
SLLP,EHAM,16:54:00,09:11:00,458
SLLP,EHAM,22:10:00,04:55:00,353
SLLP,RJTT,16:37:00,20:43:00,490
SLLP,RJTT,10:22:00,17:02:00,380
SLLP,LOWW,18:27:00,05:24:00,214
SLLP,LOWW,02:16:00,19:38:00,258
EHAM,EBCI,13:26:00,17:13:00,104
EHAM,EBCI,22:01:00,22:22:00,445
EHAM,SVMI,11:11:00,07:05:00,113
EHAM,SVMI,12:58:00,12:32:00,303
EHAM,SKBO,10:07:00,16:39:00,161
EHAM,SKBO,12:18:00,09:27:00,303
EHAM,ZBAA,19:18:00,07:26:00,391
EHAM,ZBAA,16:04:00,03:42:00,459
EHAM,VTBS,13:52:00,23:34:00,470
EHAM,VTBS,21:04:00,10:37:00,187
EHAM,SABE,21:08:00,15:06:00,318
EHAM,SABE,20:37:00,23:52:00,430
EHAM,VIDP,09:11:00,05:35:00,103
EHAM,VIDP,23:32:00,11:59:00,427
EHAM,SUAA,16:25:00,18:58:00,138
EHAM,SUAA,10:59:00,05:25:00,178
EHAM,EKCH,19:49:00,00:22:00,383
EHAM,EKCH,23:07:00,00:21:00,274
EHAM,EDDI,00:14:00,08:49:00,392
EHAM,EDDI,02:54:00,11:04:00,454
EHAM,SCEL,01:35:00,00:36:00,280
EHAM,SCEL,08:20:00,03:45:00,172
EHAM,LDZA,11:55:00,12:20:00,202
EHAM,LDZA,19:38:00,21:59:00,130
EHAM,SEQM,02:47:00,00:07:00,281
EHAM,SEQM,06:16:00,01:26:00,189
EHAM,WIII,00:41:00,14:54:00,287
EHAM,WIII,06:58:00,19:58:00,424
EHAM,LBSF,01:16:00,08:25:00,490
EHAM,LBSF,06:48:00,14:28:00,262
EHAM,LKPR,10:13:00,16:20:00,279
EHAM,LKPR,07:05:00,12:46:00,188
EHAM,WMKK,20:58:00,13:14:00,222
EHAM,WMKK,06:22:00,12:51:00,213
EHAM,WSSS,20:39:00,08:00:00,426
EHAM,WSSS,01:09:00,18:21:00,267
EHAM,RKSI,02:55:00,16:41:00,347
EHAM,RKSI,04:58:00,13:22:00,145
EHAM,SBBR,13:47:00,16:20:00,413
EHAM,SBBR,12:39:00,06:50:00,402
EHAM,SGAS,18:34:00,17:28:00,159
EHAM,SGAS,06:27:00,10:52:00,112
EHAM,OMDB,19:18:00,15:31:00,235
EHAM,OMDB,21:02:00,13:41:00,309
EHAM,UMMS,23:34:00,07:02:00,252
EHAM,UMMS,14:25:00,22:08:00,334
EHAM,SPIM,13:16:00,16:44:00,360
EHAM,SPIM,02:09:00,22:39:00,141
EHAM,LATI,00:57:00,02:39:00,192
EHAM,LATI,15:53:00,16:04:00,234
EHAM,RPLL,16:57:00,08:38:00,327
EHAM,RPLL,23:43:00,09:31:00,401
EHAM,SLLP,12:31:00,08:52:00,370
EHAM,SLLP,23:41:00,21:31:00,400
EHAM,RJTT,20:42:00,02:57:00,483
EHAM,RJTT,02:54:00,18:39:00,317
EHAM,LOWW,04:30:00,11:19:00,380
EHAM,LOWW,18:08:00,03:54:00,359
RJTT,EBCI,00:35:00,02:23:00,180
RJTT,EBCI,08:40:00,08:59:00,353
RJTT,SVMI,01:43:00,02:48:00,435
RJTT,SVMI,01:29:00,02:58:00,403
RJTT,SKBO,17:43:00,06:49:00,365
RJTT,SKBO,18:38:00,05:05:00,253
RJTT,ZBAA,05:06:00,10:29:00,220
RJTT,ZBAA,05:15:00,17:49:00,178
RJTT,VTBS,01:03:00,04:41:00,195
RJTT,VTBS,07:23:00,12:33:00,140
RJTT,SABE,06:43:00,12:29:00,151
RJTT,SABE,12:32:00,18:10:00,102
RJTT,VIDP,19:08:00,04:24:00,350
RJTT,VIDP,15:25:00,07:14:00,209
RJTT,SUAA,13:07:00,22:29:00,466
RJTT,SUAA,07:20:00,08:22:00,205
RJTT,EKCH,11:56:00,11:12:00,448
RJTT,EKCH,08:54:00,05:34:00,190
RJTT,EDDI,22:22:00,18:24:00,275
RJTT,EDDI,13:46:00,09:09:00,328
RJTT,SCEL,18:01:00,22:08:00,464
RJTT,SCEL,00:30:00,07:54:00,428
RJTT,LDZA,01:59:00,23:16:00,460
RJTT,LDZA,23:03:00,05:23:00,270
RJTT,SEQM,00:58:00,03:12:00,218
RJTT,SEQM,09:22:00,22:11:00,460
RJTT,WIII,13:13:00,19:54:00,166
RJTT,WIII,00:22:00,09:23:00,224
RJTT,LBSF,11:38:00,15:31:00,330
RJTT,LBSF,02:18:00,07:07:00,361
RJTT,LKPR,05:49:00,11:24:00,225
RJTT,LKPR,08:55:00,07:37:00,455
RJTT,WMKK,13:19:00,19:58:00,500
RJTT,WMKK,15:56:00,01:56:00,169
RJTT,WSSS,04:10:00,12:44:00,184
RJTT,WSSS,22:48:00,07:41:00,149
RJTT,RKSI,03:27:00,11:44:00,256
RJTT,RKSI,22:55:00,05:48:00,251
RJTT,SBBR,18:55:00,23:59:00,303
RJTT,SBBR,15:37:00,22:49:00,237
RJTT,SGAS,00:47:00,06:36:00,467
RJTT,SGAS,04:55:00,08:26:00,492
RJTT,OMDB,17:17:00,07:47:00,142
RJTT,OMDB,23:26:00,07:56:00,498
RJTT,UMMS,00:41:00,00:07:00,281
RJTT,UMMS,04:23:00,07:55:00,276
RJTT,SPIM,02:40:00,14:44:00,469
RJTT,SPIM,19:18:00,01:51:00,259
RJTT,LATI,01:27:00,04:40:00,423
RJTT,LATI,11:39:00,14:02:00,470
RJTT,RPLL,17:25:00,04:52:00,398
RJTT,RPLL,16:20:00,17:22:00,483
RJTT,SLLP,21:11:00,05:08:00,194
RJTT,SLLP,03:17:00,11:34:00,354
RJTT,EHAM,00:40:00,06:51:00,467
RJTT,EHAM,12:11:00,17:54:00,380
RJTT,LOWW,03:33:00,23:53:00,310
RJTT,LOWW,10:14:00,07:01:00,239
LOWW,EBCI,16:15:00,19:50:00,330
LOWW,EBCI,14:21:00,15:48:00,226
LOWW,SVMI,04:33:00,09:35:00,239
LOWW,SVMI,14:24:00,17:19:00,274
LOWW,SKBO,18:10:00,23:02:00,497
LOWW,SKBO,04:41:00,05:42:00,237
LOWW,ZBAA,02:18:00,15:03:00,271
LOWW,ZBAA,23:02:00,15:34:00,243
LOWW,VTBS,21:09:00,04:37:00,490
LOWW,VTBS,17:25:00,11:01:00,177
LOWW,SABE,19:03:00,20:44:00,456
LOWW,SABE,08:37:00,09:59:00,331
LOWW,VIDP,01:25:00,14:53:00,154
LOWW,VIDP,08:32:00,03:46:00,323
LOWW,SUAA,04:46:00,22:34:00,174
LOWW,SUAA,03:11:00,07:34:00,454
LOWW,EKCH,00:43:00,09:16:00,251
LOWW,EKCH,02:39:00,08:55:00,155
LOWW,EDDI,17:11:00,19:28:00,326
LOWW,EDDI,00:16:00,00:59:00,266
LOWW,SCEL,05:55:00,02:35:00,394
LOWW,SCEL,08:59:00,11:30:00,112
LOWW,LDZA,18:19:00,02:22:00,284
LOWW,LDZA,17:43:00,03:27:00,492
LOWW,SEQM,21:49:00,21:35:00,458
LOWW,SEQM,12:54:00,18:31:00,473
LOWW,WIII,16:22:00,09:46:00,473
LOWW,WIII,21:47:00,09:21:00,377
LOWW,LBSF,11:11:00,15:32:00,258
LOWW,LBSF,18:09:00,02:11:00,188
LOWW,LKPR,05:38:00,13:44:00,103
LOWW,LKPR,23:46:00,09:05:00,474
LOWW,WMKK,16:11:00,01:20:00,343
LOWW,WMKK,22:53:00,14:06:00,295
LOWW,WSSS,19:30:00,12:32:00,286
LOWW,WSSS,18:15:00,02:06:00,316
LOWW,RKSI,00:04:00,10:45:00,453
LOWW,RKSI,10:12:00,17:59:00,485
LOWW,SBBR,19:39:00,22:46:00,289
LOWW,SBBR,04:22:00,23:18:00,321
LOWW,SGAS,00:55:00,06:25:00,372
LOWW,SGAS,06:29:00,08:33:00,177
LOWW,OMDB,14:23:00,01:00:00,484
LOWW,OMDB,03:24:00,20:02:00,229
LOWW,UMMS,20:50:00,02:38:00,261
LOWW,UMMS,20:56:00,22:43:00,498
LOWW,SPIM,10:21:00,17:06:00,423
LOWW,SPIM,00:54:00,22:10:00,155
LOWW,LATI,06:43:00,13:34:00,140
LOWW,LATI,23:51:00,05:02:00,156
LOWW,RPLL,02:00:00,15:20:00,467
LOWW,RPLL,22:05:00,12:10:00,159
LOWW,SLLP,02:48:00,04:08:00,164
LOWW,SLLP,00:29:00,23:33:00,278
LOWW,EHAM,09:07:00,10:09:00,131
LOWW,EHAM,22:28:00,04:40:00,465
LOWW,RJTT,13:11:00,03:12:00,159
LOWW,RJTT,04:48:00,12:05:00,483
