2024-01-01 13:25:59,SKBO,SVMI
2024-01-03 04:34:22,EKCH,VTBS
2024-01-03 06:06:11,LDZA,LKPR
2024-01-02 08:55:43,SCEL,SVMI
2024-01-01 04:47:56,WSSS,WIII
2024-01-01 09:13:30,RPLL,VTBS
2024-01-03 18:09:28,SUAA,WMKK
2024-01-04 22:04:04,WMKK,LDZA
2024-01-03 06:53:49,SVMI,OMDB
2024-01-04 01:35:24,WMKK,EHAM
2024-01-01 17:18:24,SVMI,LKPR
2024-01-03 03:42:31,SLLP,WSSS
2024-01-02 09:29:21,LDZA,SPIM
2024-01-03 22:58:21,SCEL,SLLP
2024-01-03 07:09:56,LOWW,LBSF
2024-01-02 13:43:19,WIII,EKCH
2024-01-03 22:11:37,EHAM,SPIM
2024-01-02 21:36:40,WMKK,SVMI
2024-01-04 22:06:07,SLLP,WMKK
2024-01-01 04:52:27,UMMS,RPLL
2024-01-04 06:45:53,LOWW,WIII
2024-01-03 10:30:59,RKSI,LBSF
2024-01-02 08:02:03,LDZA,LOWW
2024-01-03 20:26:20,SEQM,LBSF
2024-01-03 07:19:10,SGAS,SPIM
2024-01-02 05:02:47,RJTT,LBSF
2024-01-02 22:35:21,SEQM,SGAS
2024-01-04 20:30:19,LBSF,SVMI
2024-01-03 00:30:07,EDDI,EHAM
2024-01-04 07:45:55,LBSF,LATI
2024-01-02 13:24:18,SCEL,SKBO
2024-01-01 19:46:32,EBCI,UMMS
2024-01-02 19:19:59,SPIM,ZBAA
2024-01-02 12:32:29,SGAS,SBBR
2024-01-03 18:02:50,EHAM,LATI
2024-01-01 04:19:53,VIDP,UMMS
2024-01-01 17:00:51,OMDB,LBSF
2024-01-03 23:09:04,RKSI,LDZA
2024-01-02 12:18:45,EHAM,LOWW
2024-01-02 16:12:52,RJTT,WMKK
2024-01-03 23:15:18,RKSI,SABE
2024-01-04 23:16:03,UMMS,LATI
2024-01-01 00:07:13,EHAM,UMMS
2024-01-02 17:33:30,SLLP,SCEL
2024-01-02 19:24:45,EKCH,SGAS
2024-01-02 22:23:50,OMDB,SABE
2024-01-04 00:33:44,VIDP,ZBAA
2024-01-02 11:59:39,SEQM,SBBR
2024-01-04 00:02:31,WIII,RJTT
2024-01-02 03:11:52,RKSI,ZBAA
2024-01-01 22:25:53,SCEL,SABE
2024-01-03 12:18:34,LDZA,LATI
2024-01-01 15:33:43,EKCH,LATI
2024-01-01 00:38:28,WSSS,SBBR
2024-01-01 06:18:33,SBBR,LATI
2024-01-03 12:50:51,LDZA,WIII
2024-01-04 20:15:12,SEQM,VIDP
2024-01-04 14:15:20,RJTT,UMMS
2024-01-04 14:58:36,SBBR,LKPR
2024-01-03 03:45:36,SGAS,OMDB
2024-01-04 20:24:29,RJTT,WIII
2024-01-02 18:10:43,SABE,EBCI
2024-01-03 09:34:44,SBBR,LDZA
2024-01-02 06:52:00,ZBAA,LATI
2024-01-02 23:11:27,SEQM,WMKK
2024-01-01 03:32:15,SBBR,SEQM
2024-01-02 02:51:26,ZBAA,SEQM
2024-01-03 13:35:47,LBSF,LATI
2024-01-03 10:04:50,SCEL,RJTT
2024-01-02 11:10:40,LOWW,EBCI
2024-01-01 18:10:32,RKSI,LATI
2024-01-04 01:07:10,LOWW,SLLP
2024-01-04 09:45:33,LKPR,LDZA
2024-01-04 05:55:40,RPLL,SPIM
2024-01-02 10:41:14,ZBAA,UMMS
2024-01-03 02:04:21,SGAS,SBBR
2024-01-04 13:21:21,EKCH,WMKK
2024-01-01 04:27:56,LKPR,SEQM
2024-01-01 08:16:49,OMDB,EDDI
2024-01-02 07:42:45,ZBAA,SLLP
2024-01-03 21:01:18,RPLL,UMMS
2024-01-02 00:17:20,LBSF,RJTT
2024-01-01 17:18:59,OMDB,RPLL
2024-01-03 02:24:02,EKCH,SABE
2024-01-02 22:02:03,SEQM,SABE
2024-01-03 06:17:33,EDDI,VTBS
2024-01-01 20:52:43,RKSI,RJTT
2024-01-01 02:09:16,LOWW,SVMI
2024-01-03 16:25:31,SCEL,RKSI
2024-01-02 12:33:45,SKBO,RPLL
2024-01-02 05:16:54,RJTT,WSSS
2024-01-02 01:37:19,UMMS,LKPR
2024-01-03 00:16:15,LATI,WSSS
2024-01-02 08:48:33,OMDB,SLLP
2024-01-02 08:54:12,SVMI,EKCH
2024-01-04 01:19:30,SGAS,SUAA
2024-01-04 10:27:47,EKCH,OMDB
2024-01-03 14:30:22,SBBR,LKPR
2024-01-01 20:44:14,WIII,SKBO
2024-01-04 14:43:26,SLLP,SCEL
2024-01-03 04:25:37,SLLP,RKSI
2024-01-02 14:09:51,SPIM,WSSS
2024-01-02 18:00:49,SGAS,WIII
2024-01-02 01:11:48,SBBR,WSSS
2024-01-01 12:31:24,LOWW,SABE
2024-01-04 05:52:56,EDDI,SPIM
2024-01-01 07:09:51,OMDB,LDZA
2024-01-02 17:59:06,LDZA,SEQM
2024-01-04 12:11:47,RJTT,VTBS
2024-01-03 00:17:20,VTBS,ZBAA
2024-01-01 06:59:59,SEQM,EDDI
2024-01-04 06:57:03,WIII,SPIM
2024-01-02 14:05:25,WMKK,WIII
2024-01-04 10:04:03,EKCH,LKPR
2024-01-02 17:53:20,SABE,LKPR
2024-01-03 09:57:12,UMMS,EHAM
2024-01-04 05:46:16,SABE,SUAA
2024-01-02 01:57:21,EBCI,LDZA
2024-01-02 11:09:53,LATI,SGAS
2024-01-03 06:08:43,SLLP,VTBS
2024-01-02 02:37:42,ZBAA,EKCH
2024-01-01 19:46:28,RPLL,SPIM
2024-01-02 20:03:31,SCEL,LDZA
2024-01-02 00:14:08,SEQM,LKPR
2024-01-01 12:04:59,ZBAA,RJTT
2024-01-01 08:08:52,VTBS,SEQM
2024-01-03 01:42:31,SPIM,VIDP
2024-01-01 00:51:04,LKPR,VIDP
2024-01-02 22:04:28,UMMS,EBCI
2024-01-02 00:22:17,LDZA,LOWW
2024-01-01 17:29:36,SUAA,RPLL
2024-01-03 11:02:58,SCEL,LATI
2024-01-03 12:42:36,WSSS,WMKK
2024-01-01 15:55:13,EDDI,WSSS
2024-01-02 10:30:34,SBBR,SVMI
2024-01-03 04:20:37,RPLL,WMKK
2024-01-02 23:23:02,LOWW,RKSI
2024-01-02 18:37:45,WSSS,SBBR
2024-01-01 17:28:25,SPIM,LDZA
2024-01-01 05:47:41,SUAA,WIII
2024-01-03 00:58:22,LBSF,VIDP
2024-01-03 06:40:27,SGAS,SBBR
2024-01-04 01:41:07,SEQM,EBCI
2024-01-02 13:21:54,RPLL,RKSI
2024-01-03 13:40:00,EKCH,SBBR
2024-01-01 13:41:32,VTBS,EHAM
2024-01-04 20:23:02,SGAS,SVMI
2024-01-01 23:59:27,LOWW,SGAS
2024-01-04 21:04:35,SLLP,EKCH
2024-01-01 22:28:22,SABE,LDZA
2024-01-02 04:37:14,WMKK,SCEL
2024-01-04 12:45:02,VIDP,EBCI
2024-01-03 11:34:22,VTBS,SUAA
2024-01-04 17:52:42,VIDP,EBCI
2024-01-04 08:16:42,SABE,SPIM
2024-01-03 10:45:25,WMKK,WSSS
2024-01-01 13:01:04,LKPR,LBSF
2024-01-02 17:00:31,OMDB,WMKK
2024-01-01 21:40:03,SPIM,VTBS
2024-01-04 13:03:42,SKBO,WSSS
2024-01-04 14:46:43,SABE,WIII
2024-01-02 06:47:21,EKCH,SPIM
2024-01-01 08:29:53,SPIM,RPLL
2024-01-04 23:43:46,SCEL,LBSF
2024-01-04 16:15:41,OMDB,RJTT
2024-01-03 12:05:53,SKBO,ZBAA
2024-01-03 14:24:41,LDZA,RPLL
2024-01-02 04:16:29,EKCH,SLLP
2024-01-02 03:17:28,UMMS,SVMI
2024-01-02 07:25:57,WSSS,LATI
2024-01-03 02:41:26,VTBS,SLLP
2024-01-02 22:33:34,LKPR,WMKK
2024-01-01 12:03:41,SUAA,OMDB
2024-01-03 08:49:43,VTBS,VIDP
2024-01-01 15:07:17,UMMS,OMDB
2024-01-02 18:22:03,WSSS,ZBAA
2024-01-01 12:41:15,LBSF,SPIM
2024-01-02 04:05:56,SLLP,VIDP
2024-01-04 07:08:12,LKPR,SLLP
2024-01-01 00:23:17,LDZA,SKBO
2024-01-02 22:41:10,ZBAA,SPIM
2024-01-03 09:18:51,ZBAA,WIII
2024-01-02 20:22:01,RKSI,WMKK
2024-01-01 23:22:33,SGAS,EHAM
2024-01-01 02:54:29,RPLL,SPIM
2024-01-02 08:17:04,ZBAA,RPLL
2024-01-01 20:20:00,OMDB,SKBO
2024-01-01 10:48:00,EKCH,WMKK
2024-01-02 18:18:37,ZBAA,WSSS
2024-01-04 09:54:15,SABE,RKSI
2024-01-01 13:19:03,RKSI,SKBO
2024-01-03 10:08:58,ZBAA,EKCH
2024-01-02 16:13:56,SEQM,SVMI
2024-01-03 23:30:52,VTBS,RJTT
2024-01-02 03:21:21,EHAM,ZBAA
2024-01-02 23:25:37,LDZA,ZBAA
2024-01-02 00:43:05,SGAS,RKSI
2024-01-03 00:54:42,EHAM,EDDI
2024-01-02 06:20:42,EDDI,LATI
2024-01-01 07:40:51,SPIM,SGAS
2024-01-01 12:55:22,SLLP,ZBAA
2024-01-04 01:42:09,SCEL,SEQM
2024-01-04 18:58:38,EDDI,UMMS
2024-01-03 07:33:39,SCEL,SUAA
2024-01-02 02:10:08,LBSF,OMDB
2024-01-04 11:38:32,OMDB,LDZA
2024-01-01 08:57:35,UMMS,RJTT
2024-01-02 09:12:06,ZBAA,RJTT
2024-01-04 18:54:17,WMKK,SVMI
2024-01-02 02:21:47,EDDI,RKSI
2024-01-03 12:41:05,WIII,EHAM
2024-01-03 09:51:46,EHAM,SEQM
2024-01-01 15:17:14,SKBO,RKSI
2024-01-03 06:24:27,RJTT,SPIM
2024-01-02 23:55:01,SUAA,EDDI
2024-01-03 07:40:44,VIDP,RPLL
2024-01-04 22:53:16,ZBAA,SPIM
2024-01-02 14:58:49,SUAA,RPLL
2024-01-03 04:19:55,EHAM,WIII
2024-01-01 21:24:10,SUAA,SEQM
2024-01-02 06:12:23,RKSI,SLLP
2024-01-02 07:31:12,SCEL,OMDB
2024-01-02 07:53:54,SCEL,RJTT
2024-01-01 03:44:45,RKSI,UMMS
2024-01-01 22:11:49,OMDB,SCEL
2024-01-03 05:16:02,EBCI,OMDB
2024-01-02 12:07:35,WMKK,SBBR
2024-01-01 19:19:21,OMDB,EHAM
2024-01-03 02:42:09,VIDP,LOWW
2024-01-02 19:00:50,WSSS,LATI
2024-01-03 16:01:59,SEQM,UMMS
2024-01-03 00:46:44,EBCI,VTBS
2024-01-02 14:43:25,VTBS,WIII
2024-01-01 12:45:36,SLLP,LDZA
2024-01-03 05:53:05,WIII,SCEL
2024-01-03 07:25:45,WMKK,VIDP
2024-01-04 04:58:32,WIII,SKBO
2024-01-03 19:03:00,SUAA,WMKK
2024-01-01 16:55:08,VIDP,EDDI
2024-01-04 22:14:35,SABE,LBSF
2024-01-01 12:02:49,LDZA,RKSI
2024-01-04 12:37:44,SABE,LOWW
2024-01-03 09:38:59,SLLP,LDZA
2024-01-04 20:14:20,LATI,LBSF
2024-01-03 20:15:43,EHAM,WSSS
2024-01-02 10:12:08,LATI,ZBAA
2024-01-01 00:37:12,SBBR,SEQM
2024-01-04 16:05:52,SVMI,RJTT
2024-01-02 00:30:20,LBSF,SPIM
2024-01-01 06:09:13,WMKK,SBBR
2024-01-01 13:00:18,SPIM,ZBAA
2024-01-03 13:46:22,VIDP,SCEL
2024-01-01 22:10:50,RKSI,LKPR
2024-01-04 11:13:50,EKCH,RPLL
2024-01-03 16:08:52,EKCH,SEQM
2024-01-01 10:46:12,SEQM,VTBS
2024-01-02 08:02:15,WSSS,VIDP
2024-01-01 20:50:47,WSSS,SGAS
2024-01-01 10:10:32,VTBS,LKPR
2024-01-04 13:30:41,LBSF,SBBR
2024-01-01 19:38:37,SGAS,RPLL
2024-01-04 20:13:39,OMDB,SLLP
2024-01-04 00:56:21,RPLL,SABE
2024-01-01 09:31:08,EBCI,SPIM
2024-01-04 03:36:34,EKCH,ZBAA
2024-01-02 06:50:15,EDDI,LOWW
2024-01-01 22:43:43,VTBS,LBSF
2024-01-02 18:11:24,LDZA,WMKK
2024-01-03 03:47:29,EBCI,EHAM
2024-01-04 01:21:13,RJTT,EHAM
2024-01-02 15:32:20,SVMI,WSSS
2024-01-02 11:32:26,SPIM,EBCI
2024-01-02 15:26:16,EDDI,LBSF
2024-01-01 13:51:10,EKCH,RPLL
2024-01-01 02:19:00,WMKK,SVMI
2024-01-01 09:43:33,SLLP,SKBO
2024-01-04 05:44:17,SLLP,WMKK
2024-01-02 22:06:50,LBSF,WSSS
2024-01-04 10:38:03,SVMI,VTBS
2024-01-01 22:06:54,RJTT,SABE
2024-01-03 18:41:34,UMMS,LATI
2024-01-04 15:19:53,SABE,RPLL
2024-01-02 13:13:37,EDDI,SGAS
2024-01-01 06:07:22,SKBO,WMKK
2024-01-04 00:18:30,SGAS,SABE
2024-01-02 00:32:42,EHAM,VTBS
2024-01-03 01:56:08,WMKK,EDDI
2024-01-01 09:00:45,LOWW,WMKK
2024-01-03 19:52:34,OMDB,VTBS
2024-01-04 02:38:53,UMMS,SABE
2024-01-02 09:40:16,LOWW,SABE
2024-01-04 10:43:07,SABE,SVMI
2024-01-01 13:47:59,RKSI,VIDP
2024-01-04 18:30:55,SUAA,SBBR
2024-01-02 04:43:57,SEQM,EHAM
2024-01-02 18:01:48,SPIM,SKBO
2024-01-01 16:44:31,WIII,SABE
2024-01-04 01:33:29,LBSF,WSSS
2024-01-04 02:00:46,WMKK,RKSI
2024-01-01 23:50:44,LOWW,SLLP
2024-01-02 23:14:51,SGAS,VTBS
2024-01-02 06:12:19,SBBR,OMDB
2024-01-03 10:03:16,EBCI,ZBAA
2024-01-02 16:09:39,LATI,WIII
2024-01-02 01:08:17,EDDI,LOWW
2024-01-04 23:17:31,EBCI,WMKK
2024-01-03 05:38:57,SPIM,EDDI
2024-01-01 19:54:15,SABE,SVMI
2024-01-01 08:31:40,ZBAA,EKCH
2024-01-02 00:46:26,WSSS,SEQM
2024-01-03 02:24:32,SVMI,LATI
2024-01-01 02:34:54,EDDI,LDZA
2024-01-02 11:42:51,SUAA,SEQM
2024-01-02 00:53:53,UMMS,SEQM
2024-01-03 19:01:54,EBCI,SPIM
2024-01-01 22:26:54,WIII,VTBS
2024-01-04 13:58:41,LOWW,LATI
2024-01-02 08:39:49,RJTT,SUAA
2024-01-02 03:17:03,UMMS,SCEL
2024-01-03 10:40:20,EHAM,SCEL
2024-01-02 22:30:30,SCEL,SABE
2024-01-04 11:07:32,SABE,VIDP
2024-01-03 04:16:28,SEQM,LOWW
2024-01-04 11:45:13,OMDB,SLLP
2024-01-04 20:07:59,RKSI,SCEL
2024-01-03 01:25:21,LBSF,SUAA
2024-01-03 16:18:24,SEQM,LDZA
2024-01-03 03:18:38,LATI,VTBS
2024-01-04 19:08:46,RPLL,SABE
2024-01-02 12:41:18,SLLP,SUAA
2024-01-03 20:01:12,UMMS,SVMI
2024-01-03 16:51:29,SPIM,SABE
2024-01-04 03:10:47,LATI,SVMI
2024-01-01 17:24:09,VTBS,EDDI
2024-01-04 08:47:13,SEQM,EDDI
2024-01-03 16:09:16,SPIM,SABE
2024-01-02 01:53:57,SGAS,OMDB
2024-01-04 23:56:30,EBCI,EDDI
2024-01-03 00:03:22,VTBS,SUAA
2024-01-03 02:06:35,OMDB,SBBR
2024-01-03 21:07:25,WSSS,WMKK
2024-01-01 16:24:38,LDZA,LOWW
2024-01-02 00:47:02,LBSF,LDZA
2024-01-01 11:04:42,OMDB,SKBO
2024-01-03 02:56:54,EHAM,OMDB
2024-01-04 11:34:48,SPIM,RKSI
2024-01-01 00:58:08,SUAA,SGAS
2024-01-04 03:44:40,RKSI,SPIM
2024-01-03 00:39:27,EBCI,UMMS
2024-01-02 15:25:28,SCEL,SVMI
2024-01-02 03:16:41,VTBS,EBCI
2024-01-03 23:44:23,WIII,SGAS
2024-01-01 12:12:52,LKPR,SUAA
2024-01-01 19:49:48,EBCI,LOWW
2024-01-04 07:45:47,EHAM,EBCI
2024-01-01 19:40:41,SPIM,VTBS
2024-01-04 02:17:32,SCEL,WMKK
2024-01-02 08:16:13,SVMI,SEQM
2024-01-02 07:40:00,SBBR,SLLP
2024-01-02 12:35:46,SGAS,RJTT
2024-01-01 08:52:27,LDZA,SUAA
2024-01-04 21:29:32,SKBO,SABE
2024-01-03 09:41:30,ZBAA,SVMI
2024-01-04 03:14:19,SLLP,WIII
2024-01-03 18:32:58,EKCH,WMKK
2024-01-04 05:18:55,WSSS,WIII
2024-01-01 23:23:55,SEQM,SUAA
2024-01-03 09:04:10,RJTT,LATI
2024-01-01 07:42:34,SPIM,WIII
2024-01-02 12:14:49,SBBR,ZBAA
2024-01-03 22:34:03,SABE,EHAM
2024-01-02 18:04:22,LOWW,SCEL
2024-01-02 16:53:31,OMDB,LBSF
2024-01-02 06:34:24,EHAM,SGAS
2024-01-04 02:48:35,LATI,SGAS
2024-01-03 07:56:14,EKCH,ZBAA
2024-01-03 22:17:40,WIII,VIDP
2024-01-02 22:45:48,EDDI,EHAM
2024-01-01 23:07:51,UMMS,LDZA
2024-01-04 19:13:52,SGAS,RPLL
2024-01-02 18:37:44,WMKK,LKPR
2024-01-03 05:44:08,LOWW,SBBR
2024-01-01 21:51:54,SKBO,LKPR
2024-01-01 08:18:42,EBCI,VTBS
2024-01-03 14:47:25,LKPR,OMDB
2024-01-02 16:15:47,RJTT,SKBO
2024-01-01 12:59:09,RPLL,SVMI
2024-01-04 18:47:28,EDDI,OMDB
2024-01-02 17:48:41,ZBAA,LKPR
2024-01-01 23:26:22,ZBAA,SGAS
2024-01-04 18:36:53,WIII,LATI
2024-01-03 11:49:26,SUAA,LATI
2024-01-03 16:35:30,WSSS,WMKK
2024-01-02 13:45:09,RJTT,EHAM
2024-01-01 13:42:09,SKBO,SABE
2024-01-04 00:41:39,SBBR,UMMS
2024-01-04 02:06:34,LATI,OMDB
2024-01-04 20:53:27,LATI,OMDB
2024-01-02 11:26:58,VIDP,SLLP
2024-01-03 14:53:46,VIDP,SKBO
2024-01-04 09:37:53,RJTT,WIII
2024-01-03 14:38:07,ZBAA,RPLL
2024-01-03 09:24:18,RKSI,SBBR
2024-01-02 21:09:35,EDDI,UMMS
2024-01-03 12:04:03,SKBO,SEQM
2024-01-02 15:46:42,LOWW,LDZA
2024-01-01 20:20:37,RKSI,SEQM
2024-01-03 01:34:25,EHAM,SBBR
2024-01-02 22:12:04,LDZA,LATI
2024-01-02 16:15:51,SBBR,EBCI
2024-01-03 07:43:57,SABE,RKSI
2024-01-01 10:28:48,WSSS,SBBR
2024-01-03 19:46:09,SVMI,RJTT
2024-01-01 17:19:59,SCEL,VTBS
2024-01-03 05:56:24,SGAS,SLLP
2024-01-04 11:13:13,LATI,SCEL
2024-01-04 08:14:46,EKCH,SUAA
2024-01-03 07:17:55,SVMI,VIDP
2024-01-01 09:45:10,VTBS,LBSF
2024-01-02 08:09:45,LBSF,LKPR
2024-01-01 21:01:54,EKCH,WMKK
2024-01-01 08:43:20,LBSF,SCEL
2024-01-01 05:30:57,ZBAA,OMDB
2024-01-01 03:56:53,RKSI,VIDP
2024-01-04 17:54:42,EKCH,VIDP
2024-01-02 20:40:58,RKSI,RJTT
2024-01-03 09:27:09,WIII,EBCI
2024-01-03 04:20:32,OMDB,RKSI
2024-01-04 13:28:34,LDZA,SCEL
2024-01-01 06:32:56,SKBO,WMKK
2024-01-04 03:08:07,EHAM,LKPR
2024-01-04 20:34:06,WMKK,ZBAA
2024-01-03 01:12:28,LOWW,SEQM
2024-01-03 20:37:35,WSSS,LOWW
2024-01-04 02:00:26,EBCI,EKCH
2024-01-03 14:58:02,SLLP,SABE
2024-01-02 11:11:42,SKBO,SPIM
2024-01-04 03:17:59,EBCI,SCEL
2024-01-03 23:52:04,LATI,OMDB
2024-01-01 02:48:11,RKSI,VIDP
2024-01-02 15:48:01,EBCI,SUAA
2024-01-01 11:08:59,SPIM,OMDB
2024-01-04 22:18:07,EKCH,SLLP
2024-01-04 23:37:27,EKCH,WMKK
2024-01-03 04:51:50,EKCH,WIII
2024-01-04 14:57:15,RKSI,SABE
2024-01-02 23:28:25,SABE,SKBO
2024-01-02 01:27:50,SVMI,RPLL
2024-01-02 08:54:32,LKPR,EBCI
2024-01-03 04:56:46,SPIM,SCEL
2024-01-01 07:31:55,SUAA,LOWW
2024-01-04 13:54:15,ZBAA,EBCI
2024-01-03 08:52:41,RKSI,WMKK
2024-01-02 14:28:13,RPLL,ZBAA
2024-01-04 20:32:40,UMMS,EKCH
2024-01-04 11:39:49,VTBS,SUAA
2024-01-01 20:39:51,SLLP,EHAM
2024-01-02 07:16:35,VIDP,WSSS
2024-01-01 17:22:42,EDDI,SCEL
2024-01-02 15:05:52,SPIM,LKPR
2024-01-01 11:50:01,SBBR,LATI
2024-01-01 07:31:05,SCEL,SKBO
2024-01-01 23:09:23,WSSS,WIII
2024-01-02 23:54:31,LDZA,SVMI
2024-01-03 12:44:32,RKSI,UMMS
2024-01-04 16:56:07,WIII,WMKK
2024-01-04 22:34:42,SVMI,UMMS
2024-01-01 17:08:59,EBCI,LBSF
2024-01-02 08:02:51,SLLP,LOWW
2024-01-03 05:23:47,VIDP,WMKK
2024-01-01 05:46:41,SEQM,SLLP
2024-01-04 03:41:06,SABE,RJTT
2024-01-02 02:23:12,VTBS,RKSI
2024-01-02 02:13:52,ZBAA,SBBR
2024-01-03 15:41:18,WSSS,LATI
2024-01-02 01:18:53,SABE,EDDI
2024-01-03 03:46:42,SLLP,RKSI
2024-01-01 12:07:47,ZBAA,WIII
2024-01-03 07:43:50,SLLP,WSSS
2024-01-02 00:01:54,SPIM,ZBAA
2024-01-01 05:26:34,WIII,RJTT
2024-01-04 20:01:31,RKSI,SLLP
2024-01-01 06:03:19,SLLP,OMDB
2024-01-04 08:11:36,SEQM,SLLP
2024-01-04 03:11:36,LATI,LOWW
2024-01-02 19:17:31,SEQM,SCEL
2024-01-01 05:56:28,ZBAA,EKCH
2024-01-01 06:59:32,SVMI,EBCI
2024-01-03 10:27:54,LDZA,RPLL
2024-01-04 05:25:39,LATI,VTBS
2024-01-01 00:42:33,SUAA,SABE
2024-01-02 10:06:24,UMMS,SPIM
2024-01-01 13:26:38,SEQM,SABE
2024-01-04 23:47:36,SKBO,WMKK
2024-01-01 08:42:14,EDDI,LDZA
2024-01-03 04:24:50,LKPR,SVMI
2024-01-02 14:59:58,RPLL,LKPR
2024-01-03 07:50:55,LATI,SKBO
2024-01-01 18:22:49,LATI,RKSI
2024-01-02 11:26:47,EDDI,SPIM
2024-01-03 20:49:49,SGAS,OMDB
2024-01-04 15:10:33,SVMI,LATI
2024-01-01 09:01:34,EDDI,LATI
2024-01-02 11:23:52,EHAM,SBBR
2024-01-02 05:34:04,SPIM,SLLP
2024-01-03 08:43:50,SABE,SEQM
2024-01-01 19:45:13,VTBS,SVMI
2024-01-02 08:52:21,LBSF,LOWW
2024-01-02 20:29:09,LOWW,EHAM
2024-01-01 11:51:23,SVMI,ZBAA
2024-01-01 18:04:26,LKPR,LOWW
2024-01-02 23:12:55,LATI,LBSF
2024-01-01 15:26:44,EDDI,SPIM
2024-01-01 15:10:04,SBBR,EHAM
2024-01-04 04:22:06,EDDI,EBCI
2024-01-03 14:09:01,SCEL,VIDP
2024-01-02 16:05:40,WIII,SGAS
2024-01-02 19:37:27,SUAA,LBSF
2024-01-04 04:28:50,EDDI,LBSF
2024-01-04 03:14:48,EDDI,UMMS
2024-01-01 14:36:52,SUAA,LOWW
2024-01-03 01:45:37,SEQM,WMKK
2024-01-01 09:36:16,EBCI,WMKK
2024-01-03 12:24:59,LBSF,SKBO
2024-01-02 07:42:25,WMKK,SGAS
2024-01-02 03:33:29,UMMS,SPIM
2024-01-04 20:42:44,SUAA,LBSF
2024-01-03 13:09:34,EDDI,SBBR
2024-01-03 10:18:53,RJTT,SGAS
2024-01-03 22:27:31,SPIM,EKCH
2024-01-02 03:12:05,WIII,ZBAA
2024-01-04 14:35:32,VTBS,ZBAA
2024-01-03 15:16:57,LDZA,SVMI
2024-01-03 22:49:17,SVMI,OMDB
2024-01-03 20:26:30,SUAA,EDDI
2024-01-01 18:31:31,OMDB,WSSS
2024-01-03 20:24:43,LBSF,EDDI
2024-01-02 05:12:33,EKCH,UMMS
2024-01-01 02:01:47,WSSS,SGAS
2024-01-03 06:04:29,LKPR,SEQM
2024-01-04 15:10:52,VTBS,EKCH
2024-01-01 08:54:21,EDDI,ZBAA
2024-01-01 07:24:59,LOWW,LATI
2024-01-02 09:30:41,SPIM,WSSS
2024-01-01 00:36:51,RKSI,SABE
2024-01-01 13:42:06,SBBR,LKPR
2024-01-02 02:58:07,LBSF,RKSI
2024-01-03 22:08:27,LATI,LKPR
2024-01-01 23:26:35,SUAA,OMDB
2024-01-01 03:17:17,EDDI,SCEL
2024-01-03 04:02:33,EBCI,LDZA
2024-01-01 08:00:41,LKPR,EHAM
2024-01-03 04:12:08,WIII,SKBO
2024-01-01 21:19:10,EBCI,SUAA
2024-01-01 04:27:07,SLLP,SUAA
2024-01-03 08:37:17,SKBO,RPLL
2024-01-02 04:46:13,SBBR,EBCI
2024-01-02 11:51:12,EBCI,VTBS
2024-01-04 08:18:47,OMDB,RKSI
2024-01-01 11:17:10,WIII,OMDB
2024-01-01 12:52:48,LOWW,LBSF
2024-01-02 12:27:18,SABE,SUAA
2024-01-02 18:26:20,SPIM,EKCH
2024-01-04 19:45:20,VTBS,SABE
2024-01-01 12:38:24,SBBR,SCEL
2024-01-04 00:21:05,LBSF,WIII
2024-01-04 14:20:39,UMMS,VIDP
2024-01-02 09:15:36,LATI,EHAM
2024-01-03 14:50:31,RJTT,WIII
2024-01-01 08:35:43,SEQM,EKCH
2024-01-01 16:50:40,EHAM,RKSI
2024-01-01 22:58:49,EDDI,SVMI
2024-01-04 06:22:52,SLLP,WMKK
2024-01-01 06:56:56,SBBR,VTBS
2024-01-02 21:21:19,OMDB,SLLP
2024-01-04 22:31:18,WIII,LOWW
2024-01-01 17:21:54,SABE,UMMS
2024-01-01 17:49:38,VTBS,WMKK
2024-01-02 11:06:59,EBCI,WIII
2024-01-03 01:05:57,RPLL,SUAA
2024-01-01 13:43:53,RJTT,LBSF
2024-01-04 14:32:43,SUAA,LBSF
2024-01-02 07:06:15,LBSF,SEQM
2024-01-03 15:33:46,WMKK,LBSF
2024-01-01 14:43:22,LDZA,SKBO
2024-01-02 22:27:53,VTBS,SVMI
2024-01-04 16:28:37,EDDI,SGAS
2024-01-02 04:37:50,LDZA,UMMS
2024-01-04 13:26:14,SCEL,EHAM
2024-01-01 15:28:00,VIDP,EHAM
2024-01-04 01:59:28,LDZA,WSSS
2024-01-01 05:25:36,LATI,VIDP
2024-01-04 01:22:23,WSSS,RJTT
2024-01-02 12:33:34,SKBO,ZBAA
2024-01-01 22:23:11,SPIM,EHAM
2024-01-03 08:16:14,SVMI,UMMS
2024-01-01 15:20:57,VIDP,SPIM
2024-01-03 21:48:38,LATI,EHAM
2024-01-03 19:38:33,SUAA,EDDI
2024-01-03 01:09:20,RKSI,VIDP
2024-01-03 23:14:00,SBBR,LKPR
2024-01-02 20:42:07,SBBR,EHAM
2024-01-02 08:08:07,LDZA,LATI
2024-01-01 19:49:38,SBBR,LBSF
2024-01-03 02:36:06,VTBS,SLLP
2024-01-04 00:09:27,RKSI,SGAS
2024-01-03 02:14:20,LATI,VTBS
2024-01-04 22:30:40,OMDB,LBSF
2024-01-04 06:56:39,EKCH,WIII
2024-01-01 22:54:44,LDZA,SCEL
2024-01-03 22:29:15,WSSS,SLLP
2024-01-04 05:47:23,SCEL,OMDB
2024-01-01 20:09:12,EHAM,SCEL
2024-01-02 07:42:49,UMMS,LKPR
2024-01-03 22:49:52,LDZA,WSSS
2024-01-01 08:24:23,VTBS,SEQM
2024-01-04 23:47:05,SBBR,WMKK
2024-01-03 15:59:03,SCEL,RKSI
2024-01-04 05:41:02,LDZA,RKSI
2024-01-04 15:04:54,EKCH,LBSF
2024-01-04 04:38:55,RJTT,EBCI
2024-01-03 02:27:32,RPLL,SCEL
2024-01-04 06:29:17,RJTT,SLLP
2024-01-03 10:04:21,VTBS,EHAM
2024-01-01 01:59:32,SUAA,UMMS
2024-01-04 23:52:50,SGAS,OMDB
2024-01-01 23:06:35,SCEL,ZBAA
2024-01-01 13:58:37,LOWW,EHAM
2024-01-02 17:13:19,SPIM,ZBAA
2024-01-03 10:32:18,LKPR,SBBR
2024-01-04 10:13:01,LDZA,VIDP
2024-01-04 19:05:41,SBBR,SKBO
2024-01-01 22:01:30,SLLP,SPIM
2024-01-02 21:48:34,EHAM,EBCI
2024-01-04 09:59:00,LKPR,OMDB
2024-01-03 09:45:58,SEQM,SGAS
2024-01-01 22:17:18,RPLL,ZBAA
2024-01-04 09:01:11,LATI,ZBAA
2024-01-01 22:50:36,EKCH,SLLP
2024-01-02 21:55:48,LOWW,VIDP
2024-01-02 19:26:09,SVMI,SLLP
2024-01-01 07:04:54,RPLL,EKCH
2024-01-02 15:23:04,LOWW,RKSI
2024-01-03 10:22:52,WMKK,VTBS
2024-01-04 23:13:46,EHAM,VTBS
2024-01-01 07:21:39,LOWW,WSSS
2024-01-01 04:57:11,SKBO,OMDB
2024-01-03 05:28:52,EBCI,LBSF
2024-01-01 07:23:52,EBCI,LDZA
2024-01-04 10:54:14,SUAA,SPIM
2024-01-01 10:21:38,WIII,SVMI
2024-01-02 15:50:31,WIII,SEQM
2024-01-01 13:41:28,OMDB,RKSI
2024-01-04 09:50:46,VIDP,WIII
2024-01-04 02:29:07,LDZA,VTBS
2024-01-04 07:56:40,LKPR,SABE
2024-01-01 13:53:57,SCEL,EKCH
2024-01-01 11:56:28,SEQM,LOWW
2024-01-03 21:27:09,ZBAA,SKBO
2024-01-03 05:55:29,WIII,WMKK
2024-01-03 13:39:29,WIII,EDDI
2024-01-01 14:45:59,RJTT,SLLP
2024-01-03 00:27:26,UMMS,SVMI
2024-01-04 04:42:13,SKBO,WSSS
2024-01-02 13:51:58,SGAS,LDZA
2024-01-03 17:32:19,SUAA,RPLL
2024-01-02 14:28:24,EKCH,SLLP
2024-01-01 17:22:18,SBBR,SVMI
2024-01-01 01:12:31,WMKK,VTBS
2024-01-03 11:33:05,LOWW,RKSI
2024-01-03 09:00:27,SBBR,LOWW
2024-01-01 14:32:04,RJTT,SEQM
2024-01-02 12:15:47,SABE,EDDI
2024-01-03 09:09:57,ZBAA,RKSI
2024-01-02 07:11:21,SUAA,EKCH
2024-01-01 09:07:49,LBSF,ZBAA
2024-01-03 16:05:53,LKPR,EDDI
2024-01-02 13:04:55,EHAM,SBBR
2024-01-02 19:51:38,LOWW,SEQM
2024-01-03 05:41:33,UMMS,SLLP
2024-01-01 04:12:45,WIII,SGAS
2024-01-01 20:29:18,SLLP,RJTT
2024-01-02 07:06:50,RKSI,SBBR
2024-01-03 19:14:27,RPLL,WMKK
2024-01-03 14:25:58,EDDI,WIII
2024-01-02 11:46:55,VIDP,LKPR
2024-01-03 00:43:48,RKSI,VIDP
2024-01-04 04:04:56,EKCH,LOWW
2024-01-04 02:15:29,LOWW,LBSF
2024-01-02 11:53:12,UMMS,SABE
2024-01-03 23:17:55,SPIM,LDZA
2024-01-04 19:37:38,RKSI,SBBR
2024-01-03 00:48:44,WIII,WMKK
2024-01-04 20:17:24,EBCI,EDDI
2024-01-04 11:27:27,SKBO,SBBR
2024-01-04 22:23:05,RKSI,VIDP
2024-01-01 06:39:13,ZBAA,SPIM
2024-01-01 14:46:43,SKBO,RJTT
2024-01-04 07:03:54,LKPR,WMKK
2024-01-01 08:45:41,SKBO,LBSF
2024-01-01 19:00:17,LBSF,WSSS
2024-01-02 14:04:42,SCEL,LOWW
2024-01-03 09:25:00,LATI,ZBAA
2024-01-03 02:28:52,VTBS,RKSI
2024-01-04 18:58:11,SCEL,EDDI
2024-01-03 18:36:04,LDZA,EBCI
2024-01-04 11:35:27,SLLP,WMKK
2024-01-03 08:32:59,SUAA,LDZA
2024-01-01 23:37:48,SVMI,ZBAA
2024-01-02 11:01:41,RPLL,EKCH
2024-01-02 00:57:17,LKPR,VTBS
2024-01-03 06:29:08,SABE,VIDP
2024-01-04 03:42:04,SCEL,VTBS
2024-01-04 01:47:29,SGAS,UMMS
2024-01-01 01:40:50,ZBAA,LATI
2024-01-02 08:15:03,SKBO,SVMI
2024-01-03 07:37:21,LATI,SPIM
2024-01-01 01:09:34,UMMS,RKSI
2024-01-03 01:58:36,VIDP,SGAS
2024-01-04 12:11:34,SGAS,SCEL
2024-01-03 13:47:42,SVMI,LDZA
2024-01-02 04:50:38,LOWW,SVMI
2024-01-01 07:35:21,SVMI,EBCI
2024-01-03 15:53:31,LKPR,LBSF
2024-01-04 09:39:49,LOWW,EDDI
2024-01-04 05:39:01,RJTT,WSSS
2024-01-04 16:22:11,RJTT,EBCI
2024-01-03 08:39:31,VTBS,SCEL
2024-01-01 03:03:31,RJTT,LOWW
2024-01-01 21:58:06,WIII,SCEL
2024-01-02 00:22:12,SBBR,LBSF
2024-01-03 05:58:08,LBSF,SCEL
2024-01-04 02:05:31,SVMI,EBCI
2024-01-04 10:54:01,SLLP,LOWW
2024-01-02 09:53:39,WIII,SUAA
2024-01-04 08:47:44,RPLL,EDDI
2024-01-02 04:39:40,EBCI,SEQM
2024-01-02 09:29:41,SABE,LDZA
2024-01-01 01:37:21,SGAS,WIII
2024-01-04 09:37:49,OMDB,RJTT
2024-01-03 11:25:41,LATI,SCEL
2024-01-04 17:45:51,EBCI,SEQM
2024-01-02 03:47:06,WSSS,RKSI
2024-01-01 10:53:18,RPLL,OMDB
2024-01-04 19:12:40,WMKK,SKBO
2024-01-03 22:14:49,SVMI,LDZA
2024-01-01 07:23:25,WMKK,LBSF
2024-01-03 12:48:28,RJTT,SLLP
2024-01-04 07:06:33,EDDI,ZBAA
2024-01-02 01:05:07,SGAS,EKCH
2024-01-03 22:58:31,LATI,SLLP
2024-01-01 11:50:42,SVMI,SCEL
2024-01-02 21:20:51,WMKK,SCEL
2024-01-02 05:17:02,WMKK,SGAS
2024-01-01 11:21:44,SPIM,SVMI
2024-01-02 01:58:50,VIDP,LBSF
2024-01-02 15:19:48,LATI,RJTT
2024-01-02 11:40:04,SVMI,SPIM
2024-01-03 19:54:09,WMKK,EBCI
2024-01-04 08:44:16,LATI,WMKK
2024-01-02 18:51:43,SBBR,SEQM
2024-01-03 20:24:33,SBBR,OMDB
2024-01-02 18:27:50,LATI,SPIM
2024-01-03 02:02:24,LKPR,EKCH
2024-01-02 16:43:01,SLLP,ZBAA
2024-01-02 19:11:46,LDZA,OMDB
2024-01-02 03:58:40,EDDI,WMKK
2024-01-01 15:00:14,LBSF,SEQM
2024-01-01 21:59:07,EDDI,SCEL
2024-01-01 00:20:52,WIII,VIDP
2024-01-01 04:49:02,SKBO,SGAS
2024-01-04 09:29:35,LBSF,RJTT
2024-01-04 14:33:33,EBCI,WMKK
2024-01-01 01:58:00,WIII,SCEL
2024-01-02 03:20:06,WSSS,SEQM
2024-01-02 12:37:36,SUAA,EDDI
2024-01-03 01:20:18,WMKK,OMDB
2024-01-03 09:02:05,RPLL,UMMS
2024-01-03 19:14:47,LATI,WSSS
2024-01-04 14:07:06,VIDP,ZBAA
2024-01-03 15:25:13,SEQM,SVMI
2024-01-03 01:43:12,OMDB,SABE
2024-01-03 06:38:36,RJTT,EHAM
2024-01-04 03:19:27,EKCH,SEQM
2024-01-03 16:19:16,LATI,SPIM
2024-01-02 07:35:46,SCEL,SVMI
2024-01-03 09:56:44,SABE,LATI
2024-01-02 19:25:59,SPIM,RJTT
2024-01-03 22:21:36,WMKK,VTBS
2024-01-04 20:18:07,RPLL,LKPR
2024-01-04 02:37:37,SLLP,EKCH
2024-01-02 21:20:36,EBCI,SCEL
2024-01-03 14:45:12,RJTT,EBCI
2024-01-02 19:56:35,VIDP,EDDI
2024-01-03 02:02:15,LATI,SGAS
2024-01-02 07:17:34,VIDP,WMKK
2024-01-02 17:51:59,LATI,VTBS
2024-01-04 19:54:40,WMKK,LDZA
2024-01-02 23:48:05,WSSS,WIII
2024-01-03 01:49:31,SKBO,EBCI
2024-01-02 14:20:41,SCEL,SUAA
2024-01-01 03:38:35,WMKK,RKSI
2024-01-04 03:32:25,SABE,VIDP
2024-01-04 08:36:59,WSSS,RKSI
2024-01-03 18:18:37,SEQM,SCEL
2024-01-02 01:30:07,RKSI,EHAM
2024-01-01 14:11:09,UMMS,RKSI
2024-01-03 06:10:17,SBBR,OMDB
2024-01-02 15:17:15,VTBS,EDDI
2024-01-04 09:43:59,VIDP,EBCI
2024-01-01 05:52:50,EDDI,UMMS
2024-01-03 11:09:57,VTBS,OMDB
2024-01-02 12:29:09,WIII,EKCH
2024-01-02 06:52:55,WIII,LBSF
2024-01-03 16:59:32,EKCH,LDZA
2024-01-01 07:59:54,EHAM,SGAS
2024-01-02 21:11:21,EDDI,RJTT
2024-01-03 07:33:39,UMMS,SABE
2024-01-04 17:19:20,SBBR,SKBO
2024-01-03 23:36:27,EBCI,OMDB
2024-01-01 22:25:59,LKPR,RKSI
2024-01-03 15:19:39,LBSF,SGAS
2024-01-01 23:54:04,EDDI,LOWW
2024-01-01 03:25:14,LDZA,SCEL
2024-01-02 19:16:27,VIDP,RJTT
2024-01-01 03:39:28,EHAM,OMDB
2024-01-03 19:50:14,SGAS,WIII
2024-01-04 06:22:44,WSSS,LATI
2024-01-01 08:29:06,EKCH,RJTT
2024-01-02 22:56:41,WIII,ZBAA
2024-01-01 13:51:16,ZBAA,WSSS
2024-01-04 03:19:09,EBCI,SGAS
2024-01-03 14:50:22,UMMS,SKBO
2024-01-01 04:38:22,RJTT,LOWW
2024-01-03 14:03:02,SLLP,SPIM
2024-01-04 04:50:31,SGAS,SUAA
2024-01-04 07:46:22,VIDP,RJTT
2024-01-03 16:11:37,EHAM,SUAA
2024-01-01 02:38:00,LOWW,RKSI
2024-01-04 13:37:14,SLLP,ZBAA
2024-01-04 07:38:36,WSSS,SBBR
2024-01-04 19:50:02,RJTT,SLLP
2024-01-02 20:12:14,SGAS,RKSI
2024-01-02 16:54:14,LBSF,UMMS
2024-01-04 21:32:57,ZBAA,LATI
2024-01-03 04:04:30,VIDP,SPIM
2024-01-01 20:04:31,SLLP,EBCI
2024-01-03 00:02:00,SVMI,EKCH
2024-01-02 15:30:47,EDDI,EHAM
2024-01-01 23:32:51,SVMI,SGAS
2024-01-02 19:06:56,RKSI,ZBAA
2024-01-04 01:10:05,WMKK,EKCH
2024-01-01 14:12:29,RJTT,LDZA
2024-01-02 06:01:34,LDZA,EHAM
2024-01-04 05:09:34,EKCH,EBCI
2024-01-02 17:20:44,RPLL,EDDI
2024-01-03 09:51:06,EDDI,WIII
2024-01-02 03:51:21,RKSI,WIII
2024-01-01 07:52:30,SKBO,RJTT
2024-01-01 09:41:05,EBCI,SUAA
2024-01-02 22:31:54,EHAM,WSSS
2024-01-02 14:40:44,WMKK,RJTT
2024-01-02 13:14:35,SLLP,LOWW
2024-01-02 14:11:20,SUAA,RPLL
2024-01-01 08:44:54,ZBAA,UMMS
2024-01-04 11:26:52,SEQM,WIII
2024-01-04 09:58:57,SBBR,WMKK
2024-01-01 10:03:17,ZBAA,EKCH
2024-01-03 00:24:54,SKBO,SUAA
2024-01-03 07:31:42,EDDI,LDZA
2024-01-01 16:07:21,EKCH,SVMI
2024-01-04 17:01:02,LKPR,WMKK
2024-01-04 05:28:48,SGAS,SBBR
2024-01-04 13:34:39,OMDB,EKCH
2024-01-04 07:05:41,LBSF,WIII
2024-01-01 12:23:14,LKPR,UMMS
2024-01-04 02:02:54,LOWW,VIDP
2024-01-03 04:05:35,SVMI,LOWW
2024-01-04 08:35:56,VIDP,WIII
2024-01-01 19:29:01,EHAM,SVMI
2024-01-04 19:06:31,LOWW,SEQM
2024-01-02 06:12:13,SCEL,RKSI
2024-01-04 11:38:35,SEQM,SPIM
2024-01-02 05:29:03,RJTT,VTBS
2024-01-04 08:14:24,LATI,RJTT
2024-01-04 02:02:27,RKSI,EHAM
2024-01-03 03:27:24,LDZA,RKSI
2024-01-04 05:18:13,RKSI,SEQM
2024-01-01 03:28:31,LDZA,SCEL
2024-01-04 01:32:39,EBCI,UMMS
2024-01-02 20:08:59,ZBAA,EHAM
2024-01-01 17:17:23,LDZA,LKPR
2024-01-03 23:49:43,SABE,SPIM
2024-01-02 05:48:40,UMMS,EDDI
2024-01-01 05:44:39,SUAA,OMDB
2024-01-04 19:56:44,SUAA,EHAM
2024-01-03 23:02:10,WIII,LATI
2024-01-01 03:28:59,RJTT,EDDI
2024-01-01 17:24:26,LKPR,EHAM
2024-01-04 16:56:35,LDZA,SCEL
2024-01-04 05:57:37,RJTT,EBCI
2024-01-03 10:14:17,SBBR,SCEL
2024-01-03 08:41:02,LBSF,WSSS
2024-01-01 00:57:35,LATI,VIDP
2024-01-03 20:02:20,OMDB,RKSI
2024-01-01 22:05:37,SEQM,LOWW
2024-01-04 05:27:29,UMMS,LDZA
2024-01-03 12:32:45,EHAM,SUAA
2024-01-02 14:41:42,EDDI,SABE
2024-01-02 05:06:44,SCEL,RPLL
2024-01-02 12:02:05,SVMI,EBCI
2024-01-02 14:44:54,LBSF,SPIM
2024-01-02 20:57:47,SKBO,SEQM
2024-01-03 23:29:26,EBCI,SUAA
2024-01-01 11:00:52,SEQM,ZBAA
2024-01-01 17:13:46,ZBAA,VTBS
2024-01-02 02:25:28,SKBO,SVMI
2024-01-04 10:15:26,ZBAA,OMDB
2024-01-02 08:46:08,WMKK,SEQM
2024-01-03 22:27:18,EBCI,EDDI
2024-01-04 19:28:46,SKBO,SCEL
2024-01-03 12:53:26,RKSI,SUAA
2024-01-02 17:53:39,RJTT,LBSF
2024-01-02 15:42:05,RJTT,LOWW
2024-01-03 17:20:36,EHAM,EKCH
2024-01-03 20:12:10,OMDB,LOWW
2024-01-02 18:54:55,OMDB,SKBO
2024-01-04 18:05:31,SPIM,LOWW
2024-01-01 03:21:47,EKCH,WMKK
2024-01-03 13:30:42,EBCI,EKCH
2024-01-04 01:31:44,SEQM,SKBO
2024-01-03 03:50:29,RJTT,SGAS
2024-01-04 04:15:47,WMKK,EBCI
2024-01-04 05:40:30,SPIM,RKSI
2024-01-02 06:04:52,SABE,EBCI
2024-01-01 09:24:49,LDZA,OMDB
2024-01-01 19:18:49,SABE,WSSS
2024-01-03 01:11:31,ZBAA,SLLP
2024-01-02 00:26:26,SCEL,OMDB
2024-01-01 05:17:16,RPLL,VIDP
2024-01-01 00:58:37,EDDI,SBBR
2024-01-04 01:07:48,VIDP,SLLP
2024-01-04 01:24:20,LDZA,SABE
2024-01-02 15:01:53,SEQM,VIDP
2024-01-04 10:48:04,WIII,LATI
2024-01-03 09:08:42,LATI,VTBS
2024-01-02 11:42:12,SCEL,SLLP
2024-01-02 18:32:51,LKPR,RPLL
2024-01-03 04:47:12,LBSF,VIDP
2024-01-03 07:48:19,SUAA,RPLL
2024-01-01 13:41:54,SKBO,LATI
2024-01-01 04:19:41,RJTT,EDDI
2024-01-03 04:04:27,SVMI,RJTT
2024-01-03 17:36:48,SEQM,RPLL
2024-01-02 23:21:26,SUAA,UMMS
2024-01-04 06:32:46,SEQM,SABE
2024-01-03 09:58:08,WSSS,LATI
2024-01-01 12:25:34,ZBAA,EKCH
2024-01-01 06:11:00,SBBR,LKPR
2024-01-01 04:27:16,VIDP,WIII
2024-01-03 12:17:58,SKBO,LBSF
2024-01-01 07:41:58,SGAS,ZBAA
2024-01-03 06:30:44,EKCH,EBCI
2024-01-04 17:56:29,LBSF,EKCH
2024-01-04 04:48:41,SBBR,EDDI
2024-01-02 20:24:04,EKCH,SKBO
2024-01-02 16:56:19,OMDB,SABE
2024-01-02 12:44:31,WMKK,SLLP
2024-01-03 07:31:30,WMKK,EDDI
2024-01-01 15:28:52,LKPR,EDDI
2024-01-04 00:23:23,SEQM,OMDB
2024-01-02 13:25:38,SVMI,EBCI
2024-01-02 10:54:50,RPLL,SABE
2024-01-02 18:23:21,RPLL,SCEL
2024-01-03 09:50:24,SABE,VIDP
2024-01-01 11:04:06,SKBO,SBBR
2024-01-02 03:14:32,EKCH,SLLP
2024-01-02 20:39:32,VIDP,EBCI
2024-01-02 02:00:04,LBSF,EBCI
2024-01-01 00:45:51,LOWW,WSSS
2024-01-02 19:56:47,VIDP,WMKK
2024-01-04 09:32:29,WSSS,SVMI
2024-01-03 22:34:26,EHAM,LDZA
2024-01-03 18:54:48,LOWW,SPIM
2024-01-02 20:58:32,WIII,SPIM
2024-01-04 20:50:47,SVMI,LBSF
2024-01-01 15:50:38,EHAM,LBSF
2024-01-03 13:48:45,EBCI,ZBAA
2024-01-03 20:45:21,LBSF,SPIM
2024-01-04 17:27:52,UMMS,EHAM
2024-01-04 17:40:14,UMMS,SCEL
2024-01-04 15:21:57,SBBR,WMKK
2024-01-02 04:57:48,LATI,VTBS
2024-01-03 00:20:56,SUAA,OMDB
2024-01-01 08:58:41,SPIM,EBCI
2024-01-04 11:00:55,EBCI,VIDP
2024-01-04 08:30:30,SEQM,EBCI
2024-01-01 07:56:35,SEQM,VIDP
2024-01-01 01:32:00,SKBO,WMKK
2024-01-02 03:14:28,SBBR,WIII
2024-01-01 04:07:44,WIII,RKSI
2024-01-01 10:37:30,RJTT,UMMS
2024-01-04 04:16:15,LATI,LKPR
2024-01-04 06:58:05,SPIM,SVMI
2024-01-02 14:24:58,RJTT,LBSF
2024-01-01 11:10:01,WSSS,WIII
2024-01-01 14:56:54,VIDP,SPIM
2024-01-01 05:20:30,SCEL,RPLL
2024-01-02 05:54:56,VTBS,RKSI
2024-01-01 14:02:32,SLLP,SGAS
2024-01-04 21:46:10,LKPR,LBSF
2024-01-04 22:35:25,RKSI,SPIM
2024-01-03 05:15:23,SGAS,SVMI
2024-01-04 03:45:54,UMMS,WSSS
2024-01-02 07:20:11,EBCI,SKBO
2024-01-02 13:45:51,WIII,LKPR
2024-01-02 01:36:19,VTBS,LBSF
2024-01-04 12:06:22,EKCH,SVMI
2024-01-02 04:57:04,RJTT,ZBAA
2024-01-01 08:23:22,RJTT,SPIM
2024-01-02 20:03:47,SABE,UMMS
2024-01-01 05:47:50,EDDI,LATI
2024-01-01 22:21:56,SBBR,WSSS
2024-01-02 08:23:14,EKCH,SUAA
2024-01-02 23:31:29,RKSI,SEQM
2024-01-03 18:18:37,SEQM,UMMS
2024-01-01 21:41:13,SGAS,SEQM
2024-01-03 18:24:17,SUAA,SLLP
2024-01-03 22:45:30,LKPR,EBCI
2024-01-02 09:46:48,EKCH,WSSS
2024-01-04 16:13:19,WMKK,RPLL
2024-01-04 00:18:15,SPIM,RJTT
2024-01-04 23:28:56,SEQM,WMKK
2024-01-01 08:32:42,SGAS,LKPR
2024-01-04 19:05:03,VTBS,SPIM
2024-01-01 08:19:41,LDZA,SKBO
2024-01-02 07:56:37,LATI,SBBR
2024-01-01 09:41:55,SUAA,OMDB
2024-01-04 01:55:46,LDZA,OMDB
2024-01-04 23:39:10,RJTT,SGAS
2024-01-02 19:53:38,OMDB,SPIM
2024-01-04 14:44:42,EHAM,SVMI
2024-01-01 15:40:33,LDZA,SVMI
2024-01-02 15:56:30,WSSS,LATI
2024-01-04 12:42:28,EDDI,SLLP
2024-01-01 07:11:29,VTBS,VIDP
2024-01-04 07:57:05,RKSI,ZBAA
2024-01-03 10:33:56,EHAM,LKPR
2024-01-03 00:15:38,RPLL,VIDP
2024-01-02 10:46:15,LDZA,VIDP
2024-01-02 07:43:57,UMMS,LKPR
2024-01-04 13:55:35,SGAS,SPIM
2024-01-04 00:43:59,SGAS,EBCI
2024-01-04 18:36:59,WMKK,VTBS
2024-01-04 01:52:01,RJTT,WMKK
2024-01-04 22:32:32,UMMS,RPLL
2024-01-03 04:34:47,VTBS,SLLP
2024-01-04 02:07:23,SKBO,SVMI
2024-01-03 23:53:03,EHAM,LATI
2024-01-03 13:05:50,LATI,WIII
2024-01-04 17:16:30,LDZA,SPIM
2024-01-04 21:40:07,WIII,LDZA
2024-01-01 07:35:58,UMMS,LBSF
2024-01-03 21:28:08,SABE,VTBS
2024-01-04 04:46:04,SBBR,RJTT
2024-01-02 19:36:57,WMKK,SGAS
2024-01-03 12:44:24,EKCH,RKSI
2024-01-01 05:05:35,LBSF,SBBR
2024-01-01 23:28:30,EDDI,ZBAA
2024-01-04 08:49:09,SABE,WSSS
2024-01-02 16:16:30,SCEL,SLLP
2024-01-01 18:47:34,WMKK,EBCI
2024-01-04 11:53:02,WSSS,UMMS
2024-01-01 07:16:00,SVMI,RPLL
2024-01-04 22:25:40,SKBO,WMKK
2024-01-01 16:26:52,EKCH,EDDI
2024-01-04 18:06:51,OMDB,WSSS
2024-01-03 20:42:31,WIII,SABE
2024-01-02 20:03:27,LATI,SBBR
2024-01-02 22:25:20,SGAS,UMMS
2024-01-01 01:35:55,SLLP,VIDP
2024-01-01 04:27:26,EHAM,RKSI
2024-01-02 18:45:53,VTBS,SBBR
2024-01-04 17:31:23,SKBO,WIII
2024-01-01 16:15:04,SUAA,EBCI
2024-01-02 07:16:33,LBSF,RPLL
2024-01-02 10:58:19,VTBS,WIII
2024-01-02 13:29:25,RKSI,VIDP
2024-01-03 17:18:47,RKSI,SLLP
2024-01-01 01:53:39,EBCI,VTBS
2024-01-01 07:01:44,LDZA,EHAM
2024-01-04 22:26:56,WIII,SPIM
2024-01-03 18:59:30,LDZA,SCEL
2024-01-03 01:49:40,WIII,LOWW
2024-01-02 02:44:23,ZBAA,RKSI
2024-01-04 17:49:59,LOWW,SEQM
2024-01-03 01:48:19,RJTT,EHAM
2024-01-04 21:49:17,RPLL,SABE
2024-01-03 02:17:06,LDZA,UMMS
2024-01-02 22:25:29,LDZA,LKPR
2024-01-03 17:04:43,LKPR,LATI
2024-01-03 13:35:53,LKPR,VTBS
2024-01-04 07:38:59,SBBR,LKPR
2024-01-04 10:23:20,SEQM,LDZA
2024-01-01 19:30:09,RKSI,RPLL
2024-01-02 08:05:56,LATI,SBBR
2024-01-01 22:15:47,EBCI,EKCH
2024-01-03 17:37:15,LDZA,SKBO
2024-01-03 01:44:23,SVMI,SABE
2024-01-04 06:12:03,SABE,RPLL
2024-01-03 18:52:11,LBSF,SLLP
2024-01-01 19:43:37,VIDP,UMMS
2024-01-02 02:31:11,LKPR,RJTT
2024-01-04 00:19:39,SCEL,RKSI
2024-01-03 19:25:41,SGAS,VTBS
2024-01-03 15:00:10,SPIM,EDDI
2024-01-02 21:47:18,SUAA,SABE
2024-01-01 01:52:29,SGAS,RKSI
2024-01-01 15:06:20,EBCI,WMKK
2024-01-03 23:18:15,WIII,WSSS
2024-01-01 13:09:50,SLLP,UMMS
2024-01-04 01:07:51,WMKK,SLLP
2024-01-01 06:24:48,LOWW,WSSS
2024-01-04 07:40:06,EHAM,VTBS
2024-01-02 06:19:37,RJTT,WIII
2024-01-01 08:39:10,SEQM,LATI
2024-01-02 23:10:01,SABE,OMDB
2024-01-01 18:50:08,SGAS,LATI
2024-01-02 14:31:13,VTBS,OMDB
2024-01-01 00:15:45,VTBS,EDDI
2024-01-02 09:49:30,VTBS,RPLL
2024-01-04 03:25:56,WSSS,RKSI
2024-01-04 15:48:17,SGAS,SABE
2024-01-01 17:29:42,ZBAA,SKBO
2024-01-03 22:20:30,SCEL,SEQM
2024-01-02 18:30:50,SABE,OMDB
2024-01-03 02:01:29,VIDP,EHAM
2024-01-04 04:17:05,SABE,SKBO
2024-01-04 09:35:21,ZBAA,LOWW
2024-01-04 05:24:02,EKCH,EDDI
2024-01-04 16:02:45,RJTT,ZBAA
2024-01-04 03:14:26,LOWW,SVMI
2024-01-02 07:23:20,LDZA,RJTT
2024-01-04 18:38:41,WMKK,LOWW
2024-01-02 04:28:27,LATI,VIDP
2024-01-02 20:05:39,UMMS,SCEL
2024-01-02 16:06:34,SCEL,EBCI
2024-01-03 20:11:31,WMKK,SCEL
2024-01-01 06:29:25,RKSI,UMMS
2024-01-03 03:09:18,EKCH,RJTT
2024-01-03 04:42:13,WMKK,SBBR
2024-01-02 15:26:35,LATI,EKCH
2024-01-02 05:07:26,SKBO,SBBR
2024-01-02 09:11:54,EBCI,SLLP
2024-01-02 20:24:17,EKCH,EHAM
2024-01-02 22:43:38,SEQM,EHAM
2024-01-01 23:24:39,OMDB,SPIM
2024-01-02 21:04:05,LKPR,LDZA
2024-01-01 06:01:37,RJTT,LATI
2024-01-02 23:25:12,LKPR,RJTT
2024-01-02 02:24:34,UMMS,LDZA
2024-01-03 21:58:45,SUAA,UMMS
2024-01-02 13:58:03,SGAS,LOWW
2024-01-04 05:23:28,EDDI,SABE
2024-01-01 19:13:15,RPLL,VIDP
2024-01-04 22:27:10,RPLL,LDZA
2024-01-03 23:20:57,SVMI,RPLL
2024-01-01 16:15:13,LBSF,RKSI
2024-01-02 07:57:11,EBCI,RPLL
2024-01-04 04:48:14,EHAM,EDDI
2024-01-03 11:57:54,OMDB,WMKK
2024-01-03 12:44:35,SPIM,LKPR
2024-01-04 05:38:54,SUAA,SKBO
2024-01-02 22:13:06,SCEL,RKSI
2024-01-02 03:48:38,VTBS,SKBO
2024-01-04 07:54:01,SEQM,VTBS
2024-01-01 23:47:02,SKBO,SGAS
2024-01-03 02:15:34,OMDB,LBSF
2024-01-01 23:11:52,RKSI,LKPR
2024-01-02 00:44:05,EBCI,SBBR
2024-01-02 01:27:59,SKBO,UMMS
2024-01-01 16:38:15,RPLL,WIII
2024-01-01 02:39:21,VTBS,LBSF
2024-01-04 00:27:29,SGAS,LOWW
2024-01-04 13:24:14,ZBAA,WSSS
2024-01-02 07:55:39,EBCI,OMDB
2024-01-03 02:38:18,EDDI,SGAS
2024-01-02 15:00:44,RKSI,SVMI
2024-01-03 13:13:27,RKSI,WIII
2024-01-04 03:57:05,SVMI,SKBO
2024-01-04 03:33:39,EDDI,EHAM
2024-01-01 08:40:14,SABE,SKBO
2024-01-04 22:17:57,SLLP,RPLL
2024-01-04 05:23:29,WIII,SGAS
2024-01-04 17:25:02,SBBR,EBCI
2024-01-04 23:06:19,EHAM,LOWW
2024-01-01 01:44:54,EBCI,WIII
2024-01-04 15:07:57,LOWW,EDDI
2024-01-03 12:35:00,RJTT,SKBO
2024-01-03 19:02:28,EHAM,ZBAA
2024-01-02 04:08:56,WMKK,SVMI
2024-01-04 08:54:54,EHAM,RPLL
2024-01-01 16:57:42,WSSS,SKBO
2024-01-04 08:06:16,LOWW,SVMI
2024-01-03 11:05:38,SPIM,ZBAA
2024-01-01 07:16:26,LOWW,EDDI
2024-01-04 06:57:23,ZBAA,LOWW
2024-01-03 20:17:50,SBBR,LBSF
2024-01-01 04:16:16,EKCH,LKPR
2024-01-01 23:03:51,SEQM,EKCH
2024-01-01 05:39:09,OMDB,LKPR
2024-01-02 05:45:02,LOWW,RJTT
2024-01-03 14:46:09,EKCH,SABE
2024-01-03 07:57:24,EHAM,UMMS
2024-01-02 01:06:57,WMKK,SLLP
2024-01-03 05:54:42,EHAM,LKPR
2024-01-02 23:14:23,LKPR,SBBR
2024-01-04 11:22:13,SBBR,WSSS
2024-01-02 23:06:40,UMMS,EKCH
2024-01-01 10:06:27,SPIM,WMKK
2024-01-02 21:10:08,SPIM,RKSI
2024-01-03 16:12:41,EDDI,WSSS
2024-01-02 07:10:26,SGAS,SKBO
2024-01-03 02:27:03,LOWW,LATI
2024-01-01 13:33:27,SGAS,WMKK
2024-01-04 03:46:18,LATI,VIDP
2024-01-01 08:53:40,WMKK,VTBS
2024-01-01 15:28:25,SCEL,RKSI
2024-01-01 16:38:17,SBBR,UMMS
2024-01-01 02:00:46,LKPR,SCEL
2024-01-02 05:33:22,SLLP,EBCI
2024-01-02 17:41:05,WSSS,SCEL
2024-01-04 17:36:35,LATI,OMDB
2024-01-04 14:35:59,WIII,SBBR
2024-01-02 09:44:23,SGAS,SVMI
2024-01-01 22:03:07,SLLP,RJTT
2024-01-03 00:23:11,SABE,EHAM
2024-01-02 02:29:06,VTBS,LBSF
2024-01-01 08:26:31,SEQM,WIII
2024-01-01 21:53:56,WMKK,EKCH
2024-01-03 22:07:26,EDDI,SVMI
2024-01-03 07:50:21,EHAM,SGAS
2024-01-01 05:41:55,RJTT,SABE
2024-01-04 13:07:13,RPLL,SLLP
2024-01-03 11:01:51,ZBAA,RPLL
2024-01-04 14:25:22,SUAA,RKSI
2024-01-02 01:11:26,SGAS,LATI
2024-01-03 23:29:54,WMKK,SGAS
2024-01-01 16:52:51,RPLL,SLLP
2024-01-04 12:39:00,LDZA,EKCH
2024-01-01 23:10:26,LBSF,SLLP
2024-01-03 18:00:44,OMDB,EKCH
2024-01-02 19:02:07,EKCH,SCEL
2024-01-01 21:48:15,WSSS,SABE
2024-01-02 13:16:18,EHAM,VIDP
2024-01-03 08:56:31,VTBS,LOWW
2024-01-01 15:26:53,UMMS,SLLP
2024-01-02 06:22:06,VIDP,OMDB
2024-01-02 08:05:13,SKBO,SUAA
2024-01-03 11:45:01,OMDB,WSSS
2024-01-04 07:04:40,WMKK,SCEL
2024-01-01 19:58:57,SPIM,RKSI
2024-01-04 10:58:42,SBBR,LDZA
2024-01-03 07:10:33,EKCH,SBBR
2024-01-02 20:17:49,LKPR,RJTT
2024-01-03 11:55:33,LBSF,RKSI
2024-01-02 16:32:28,SLLP,SGAS
2024-01-04 01:09:11,RKSI,SEQM
2024-01-03 02:33:18,SCEL,UMMS
2024-01-04 03:05:14,LDZA,EBCI
2024-01-03 03:09:16,ZBAA,LBSF
2024-01-01 07:31:37,SUAA,LOWW
2024-01-03 10:49:41,LKPR,RPLL
2024-01-02 03:28:26,WMKK,SABE
2024-01-01 12:21:57,VTBS,OMDB
2024-01-04 17:02:46,ZBAA,SLLP
2024-01-01 14:53:57,OMDB,WSSS
2024-01-02 15:27:03,SLLP,LATI
2024-01-04 08:26:26,LDZA,SCEL
2024-01-03 05:54:44,LBSF,OMDB
2024-01-04 21:44:07,EBCI,SABE
2024-01-03 12:06:43,OMDB,EDDI
2024-01-01 09:27:13,EDDI,LATI
2024-01-03 01:15:39,SVMI,OMDB
2024-01-03 03:54:25,SCEL,WSSS
2024-01-03 22:25:34,SBBR,ZBAA
2024-01-01 00:27:43,WSSS,LKPR
2024-01-02 20:09:22,OMDB,SUAA
2024-01-02 06:15:22,WIII,LATI
2024-01-01 03:10:02,RPLL,VIDP
2024-01-03 06:45:08,WIII,SPIM
2024-01-04 11:07:21,LDZA,EHAM
2024-01-04 01:06:02,WSSS,SLLP
2024-01-03 14:51:31,SLLP,ZBAA
2024-01-04 20:16:52,LKPR,SPIM
2024-01-04 20:55:11,WIII,VIDP
2024-01-04 23:15:07,SEQM,SGAS
2024-01-04 23:45:13,EKCH,ZBAA
2024-01-04 08:47:11,EDDI,SKBO
2024-01-01 22:38:13,SVMI,EBCI
2024-01-01 14:25:06,LOWW,SKBO
2024-01-01 21:36:04,SGAS,SUAA
2024-01-02 00:39:18,SABE,WSSS
2024-01-04 22:17:01,LDZA,EDDI
2024-01-02 18:42:36,ZBAA,SCEL
2024-01-01 05:49:35,SKBO,SLLP
2024-01-03 03:59:36,SKBO,VIDP
2024-01-01 22:26:05,SUAA,SKBO
2024-01-04 04:29:50,RKSI,LBSF
2024-01-03 20:32:37,EBCI,LBSF
2024-01-04 23:15:53,LBSF,RKSI
2024-01-01 10:02:51,LKPR,WMKK
2024-01-01 19:08:37,SPIM,SABE
2024-01-04 09:02:14,LATI,RPLL
2024-01-02 03:13:10,SKBO,SPIM
2024-01-04 06:30:19,WMKK,SCEL
2024-01-04 20:26:17,EDDI,WMKK
2024-01-04 06:17:20,WSSS,SGAS
2024-01-01 05:42:04,ZBAA,SKBO
2024-01-01 14:07:51,OMDB,VIDP
2024-01-01 05:44:56,EBCI,SLLP
2024-01-02 09:47:18,EKCH,SUAA
2024-01-01 05:00:49,UMMS,SLLP
2024-01-03 23:08:20,OMDB,SVMI
2024-01-03 19:14:27,LKPR,VIDP
2024-01-01 11:47:12,EHAM,WMKK
2024-01-03 09:00:12,EDDI,WMKK
2024-01-02 07:43:09,SEQM,EHAM
2024-01-03 15:01:03,LDZA,EDDI
2024-01-03 03:26:49,SUAA,EHAM
2024-01-04 04:38:14,RJTT,WIII
2024-01-03 17:43:42,EKCH,SCEL
2024-01-03 18:03:29,RPLL,WIII
2024-01-02 01:15:38,ZBAA,VTBS
2024-01-01 04:49:20,UMMS,LBSF
2024-01-01 10:43:13,SBBR,RJTT
2024-01-03 12:45:55,SUAA,SEQM
2024-01-02 19:53:24,WMKK,SPIM
2024-01-02 01:32:43,EBCI,SUAA
2024-01-04 23:56:16,SCEL,WSSS
2024-01-01 16:09:27,SABE,SGAS
2024-01-01 13:56:20,OMDB,LATI
2024-01-02 15:11:31,SLLP,SGAS
2024-01-04 07:56:21,SCEL,VTBS
2024-01-01 03:37:08,LATI,SABE
2024-01-01 13:14:26,SEQM,ZBAA
2024-01-04 02:12:10,LDZA,LBSF
2024-01-01 13:14:05,LOWW,ZBAA
2024-01-01 05:39:29,ZBAA,LBSF
2024-01-03 09:43:42,SEQM,VIDP
2024-01-01 14:11:18,SBBR,SPIM
2024-01-03 17:57:27,LATI,WMKK
2024-01-04 17:12:39,SLLP,EBCI
2024-01-04 01:14:14,LATI,SABE
2024-01-04 12:26:11,LBSF,SEQM
2024-01-01 17:16:44,EHAM,SKBO
2024-01-03 23:59:39,EBCI,WMKK
2024-01-02 11:13:37,WIII,WMKK
2024-01-04 07:44:17,OMDB,SEQM
2024-01-04 16:03:03,LOWW,WSSS
2024-01-01 01:05:31,UMMS,OMDB
2024-01-03 07:56:47,LKPR,LATI
2024-01-03 09:50:33,RJTT,UMMS
2024-01-04 11:52:53,SKBO,LATI
2024-01-03 00:24:30,LDZA,EHAM
2024-01-01 23:36:45,SPIM,EBCI
2024-01-03 00:24:04,SCEL,LBSF
2024-01-04 13:14:40,SVMI,EDDI
2024-01-01 16:54:49,VTBS,VIDP
2024-01-03 17:55:21,SVMI,VIDP
2024-01-04 01:16:14,LBSF,SEQM
2024-01-01 15:17:17,WIII,SLLP
2024-01-02 13:35:16,LBSF,SEQM
2024-01-02 03:35:03,SCEL,ZBAA
2024-01-02 03:02:30,LBSF,SPIM
2024-01-04 14:06:32,ZBAA,SPIM
2024-01-01 07:22:56,WIII,LBSF
2024-01-03 04:09:14,SLLP,WSSS
2024-01-01 07:56:08,EHAM,WSSS
2024-01-02 00:10:04,SKBO,LATI
2024-01-01 00:16:06,SEQM,RPLL
2024-01-04 19:01:42,LATI,OMDB
2024-01-04 06:47:19,SEQM,VIDP
2024-01-03 23:55:42,SUAA,UMMS
2024-01-02 13:17:43,SGAS,LOWW
2024-01-04 02:02:47,SUAA,SLLP
2024-01-04 14:02:52,SUAA,RPLL
2024-01-03 17:36:51,LATI,RKSI
2024-01-04 07:34:47,VIDP,OMDB
2024-01-01 11:11:29,RJTT,SGAS
2024-01-02 02:58:32,SEQM,LDZA
2024-01-02 01:42:29,SUAA,VTBS
2024-01-04 01:48:21,EBCI,SKBO
2024-01-01 09:18:08,LATI,SABE
2024-01-01 16:29:51,WIII,RJTT
2024-01-01 08:20:49,SUAA,SVMI
2024-01-02 02:25:10,VTBS,WIII
2024-01-02 04:51:17,VTBS,EDDI
2024-01-01 10:44:37,SEQM,LBSF
2024-01-02 02:06:49,RPLL,EDDI
2024-01-01 01:13:26,RPLL,SEQM
2024-01-02 07:22:19,VTBS,SGAS
2024-01-04 15:49:23,EDDI,EKCH
2024-01-02 00:11:51,SABE,LATI
2024-01-04 08:00:30,ZBAA,UMMS
2024-01-01 23:39:56,RJTT,UMMS
2024-01-04 01:53:57,EBCI,RPLL
2024-01-04 11:12:11,SCEL,SLLP
2024-01-01 03:57:58,EBCI,EKCH
2024-01-04 04:21:32,EHAM,RJTT
2024-01-04 23:50:35,SVMI,LKPR
2024-01-04 09:35:55,RJTT,WMKK
2024-01-01 09:52:40,RJTT,RPLL
2024-01-01 10:21:27,SLLP,SUAA
2024-01-04 03:28:26,SEQM,SABE
2024-01-02 03:16:44,EKCH,RPLL
2024-01-01 07:34:04,SCEL,SABE
2024-01-04 17:05:34,WIII,UMMS
2024-01-03 09:46:18,EDDI,LOWW
2024-01-02 17:09:07,EBCI,RPLL
2024-01-04 02:24:16,UMMS,WSSS
2024-01-04 04:30:42,LATI,EHAM
2024-01-04 15:19:11,SCEL,SEQM
2024-01-02 16:38:26,ZBAA,SUAA
2024-01-04 02:32:37,VTBS,SLLP
2024-01-01 03:52:28,SGAS,WMKK
2024-01-01 16:28:07,EBCI,LOWW
2024-01-02 14:56:49,SABE,EDDI
2024-01-04 18:47:15,EDDI,SGAS
2024-01-04 13:31:35,EDDI,WMKK
2024-01-04 05:22:30,SGAS,ZBAA
2024-01-04 06:24:59,SEQM,LKPR
2024-01-02 13:01:02,EHAM,SPIM
2024-01-04 17:55:05,LDZA,LBSF
2024-01-01 17:13:54,RKSI,VIDP
2024-01-01 01:40:25,EHAM,SGAS
2024-01-03 23:45:17,LDZA,WSSS
2024-01-03 10:47:05,SCEL,SUAA
2024-01-03 14:53:58,SEQM,LDZA
2024-01-02 06:20:42,SPIM,RPLL
2024-01-02 05:50:55,SLLP,SBBR
2024-01-03 23:58:08,RJTT,VIDP
2024-01-01 18:53:18,RJTT,SKBO
2024-01-04 08:06:05,LKPR,WIII
2024-01-01 19:27:46,VIDP,WSSS
2024-01-03 21:32:53,EKCH,RJTT
2024-01-02 17:19:32,EKCH,VTBS
2024-01-03 08:47:59,LKPR,EHAM
2024-01-03 09:51:55,SGAS,SBBR
2024-01-04 18:05:50,OMDB,LBSF
2024-01-03 02:42:29,VTBS,OMDB
2024-01-01 23:38:37,LDZA,SABE
2024-01-01 10:58:28,RPLL,OMDB
2024-01-02 16:18:29,EBCI,EHAM
2024-01-02 02:25:08,SLLP,UMMS
2024-01-04 05:16:22,SLLP,SUAA
2024-01-03 08:17:37,UMMS,RKSI
2024-01-02 17:02:59,WMKK,SEQM
2024-01-03 12:00:37,EKCH,LATI
2024-01-04 11:44:05,LOWW,UMMS
2024-01-03 04:30:07,VIDP,SPIM
2024-01-03 05:13:36,WSSS,LKPR
2024-01-02 05:34:37,VIDP,LBSF
2024-01-02 03:54:35,LDZA,SKBO
2024-01-03 15:15:52,WIII,WSSS
2024-01-03 14:43:49,VTBS,UMMS
2024-01-01 15:56:14,SPIM,LKPR
2024-01-04 14:21:36,EHAM,SBBR
2024-01-03 10:06:31,WMKK,LBSF
2024-01-01 22:48:44,SPIM,UMMS
2024-01-02 13:38:47,SKBO,SLLP
2024-01-03 18:48:45,EDDI,WIII
2024-01-03 01:34:10,VIDP,EDDI
2024-01-03 17:46:34,LATI,LOWW
2024-01-02 04:18:18,EDDI,WSSS
2024-01-01 22:53:46,VTBS,SVMI
2024-01-02 01:25:21,SABE,SBBR
2024-01-01 17:21:15,RJTT,VIDP
2024-01-02 15:55:02,RKSI,SEQM
2024-01-04 20:06:57,SLLP,EBCI
2024-01-02 13:52:49,EKCH,RJTT
2024-01-02 06:05:58,SGAS,EHAM
2024-01-01 07:24:03,EHAM,LOWW
2024-01-02 08:40:02,VTBS,SEQM
2024-01-01 22:43:33,SABE,RJTT
2024-01-03 20:18:10,RJTT,LATI
2024-01-03 16:13:10,WIII,ZBAA
2024-01-04 00:08:54,SEQM,SCEL
2024-01-02 01:13:35,EHAM,VIDP
2024-01-02 14:24:42,SCEL,WSSS
2024-01-01 22:55:22,EDDI,SUAA
2024-01-01 16:45:05,RKSI,VTBS
2024-01-04 01:20:19,LBSF,WIII
2024-01-04 19:30:06,RPLL,LATI
2024-01-03 00:55:44,UMMS,SBBR
2024-01-02 03:18:34,SUAA,WSSS
2024-01-03 15:20:39,RKSI,SUAA
2024-01-01 13:22:31,SCEL,LKPR
2024-01-01 09:42:26,EBCI,RPLL
2024-01-01 03:56:34,EKCH,LBSF
