2024-01-03 05:15:12,WSSS,EHAM
2024-01-02 18:07:28,LATI,VTBS
2024-01-02 08:18:05,SEQM,SLLP
2024-01-03 23:40:06,VTBS,SVMI
2024-01-03 01:03:11,VIDP,SCEL
2024-01-01 18:03:12,LOWW,SEQM
2024-01-01 13:38:49,SLLP,SKBO
2024-01-04 07:43:59,EKCH,SEQM
2024-01-04 01:27:55,RJTT,SGAS
2024-01-03 00:59:14,ZBAA,SEQM
2024-01-01 11:30:17,SVMI,VIDP
2024-01-03 15:45:32,EBCI,WIII
2024-01-01 21:54:19,SGAS,WMKK
2024-01-01 13:25:26,RJTT,VIDP
2024-01-02 06:48:48,VIDP,LBSF
2024-01-04 10:00:18,ZBAA,SABE
2024-01-04 14:26:27,UMMS,LOWW
2024-01-01 11:25:46,SABE,LBSF
2024-01-02 15:24:05,OMDB,SCEL
2024-01-03 10:36:12,LATI,RKSI
2024-01-03 09:38:48,EHAM,SVMI
2024-01-03 07:22:15,SEQM,LBSF
2024-01-03 08:13:33,VIDP,LBSF
2024-01-02 18:47:52,WSSS,VIDP
2024-01-02 01:48:23,RKSI,SEQM
2024-01-04 04:14:46,RJTT,SKBO
2024-01-04 15:36:48,EHAM,SGAS
2024-01-03 02:59:09,VIDP,RJTT
2024-01-01 01:24:52,LATI,LKPR
2024-01-04 07:42:44,OMDB,SBBR
2024-01-02 13:34:45,SGAS,SABE
2024-01-02 06:28:21,RPLL,SVMI
2024-01-01 03:05:31,SUAA,SBBR
2024-01-02 12:16:03,SCEL,RPLL
2024-01-01 05:59:23,ZBAA,LDZA
2024-01-03 01:28:48,WIII,WSSS
2024-01-04 04:52:34,EBCI,ZBAA
2024-01-01 09:12:24,WSSS,SKBO
2024-01-04 00:13:47,SGAS,VIDP
2024-01-03 07:29:23,RKSI,WIII
2024-01-04 05:00:02,SLLP,EBCI
2024-01-03 22:42:14,SVMI,SCEL
2024-01-01 06:52:18,OMDB,LBSF
2024-01-01 13:20:16,LDZA,UMMS
2024-01-03 11:39:06,SABE,LOWW
2024-01-04 18:34:53,VTBS,SGAS
2024-01-04 05:56:58,LOWW,EKCH
2024-01-04 04:18:09,ZBAA,LDZA
2024-01-04 06:15:14,VIDP,SLLP
2024-01-01 07:40:55,LDZA,SKBO
2024-01-03 22:04:59,WMKK,ZBAA
2024-01-02 06:31:30,EKCH,LOWW
2024-01-03 03:40:47,SUAA,VIDP
2024-01-04 20:43:52,WIII,SBBR
2024-01-04 03:21:15,WMKK,EDDI
2024-01-01 08:21:57,LATI,SABE
2024-01-02 21:00:00,SLLP,WSSS
2024-01-03 12:21:52,RJTT,RPLL
2024-01-03 11:02:13,RPLL,LKPR
2024-01-01 13:55:37,EKCH,EDDI
2024-01-04 02:24:12,LOWW,SABE
2024-01-01 12:08:23,WMKK,RJTT
2024-01-03 12:09:05,SEQM,VTBS
2024-01-03 12:31:23,OMDB,SCEL
2024-01-01 05:15:03,SEQM,SUAA
2024-01-01 00:12:21,SPIM,WIII
2024-01-01 13:59:52,SUAA,SVMI
2024-01-01 15:47:52,WSSS,ZBAA
2024-01-02 16:45:19,VIDP,ZBAA
2024-01-04 09:57:04,OMDB,WIII
2024-01-03 04:50:53,WMKK,WIII
2024-01-04 22:09:04,VIDP,SPIM
2024-01-04 03:19:34,WIII,SCEL
2024-01-01 21:13:02,LBSF,SUAA
2024-01-02 11:28:27,WMKK,SABE
2024-01-03 22:11:26,WMKK,EHAM
2024-01-01 14:41:14,LATI,SCEL
2024-01-04 00:49:56,WMKK,SBBR
2024-01-02 09:14:59,RPLL,WIII
2024-01-01 05:51:48,VTBS,SEQM
2024-01-03 22:00:08,LATI,EKCH
2024-01-02 00:52:48,SGAS,LBSF
2024-01-04 04:18:51,WSSS,VTBS
2024-01-02 07:28:27,SABE,SBBR
2024-01-03 08:47:29,EKCH,SLLP
2024-01-03 18:38:09,SPIM,EKCH
2024-01-04 22:21:50,WMKK,EHAM
2024-01-01 16:21:46,RPLL,LDZA
2024-01-01 00:02:01,RKSI,OMDB
2024-01-01 19:30:56,LOWW,WIII
2024-01-04 01:30:24,EBCI,RPLL
2024-01-03 05:02:00,OMDB,SKBO
2024-01-01 12:35:34,VTBS,UMMS
2024-01-04 13:57:58,SPIM,EDDI
2024-01-01 23:43:10,EDDI,ZBAA
2024-01-04 09:27:30,RJTT,SABE
2024-01-04 12:42:30,WIII,LDZA
2024-01-03 23:02:50,EKCH,EHAM
2024-01-02 21:45:43,OMDB,VTBS
2024-01-02 20:22:08,ZBAA,LOWW
2024-01-01 15:25:45,EBCI,EKCH
2024-01-03 10:42:19,EDDI,VTBS
2024-01-03 18:43:35,SGAS,SCEL
2024-01-03 02:33:00,EHAM,EDDI
2024-01-03 06:17:58,OMDB,SLLP
2024-01-01 11:11:33,VIDP,EHAM
2024-01-01 17:18:03,SABE,UMMS
2024-01-01 07:11:17,UMMS,LOWW
2024-01-04 23:06:13,EBCI,LDZA
2024-01-04 11:03:22,SEQM,SLLP
2024-01-01 03:10:44,ZBAA,SCEL
2024-01-01 10:10:07,ZBAA,WSSS
2024-01-04 07:42:39,SPIM,WSSS
2024-01-04 10:12:37,RKSI,UMMS
2024-01-03 12:16:12,WMKK,SKBO
2024-01-03 11:57:17,ZBAA,SEQM
2024-01-04 06:44:11,SABE,EHAM
2024-01-04 08:50:32,SBBR,ZBAA
2024-01-01 19:06:04,WMKK,ZBAA
2024-01-01 16:15:53,EKCH,SBBR
2024-01-04 06:43:45,RPLL,SUAA
2024-01-04 21:02:25,WIII,SBBR
2024-01-02 06:03:33,EDDI,WIII
2024-01-03 03:13:00,WMKK,LATI
2024-01-01 11:10:23,SPIM,WSSS
2024-01-03 04:56:46,LATI,LKPR
2024-01-04 14:17:43,SGAS,LKPR
2024-01-02 04:16:54,EHAM,VTBS
2024-01-02 01:17:49,SUAA,LBSF
2024-01-01 01:27:02,WSSS,LATI
2024-01-04 20:34:16,ZBAA,LOWW
2024-01-04 20:17:13,LKPR,SLLP
2024-01-03 09:24:21,LBSF,SUAA
2024-01-02 18:20:19,SKBO,EBCI
2024-01-04 10:07:41,WSSS,EKCH
2024-01-04 13:41:32,SLLP,LKPR
2024-01-04 22:31:57,SVMI,LKPR
2024-01-01 12:36:50,SABE,WMKK
2024-01-03 01:11:58,SUAA,OMDB
2024-01-02 12:32:46,SBBR,RKSI
2024-01-02 02:16:43,WMKK,SLLP
2024-01-04 01:20:42,SKBO,VTBS
2024-01-04 01:51:51,SGAS,SPIM
2024-01-02 05:47:39,SEQM,SGAS
2024-01-02 15:59:22,WMKK,LDZA
2024-01-03 16:01:17,SABE,RKSI
2024-01-03 23:55:22,LATI,WIII
2024-01-04 02:37:11,WIII,SEQM
2024-01-01 20:13:26,ZBAA,WMKK
2024-01-04 06:55:22,SPIM,LBSF
2024-01-02 21:07:04,LOWW,RPLL
2024-01-04 18:33:38,VTBS,OMDB
2024-01-01 20:32:05,EDDI,SBBR
2024-01-03 21:53:00,LKPR,SLLP
2024-01-04 19:30:56,OMDB,RPLL
2024-01-04 23:32:31,SVMI,UMMS
2024-01-01 09:36:08,LOWW,EKCH
2024-01-02 03:23:26,VTBS,SPIM
2024-01-03 09:41:30,UMMS,VIDP
2024-01-02 21:47:50,WMKK,WSSS
2024-01-03 14:44:43,LATI,WIII
2024-01-04 02:44:46,EKCH,SUAA
2024-01-01 00:50:44,ZBAA,SLLP
2024-01-02 12:19:53,VIDP,LKPR
2024-01-03 04:27:02,EBCI,SABE
2024-01-02 02:13:20,LDZA,WIII
2024-01-03 07:18:34,WSSS,EHAM
2024-01-04 21:14:42,OMDB,SBBR
2024-01-03 00:45:04,WSSS,EKCH
2024-01-03 09:00:52,SGAS,RPLL
2024-01-01 11:40:39,EDDI,SBBR
2024-01-01 01:33:24,LBSF,RJTT
2024-01-01 20:28:28,SLLP,RPLL
2024-01-01 12:26:42,EDDI,OMDB
2024-01-01 00:05:15,WMKK,RPLL
2024-01-03 14:35:00,EKCH,RJTT
2024-01-02 08:42:03,WMKK,SPIM
2024-01-03 02:51:39,LKPR,LATI
2024-01-02 10:30:36,EKCH,SBBR
2024-01-01 07:12:21,LOWW,LBSF
2024-01-03 00:22:54,EBCI,EDDI
2024-01-03 03:59:32,WMKK,SVMI
2024-01-01 18:37:24,SGAS,SCEL
2024-01-01 17:08:39,SGAS,ZBAA
2024-01-01 21:47:22,SBBR,SABE
2024-01-01 01:18:33,SUAA,EHAM
2024-01-02 00:43:43,EHAM,RKSI
2024-01-04 01:03:42,RKSI,SBBR
2024-01-04 21:03:16,SVMI,EKCH
2024-01-02 00:46:11,SPIM,EKCH
2024-01-02 07:18:32,SVMI,EBCI
2024-01-04 23:31:19,WSSS,SGAS
2024-01-03 22:11:58,EBCI,SKBO
2024-01-03 13:49:20,VTBS,RKSI
2024-01-03 05:16:24,WMKK,LDZA
2024-01-02 14:39:51,LOWW,SPIM
2024-01-02 01:49:16,SEQM,RKSI
2024-01-04 00:30:41,LATI,LBSF
2024-01-04 11:38:44,WIII,SKBO
2024-01-01 08:41:25,SGAS,SPIM
2024-01-01 07:00:24,EKCH,SVMI
2024-01-02 00:46:29,EDDI,RJTT
2024-01-03 10:48:46,ZBAA,LATI
2024-01-04 05:49:02,SPIM,RJTT
2024-01-01 18:10:33,EBCI,EKCH
2024-01-03 10:46:08,LBSF,OMDB
2024-01-03 05:18:38,VIDP,LKPR
2024-01-03 19:07:37,VTBS,RKSI
2024-01-02 22:33:09,SVMI,SUAA
2024-01-01 10:21:22,LBSF,SKBO
2024-01-01 04:45:23,VIDP,EKCH
2024-01-03 22:12:12,LATI,SGAS
2024-01-02 16:07:10,SVMI,VIDP
2024-01-01 16:00:07,SUAA,SPIM
2024-01-02 02:02:57,SVMI,RPLL
2024-01-01 21:18:02,UMMS,SEQM
2024-01-03 07:49:07,LOWW,EKCH
2024-01-03 14:29:06,SLLP,SEQM
2024-01-02 07:11:49,SABE,VTBS
2024-01-02 09:12:04,SCEL,VIDP
2024-01-01 23:28:51,VIDP,LATI
2024-01-02 06:58:56,WMKK,EDDI
2024-01-02 22:20:56,RJTT,SPIM
2024-01-03 07:55:56,VIDP,EBCI
2024-01-02 04:06:07,LATI,ZBAA
2024-01-02 00:24:13,LBSF,OMDB
2024-01-03 05:58:04,SEQM,SPIM
2024-01-03 14:04:08,SUAA,LBSF
2024-01-01 18:23:55,VTBS,ZBAA
2024-01-01 04:38:45,SBBR,SPIM
2024-01-02 22:16:11,SVMI,LDZA
2024-01-02 21:48:20,EDDI,OMDB
2024-01-02 13:01:59,EKCH,EDDI
2024-01-04 07:37:14,LATI,SGAS
2024-01-03 07:13:21,SEQM,SKBO
2024-01-03 06:26:46,SABE,SUAA
2024-01-03 14:17:56,WSSS,RPLL
2024-01-01 13:11:39,WIII,UMMS
2024-01-02 15:50:13,LDZA,OMDB
2024-01-02 14:32:58,SBBR,LDZA
2024-01-02 00:06:01,WSSS,SEQM
2024-01-04 21:38:12,SEQM,EBCI
2024-01-03 15:32:08,SKBO,OMDB
2024-01-03 04:31:50,EDDI,UMMS
2024-01-04 21:39:00,ZBAA,WIII
2024-01-01 03:48:05,SEQM,LBSF
2024-01-04 19:22:45,OMDB,RJTT
2024-01-03 12:46:57,SKBO,SGAS
2024-01-01 16:03:34,SEQM,LOWW
2024-01-01 19:25:36,ZBAA,SCEL
2024-01-02 15:34:15,SCEL,SABE
2024-01-02 22:38:44,RJTT,SBBR
2024-01-04 22:58:47,SGAS,SBBR
2024-01-03 10:54:27,SUAA,RPLL
2024-01-01 01:35:23,SUAA,EBCI
2024-01-01 08:07:06,LKPR,RKSI
2024-01-04 10:11:47,WIII,RPLL
2024-01-01 00:47:38,SEQM,WMKK
2024-01-03 10:27:38,OMDB,SPIM
2024-01-02 22:41:09,RJTT,EDDI
2024-01-02 03:30:40,EHAM,LDZA
2024-01-01 12:55:07,ZBAA,LOWW
2024-01-04 16:01:24,SCEL,WIII
2024-01-02 10:23:50,LBSF,OMDB
2024-01-03 19:44:56,EBCI,ZBAA
2024-01-03 11:41:11,VTBS,VIDP
2024-01-01 18:17:19,EBCI,EHAM
2024-01-04 22:56:38,SEQM,WIII
2024-01-02 02:40:12,SCEL,SKBO
2024-01-04 06:49:15,SCEL,SLLP
2024-01-01 13:32:25,VTBS,LKPR
2024-01-02 03:58:01,EBCI,EKCH
2024-01-03 18:25:14,SBBR,LATI
2024-01-04 18:11:31,SPIM,WIII
2024-01-01 14:51:23,EDDI,RJTT
2024-01-02 13:21:48,WIII,EBCI
2024-01-03 11:28:27,VTBS,LATI
2024-01-03 09:25:51,WMKK,EKCH
2024-01-02 22:48:24,WIII,EBCI
2024-01-03 15:54:42,LOWW,SPIM
2024-01-04 06:59:23,LBSF,LATI
2024-01-03 21:33:44,EBCI,WIII
2024-01-01 21:56:08,WSSS,LDZA
2024-01-04 14:34:55,SPIM,WIII
2024-01-01 11:10:24,LOWW,SKBO
2024-01-01 22:42:36,SKBO,RPLL
2024-01-02 02:56:23,LBSF,SKBO
2024-01-03 16:07:24,SLLP,SPIM
2024-01-01 17:01:15,ZBAA,OMDB
2024-01-01 04:18:13,EHAM,SEQM
2024-01-04 03:19:09,WIII,RJTT
2024-01-01 22:14:44,SABE,LKPR
2024-01-03 08:11:09,EHAM,RJTT
2024-01-01 18:58:26,RJTT,EKCH
2024-01-01 15:17:36,WSSS,LBSF
2024-01-01 04:27:46,RKSI,SEQM
2024-01-02 09:52:19,OMDB,SPIM
2024-01-02 09:20:42,SBBR,VIDP
2024-01-04 06:04:38,WSSS,LKPR
2024-01-02 16:53:00,WMKK,EHAM
2024-01-01 07:36:47,SCEL,SBBR
2024-01-03 01:10:18,RJTT,EDDI
2024-01-01 01:32:32,SABE,WMKK
2024-01-01 03:57:44,SEQM,SGAS
2024-01-02 14:35:46,RJTT,EBCI
2024-01-02 19:41:53,SCEL,OMDB
2024-01-04 12:42:54,RPLL,SGAS
2024-01-01 02:41:05,EDDI,UMMS
2024-01-02 00:08:03,SPIM,SABE
2024-01-02 01:08:24,EHAM,VIDP
2024-01-02 13:26:09,UMMS,LOWW
2024-01-03 20:37:12,SLLP,SGAS
2024-01-04 10:02:42,LKPR,SCEL
2024-01-01 20:37:02,SEQM,VIDP
2024-01-02 02:07:55,VIDP,WMKK
2024-01-01 08:19:43,EBCI,RPLL
2024-01-04 04:39:31,LDZA,LBSF
2024-01-04 11:48:17,EBCI,SKBO
2024-01-03 00:42:12,RJTT,SPIM
2024-01-01 07:48:48,VTBS,LKPR
2024-01-03 23:23:49,VTBS,LKPR
2024-01-04 02:10:15,SLLP,RPLL
2024-01-04 03:43:06,SVMI,SCEL
2024-01-01 16:41:56,SCEL,WMKK
2024-01-02 16:13:39,LKPR,OMDB
2024-01-01 21:58:04,LATI,RPLL
2024-01-04 09:16:58,RKSI,RPLL
2024-01-01 07:41:38,SEQM,WMKK
2024-01-04 17:40:57,SPIM,OMDB
2024-01-01 18:02:29,ZBAA,VTBS
2024-01-01 01:18:24,EHAM,RJTT
2024-01-03 22:46:48,VIDP,SLLP
2024-01-01 15:59:53,SEQM,VTBS
2024-01-03 12:54:40,LOWW,EDDI
2024-01-02 07:39:55,SVMI,LATI
2024-01-01 12:48:25,RKSI,SLLP
2024-01-02 23:58:56,SVMI,LBSF
2024-01-01 23:23:50,UMMS,RPLL
2024-01-02 11:54:05,OMDB,WIII
2024-01-03 14:31:38,ZBAA,LATI
2024-01-04 10:40:54,EBCI,SCEL
2024-01-03 06:59:13,LDZA,EDDI
2024-01-02 09:09:34,WMKK,SPIM
2024-01-04 17:56:53,RJTT,SGAS
2024-01-04 16:34:57,LKPR,SVMI
2024-01-01 02:44:43,UMMS,SPIM
2024-01-02 11:16:08,LDZA,WSSS
2024-01-01 06:10:57,SPIM,LKPR
2024-01-03 09:06:09,SVMI,SCEL
2024-01-04 06:50:36,SUAA,OMDB
2024-01-02 02:40:15,ZBAA,WSSS
2024-01-04 02:38:24,WSSS,LDZA
2024-01-01 07:41:40,RJTT,SPIM
2024-01-02 16:27:33,SUAA,SABE
2024-01-01 03:39:35,UMMS,WSSS
2024-01-02 22:20:44,EHAM,OMDB
2024-01-03 17:31:56,WMKK,RKSI
2024-01-03 17:00:36,EHAM,RPLL
2024-01-02 17:04:45,SVMI,VTBS
2024-01-02 00:58:04,SKBO,WSSS
2024-01-02 22:31:05,LATI,SUAA
2024-01-01 18:51:23,EKCH,EDDI
2024-01-02 17:31:13,LOWW,LBSF
2024-01-01 02:59:38,LATI,LDZA
2024-01-02 13:13:13,EBCI,LBSF
2024-01-03 08:44:01,EBCI,SLLP
2024-01-01 19:58:57,UMMS,RKSI
2024-01-01 15:40:17,UMMS,VIDP
2024-01-01 04:07:27,VIDP,LATI
2024-01-03 07:45:02,SPIM,SCEL
2024-01-02 08:34:39,RJTT,LDZA
2024-01-04 07:04:18,SPIM,EBCI
2024-01-02 06:55:07,SEQM,RJTT
2024-01-01 23:53:06,EDDI,EBCI
2024-01-03 14:30:10,VTBS,RKSI
2024-01-02 09:10:47,LATI,OMDB
2024-01-02 01:19:28,ZBAA,SVMI
2024-01-03 20:59:43,EKCH,OMDB
2024-01-01 21:11:40,WSSS,SUAA
2024-01-04 00:01:50,OMDB,LOWW
2024-01-03 17:40:06,OMDB,SABE
2024-01-02 19:23:07,WMKK,SABE
2024-01-04 05:50:49,ZBAA,SPIM
2024-01-02 12:31:46,SABE,EHAM
2024-01-04 07:33:23,SGAS,LBSF
2024-01-04 13:39:20,SKBO,SLLP
2024-01-03 02:04:40,VIDP,SABE
2024-01-01 02:17:57,EKCH,LOWW
2024-01-04 01:11:35,SABE,SVMI
2024-01-03 08:48:39,RJTT,EDDI
2024-01-04 04:25:07,LOWW,SGAS
2024-01-03 20:15:43,OMDB,LBSF
2024-01-03 16:16:45,SLLP,SPIM
2024-01-01 00:01:10,OMDB,SKBO
2024-01-04 18:03:40,LBSF,UMMS
2024-01-01 21:34:20,SEQM,VTBS
2024-01-02 03:35:42,WSSS,WIII
2024-01-04 09:51:29,SUAA,RJTT
2024-01-03 20:44:36,ZBAA,SBBR
2024-01-04 17:31:11,VIDP,EBCI
2024-01-02 16:52:45,EHAM,ZBAA
2024-01-01 14:45:26,EHAM,RJTT
2024-01-04 11:48:56,VIDP,ZBAA
2024-01-04 20:43:06,SUAA,VIDP
2024-01-03 12:25:30,SABE,EBCI
2024-01-03 05:48:12,EKCH,VTBS
2024-01-03 21:05:27,WSSS,VTBS
2024-01-02 05:07:45,LDZA,SVMI
2024-01-03 07:41:43,LOWW,RJTT
2024-01-03 07:47:37,ZBAA,RJTT
2024-01-02 21:25:04,RKSI,EDDI
2024-01-01 23:46:54,WMKK,OMDB
2024-01-04 04:50:03,WSSS,SEQM
2024-01-01 04:06:49,WSSS,OMDB
2024-01-04 13:03:36,SVMI,SGAS
2024-01-01 01:58:38,RKSI,RPLL
2024-01-04 17:25:43,VIDP,WMKK
2024-01-01 16:25:58,SLLP,RJTT
2024-01-01 16:42:31,SVMI,LDZA
2024-01-01 22:53:40,SBBR,SABE
2024-01-04 19:38:07,LBSF,WSSS
2024-01-01 05:49:19,SUAA,EHAM
2024-01-01 15:37:13,SCEL,EKCH
2024-01-01 05:22:33,RPLL,LATI
2024-01-01 20:40:00,OMDB,LOWW
2024-01-03 14:30:54,EDDI,SCEL
2024-01-01 19:13:43,SVMI,SBBR
2024-01-02 04:55:52,SABE,RPLL
2024-01-01 11:30:50,SLLP,SVMI
2024-01-02 17:03:08,WMKK,RJTT
2024-01-01 05:30:08,RPLL,SUAA
2024-01-04 06:31:22,SUAA,EHAM
2024-01-03 20:00:46,LKPR,ZBAA
2024-01-02 02:09:32,LATI,OMDB
2024-01-03 08:42:50,SLLP,EBCI
2024-01-03 14:41:02,ZBAA,LOWW
2024-01-04 16:01:14,VTBS,SEQM
2024-01-03 06:56:07,LBSF,WIII
2024-01-01 05:15:32,LBSF,SBBR
2024-01-03 17:12:57,EBCI,SUAA
2024-01-01 01:40:02,RPLL,EDDI
2024-01-04 22:33:03,SCEL,LATI
2024-01-03 17:05:59,SVMI,LDZA
2024-01-04 19:33:26,SLLP,LDZA
2024-01-04 14:37:52,SBBR,WIII
2024-01-02 21:13:49,RJTT,SEQM
2024-01-03 19:24:14,RPLL,VTBS
2024-01-04 06:49:08,EKCH,LBSF
2024-01-01 18:56:35,VTBS,LDZA
2024-01-04 01:41:11,SABE,RJTT
2024-01-01 03:01:58,WMKK,SABE
2024-01-01 17:08:14,EHAM,SGAS
2024-01-01 22:10:59,SUAA,EHAM
2024-01-04 18:59:55,LATI,VTBS
2024-01-02 13:50:00,EKCH,SKBO
2024-01-04 05:41:02,ZBAA,LBSF
2024-01-01 19:19:16,RPLL,SKBO
2024-01-01 11:28:45,LBSF,SPIM
2024-01-04 11:38:38,LOWW,RPLL
2024-01-02 01:32:48,EBCI,SEQM
2024-01-04 14:44:42,VIDP,SPIM
2024-01-01 00:03:39,LATI,LOWW
2024-01-04 05:27:54,LKPR,ZBAA
2024-01-03 02:44:50,OMDB,EHAM
2024-01-02 01:16:42,VIDP,SPIM
2024-01-01 06:01:15,EDDI,WIII
2024-01-02 01:29:21,RKSI,SEQM
2024-01-04 05:46:32,WIII,WMKK
2024-01-04 14:48:41,ZBAA,EHAM
2024-01-03 08:11:24,LDZA,VIDP
2024-01-03 19:59:02,LATI,WIII
2024-01-02 15:34:04,LOWW,SABE
2024-01-01 15:46:35,EBCI,WIII
2024-01-04 21:07:29,EHAM,OMDB
2024-01-03 14:58:02,LBSF,RJTT
2024-01-03 12:33:01,UMMS,SUAA
2024-01-03 05:11:11,OMDB,SCEL
2024-01-02 20:56:40,EHAM,EBCI
2024-01-02 10:43:24,EHAM,LATI
2024-01-03 20:04:56,SKBO,WMKK
2024-01-02 05:16:27,RKSI,WIII
2024-01-03 21:36:39,LKPR,UMMS
2024-01-02 17:13:48,SBBR,SEQM
2024-01-02 05:12:03,RKSI,VIDP
2024-01-01 08:07:11,SLLP,SPIM
2024-01-04 18:57:05,ZBAA,SCEL
2024-01-02 20:50:24,SKBO,SEQM
2024-01-01 23:15:58,SGAS,SCEL
2024-01-03 09:48:23,RKSI,EKCH
2024-01-01 01:31:21,WIII,WMKK
2024-01-04 02:55:10,EDDI,SCEL
2024-01-03 16:36:43,EHAM,LKPR
2024-01-02 23:48:09,LBSF,UMMS
2024-01-01 15:40:35,EKCH,RJTT
2024-01-03 08:41:09,WMKK,SEQM
2024-01-04 16:47:05,EKCH,SVMI
2024-01-04 16:49:45,SKBO,VTBS
2024-01-04 05:17:02,SABE,WSSS
2024-01-01 19:13:13,ZBAA,LOWW
2024-01-02 20:54:08,EHAM,UMMS
2024-01-01 08:19:51,ZBAA,EDDI
2024-01-01 20:06:42,LKPR,ZBAA
2024-01-01 20:25:06,LATI,UMMS
2024-01-04 05:35:47,RKSI,OMDB
2024-01-02 09:47:00,EBCI,SUAA
2024-01-02 15:34:34,SPIM,EBCI
2024-01-01 21:01:45,VIDP,VTBS
2024-01-02 20:07:29,SABE,RKSI
2024-01-03 07:04:14,SLLP,EKCH
2024-01-04 20:44:46,UMMS,RPLL
2024-01-03 19:12:04,WIII,ZBAA
2024-01-04 05:38:30,SPIM,WMKK
2024-01-01 09:25:18,RKSI,RJTT
2024-01-03 03:08:36,SLLP,VTBS
2024-01-02 03:44:53,SVMI,WSSS
2024-01-01 23:00:48,VIDP,SLLP
2024-01-03 07:27:18,SUAA,SLLP
2024-01-02 13:55:02,SVMI,UMMS
2024-01-03 11:25:38,LOWW,WSSS
2024-01-03 08:56:58,EDDI,LOWW
2024-01-01 10:26:03,WSSS,SEQM
2024-01-03 19:33:59,LKPR,OMDB
2024-01-03 20:36:32,LDZA,RJTT
2024-01-02 17:27:28,LBSF,SCEL
2024-01-02 17:48:19,WIII,SGAS
2024-01-02 21:16:02,WMKK,SEQM
2024-01-02 15:50:33,VIDP,EHAM
2024-01-03 07:15:56,EHAM,WMKK
2024-01-02 18:57:43,SCEL,OMDB
2024-01-04 20:31:12,RJTT,SPIM
2024-01-01 18:02:50,RPLL,SEQM
2024-01-02 22:17:29,LDZA,RPLL
2024-01-03 07:19:19,VTBS,SEQM
2024-01-04 21:48:58,LDZA,WIII
2024-01-02 14:29:10,RKSI,SGAS
2024-01-03 08:55:14,SVMI,EHAM
2024-01-04 09:41:24,SBBR,SKBO
2024-01-01 03:57:47,RPLL,SPIM
2024-01-04 22:58:20,LBSF,SVMI
2024-01-03 22:33:08,ZBAA,RPLL
2024-01-01 14:31:21,OMDB,SCEL
2024-01-01 20:11:23,VTBS,VIDP
2024-01-02 21:53:15,EDDI,EHAM
2024-01-02 12:48:27,EDDI,WIII
2024-01-04 13:52:27,LOWW,SCEL
2024-01-01 17:02:06,EDDI,SPIM
2024-01-02 21:05:56,SPIM,SUAA
2024-01-01 08:58:23,EDDI,SKBO
2024-01-01 07:55:24,RPLL,UMMS
2024-01-02 21:31:32,LBSF,WMKK
2024-01-01 15:49:25,SBBR,SCEL
2024-01-01 14:58:14,WSSS,RPLL
2024-01-02 10:10:48,WSSS,SLLP
2024-01-03 08:28:21,SUAA,LOWW
2024-01-02 15:17:38,SVMI,WSSS
2024-01-04 19:16:36,RPLL,WSSS
2024-01-01 08:06:12,WIII,SBBR
2024-01-02 18:29:00,VTBS,RJTT
2024-01-01 17:58:22,SVMI,SUAA
2024-01-03 07:42:27,SLLP,OMDB
2024-01-01 12:34:37,WIII,SCEL
2024-01-01 23:34:47,EHAM,RKSI
2024-01-04 03:19:02,EDDI,WMKK
2024-01-01 14:35:37,SCEL,SBBR
2024-01-04 10:00:58,LDZA,WIII
2024-01-02 05:01:13,SCEL,SPIM
2024-01-03 16:27:26,RPLL,SBBR
2024-01-02 18:17:48,WIII,VIDP
2024-01-01 23:51:12,ZBAA,RJTT
2024-01-04 20:18:52,EKCH,WIII
2024-01-04 11:27:43,SBBR,RJTT
2024-01-04 01:35:32,EBCI,LOWW
2024-01-01 12:07:45,SGAS,SUAA
2024-01-02 02:52:24,OMDB,SPIM
2024-01-03 19:57:17,SBBR,WIII
2024-01-03 23:56:19,VIDP,SPIM
2024-01-01 04:26:42,SGAS,LATI
2024-01-04 18:08:23,LATI,RPLL
2024-01-01 03:45:02,RKSI,WMKK
2024-01-04 07:22:07,WMKK,EDDI
2024-01-03 21:25:29,SPIM,EKCH
2024-01-02 13:23:43,WSSS,LOWW
2024-01-04 03:04:20,UMMS,LBSF
2024-01-02 20:41:23,WSSS,EDDI
2024-01-03 02:30:09,LBSF,RKSI
2024-01-03 22:03:47,WMKK,EBCI
2024-01-04 15:42:54,SPIM,LOWW
2024-01-02 13:18:11,EHAM,SBBR
2024-01-03 14:22:17,OMDB,SGAS
2024-01-03 20:29:08,WMKK,SCEL
2024-01-04 15:33:52,SPIM,WIII
2024-01-01 13:18:23,EDDI,ZBAA
2024-01-03 16:15:28,ZBAA,EDDI
2024-01-02 18:01:49,SCEL,ZBAA
2024-01-03 19:03:10,SABE,SLLP
2024-01-04 09:21:11,SEQM,SPIM
2024-01-04 22:57:21,SPIM,SEQM
2024-01-03 06:57:40,WMKK,LATI
2024-01-01 04:16:38,SPIM,SABE
2024-01-03 18:05:28,UMMS,LKPR
2024-01-01 20:22:06,LDZA,SUAA
2024-01-03 07:37:09,SUAA,EHAM
2024-01-03 12:12:55,EHAM,VTBS
2024-01-04 02:00:36,LOWW,SUAA
2024-01-01 23:38:18,SGAS,SBBR
2024-01-03 04:30:58,LBSF,SKBO
2024-01-02 05:45:30,VTBS,SLLP
2024-01-03 18:56:10,VIDP,SVMI
2024-01-02 13:52:33,EKCH,SBBR
2024-01-01 11:23:06,OMDB,SPIM
2024-01-01 06:33:26,SLLP,SEQM
2024-01-02 06:17:07,EDDI,OMDB
2024-01-01 21:12:19,EDDI,WIII
2024-01-03 13:20:29,LATI,SGAS
2024-01-04 22:31:15,SKBO,SBBR
2024-01-01 04:30:45,LBSF,SPIM
2024-01-03 00:33:42,EDDI,SGAS
2024-01-01 23:58:25,SVMI,ZBAA
2024-01-04 16:25:06,LBSF,WSSS
2024-01-02 07:49:11,UMMS,EBCI
2024-01-04 13:39:26,EHAM,WMKK
2024-01-04 15:08:40,ZBAA,SVMI
2024-01-04 15:48:41,UMMS,RJTT
2024-01-04 16:19:37,SCEL,SEQM
2024-01-03 02:48:57,RPLL,SEQM
2024-01-03 18:25:31,UMMS,LKPR
2024-01-02 15:26:10,SGAS,SLLP
2024-01-04 09:12:10,LKPR,EKCH
2024-01-03 19:07:35,LBSF,VIDP
2024-01-03 09:16:08,RJTT,LATI
2024-01-01 02:50:26,EHAM,RJTT
2024-01-03 22:27:51,EHAM,EBCI
2024-01-03 05:54:37,WMKK,RJTT
2024-01-02 00:54:22,LBSF,EBCI
2024-01-03 19:20:48,SCEL,LDZA
2024-01-02 09:55:04,EDDI,VIDP
2024-01-02 18:00:23,RKSI,EDDI
2024-01-03 02:53:42,VTBS,RPLL
2024-01-02 15:05:27,SGAS,RJTT
2024-01-01 04:28:02,OMDB,SCEL
2024-01-01 03:31:34,SVMI,WMKK
2024-01-01 20:16:01,SUAA,SVMI
2024-01-01 19:24:18,LOWW,SGAS
2024-01-02 14:43:23,OMDB,SUAA
2024-01-04 17:41:54,LKPR,WMKK
2024-01-04 10:38:46,SKBO,SCEL
2024-01-02 04:53:26,RJTT,OMDB
2024-01-04 00:14:18,UMMS,OMDB
2024-01-03 00:58:56,WMKK,SCEL
2024-01-03 05:02:17,SUAA,UMMS
2024-01-04 19:25:37,SABE,LKPR
2024-01-03 18:27:06,SVMI,WSSS
2024-01-03 16:50:31,RPLL,SPIM
2024-01-01 06:54:47,OMDB,WIII
2024-01-01 14:06:38,UMMS,LOWW
2024-01-02 11:56:17,EKCH,LBSF
2024-01-02 12:39:37,ZBAA,EHAM
2024-01-02 22:51:12,VIDP,SKBO
2024-01-01 07:49:26,SGAS,EHAM
2024-01-02 12:09:27,LBSF,SUAA
2024-01-03 07:06:37,RPLL,SABE
2024-01-04 09:39:33,OMDB,WMKK
2024-01-01 08:21:28,SLLP,WIII
2024-01-03 07:49:20,WIII,SPIM
2024-01-01 03:37:33,SABE,LKPR
2024-01-02 14:31:18,UMMS,EKCH
2024-01-03 14:18:51,EHAM,LBSF
2024-01-02 02:34:48,VIDP,LATI
2024-01-01 09:50:34,EBCI,WMKK
2024-01-04 12:51:55,SPIM,RKSI
2024-01-04 05:08:24,WIII,WMKK
2024-01-02 22:00:50,EHAM,LKPR
2024-01-03 18:14:08,RPLL,OMDB
2024-01-04 20:18:00,SEQM,EKCH
2024-01-03 18:09:01,EBCI,SGAS
2024-01-01 04:10:17,RPLL,EHAM
2024-01-03 22:31:52,LDZA,EKCH
2024-01-03 17:34:02,SCEL,EHAM
2024-01-04 16:35:02,RKSI,SCEL
2024-01-04 07:48:22,OMDB,SUAA
2024-01-02 15:40:20,LATI,SEQM
2024-01-03 06:24:31,SBBR,SPIM
2024-01-03 18:23:51,LDZA,LBSF
2024-01-01 09:37:13,LDZA,VIDP
2024-01-01 20:30:25,LOWW,EBCI
2024-01-04 04:24:40,VIDP,SPIM
2024-01-01 05:16:28,SUAA,LOWW
2024-01-04 12:20:45,LOWW,SCEL
2024-01-03 13:28:12,LBSF,SPIM
2024-01-01 05:55:28,SVMI,SKBO
2024-01-04 17:37:37,WIII,SGAS
2024-01-02 17:25:05,EHAM,VIDP
2024-01-03 03:45:38,RJTT,SVMI
2024-01-04 11:05:53,LBSF,RPLL
2024-01-04 16:18:03,VTBS,EHAM
2024-01-03 17:43:18,EKCH,RPLL
2024-01-03 00:32:17,SUAA,LDZA
2024-01-03 15:09:14,LKPR,SEQM
2024-01-04 04:20:08,SPIM,SUAA
2024-01-04 22:29:14,SCEL,LOWW
2024-01-04 02:19:51,EBCI,RKSI
2024-01-04 06:05:25,SKBO,RKSI
2024-01-03 17:53:41,EBCI,WMKK
2024-01-02 01:49:20,UMMS,LOWW
2024-01-02 19:43:47,SBBR,LOWW
2024-01-01 07:41:11,SBBR,WMKK
2024-01-03 14:10:25,SABE,LATI
2024-01-03 19:37:18,SEQM,SUAA
2024-01-03 12:43:03,SGAS,UMMS
2024-01-04 01:09:27,SVMI,EDDI
2024-01-03 12:11:37,ZBAA,LATI
2024-01-02 15:09:20,SLLP,ZBAA
2024-01-03 16:58:10,LBSF,EKCH
2024-01-01 06:48:32,LOWW,LBSF
2024-01-03 04:40:45,LDZA,WIII
2024-01-04 06:24:58,RPLL,LOWW
2024-01-04 01:41:58,SABE,VTBS
2024-01-04 18:50:44,EBCI,LDZA
2024-01-02 13:59:22,SCEL,WMKK
2024-01-04 22:09:57,EKCH,ZBAA
2024-01-04 15:52:06,LOWW,EHAM
2024-01-01 13:32:55,WMKK,LDZA
2024-01-01 00:18:03,LDZA,OMDB
2024-01-02 23:25:23,VIDP,WIII
2024-01-04 20:49:04,SPIM,OMDB
2024-01-01 04:14:10,RKSI,SUAA
2024-01-03 11:03:23,SEQM,LKPR
2024-01-02 07:14:15,RPLL,VIDP
2024-01-02 06:38:59,SEQM,RJTT
2024-01-03 15:11:18,LOWW,VIDP
2024-01-02 14:48:33,SCEL,SABE
2024-01-02 16:55:22,SBBR,SABE
2024-01-04 18:25:19,SGAS,LBSF
2024-01-04 00:55:00,RJTT,SCEL
2024-01-02 09:26:30,WMKK,RKSI
2024-01-02 22:19:46,SVMI,RKSI
2024-01-02 20:17:42,EHAM,SVMI
2024-01-03 02:15:14,RJTT,SKBO
2024-01-04 09:11:06,WMKK,VTBS
2024-01-01 19:02:07,EBCI,SCEL
2024-01-04 07:10:08,SBBR,EBCI
2024-01-01 15:44:20,EHAM,UMMS
2024-01-04 10:04:53,ZBAA,RJTT
2024-01-03 21:02:13,SKBO,VTBS
2024-01-02 20:00:32,LBSF,LDZA
2024-01-02 04:52:11,EHAM,RPLL
2024-01-02 08:39:55,SLLP,ZBAA
2024-01-01 15:17:09,SEQM,RJTT
2024-01-03 02:29:30,LOWW,SUAA
2024-01-01 23:06:36,SUAA,WMKK
2024-01-04 16:24:06,EKCH,RKSI
2024-01-03 03:20:45,SPIM,WMKK
2024-01-03 06:21:46,EKCH,RJTT
2024-01-01 18:19:54,WSSS,SABE
2024-01-04 15:06:53,LKPR,EKCH
2024-01-01 17:35:12,SPIM,SVMI
2024-01-03 04:06:56,EBCI,ZBAA
2024-01-01 23:36:54,LBSF,EHAM
2024-01-03 19:14:03,LOWW,LATI
2024-01-02 15:55:07,SABE,UMMS
2024-01-03 10:12:19,LATI,LDZA
2024-01-04 10:45:14,OMDB,EDDI
2024-01-04 06:48:05,LDZA,WSSS
2024-01-04 21:41:07,ZBAA,VTBS
2024-01-01 19:05:16,LKPR,SBBR
2024-01-04 18:34:09,WIII,SLLP
2024-01-01 18:59:37,SUAA,EHAM
2024-01-03 16:08:41,WIII,SKBO
2024-01-04 01:13:56,SPIM,UMMS
2024-01-01 02:26:58,SEQM,SBBR
2024-01-03 02:54:49,UMMS,LOWW
2024-01-03 06:48:01,EDDI,OMDB
2024-01-02 18:08:28,RPLL,ZBAA
2024-01-04 04:16:38,RKSI,WMKK
2024-01-04 05:02:53,WSSS,SVMI
2024-01-03 20:52:16,SBBR,SPIM
2024-01-02 05:05:33,OMDB,RJTT
2024-01-02 19:33:36,LATI,WIII
2024-01-04 16:57:47,SUAA,VIDP
2024-01-01 23:15:22,SUAA,SCEL
2024-01-03 01:43:56,LKPR,SLLP
2024-01-04 04:51:44,SCEL,VIDP
2024-01-01 19:46:29,SLLP,RJTT
2024-01-02 18:34:15,ZBAA,SEQM
2024-01-03 11:06:03,UMMS,EHAM
2024-01-03 03:41:29,RKSI,WIII
2024-01-02 22:58:54,SLLP,RKSI
2024-01-02 16:51:13,VTBS,LKPR
2024-01-03 00:19:01,SLLP,RKSI
2024-01-04 01:46:47,EBCI,SVMI
2024-01-01 09:26:11,LATI,RPLL
2024-01-02 19:13:46,LBSF,SBBR
2024-01-01 02:51:22,SLLP,VTBS
2024-01-02 03:07:31,EKCH,SCEL
2024-01-04 10:45:02,EDDI,SUAA
2024-01-02 00:44:01,RJTT,LKPR
2024-01-01 20:02:05,WSSS,RPLL
2024-01-01 08:17:55,SBBR,LKPR
2024-01-04 21:42:51,LKPR,SCEL
2024-01-01 09:43:19,LOWW,SUAA
2024-01-01 04:14:18,RKSI,RPLL
2024-01-04 12:32:25,SVMI,LATI
2024-01-02 02:24:53,LKPR,WIII
2024-01-02 20:30:11,RJTT,SGAS
2024-01-03 20:13:24,OMDB,SVMI
2024-01-02 14:53:18,SEQM,WSSS
2024-01-04 18:56:04,LKPR,RPLL
2024-01-01 06:41:02,SABE,SPIM
2024-01-04 14:26:02,SUAA,ZBAA
2024-01-04 19:12:49,SKBO,VIDP
2024-01-02 20:09:31,VIDP,LKPR
2024-01-04 02:55:54,VIDP,RPLL
2024-01-04 04:01:14,SLLP,VIDP
2024-01-03 09:35:51,UMMS,ZBAA
2024-01-04 18:49:15,SPIM,ZBAA
2024-01-04 13:13:28,RJTT,VTBS
2024-01-02 13:34:13,UMMS,OMDB
2024-01-01 21:37:24,LOWW,WMKK
2024-01-01 23:14:44,VTBS,WMKK
2024-01-01 20:23:42,SCEL,VIDP
2024-01-04 02:09:42,WMKK,LOWW
2024-01-03 06:04:09,OMDB,SGAS
2024-01-03 07:37:55,EDDI,WSSS
2024-01-04 23:51:36,SCEL,SABE
2024-01-02 11:32:16,VIDP,EBCI
2024-01-01 03:49:01,SEQM,SBBR
2024-01-02 02:08:27,EDDI,EHAM
2024-01-04 15:45:53,SPIM,EDDI
2024-01-02 18:57:03,VIDP,SGAS
2024-01-03 10:32:19,WIII,EBCI
2024-01-04 18:14:51,RJTT,LDZA
2024-01-04 08:30:11,EBCI,SVMI
2024-01-01 04:32:28,EHAM,VTBS
2024-01-03 06:29:32,SEQM,RJTT
2024-01-04 06:25:42,SLLP,EDDI
2024-01-01 19:23:25,SLLP,LOWW
2024-01-04 09:22:24,OMDB,SABE
2024-01-03 11:11:45,WMKK,SLLP
2024-01-03 02:23:35,SKBO,LOWW
2024-01-01 20:35:21,SKBO,EKCH
2024-01-03 20:04:14,VIDP,EDDI
2024-01-03 11:26:35,LOWW,SCEL
2024-01-04 13:05:47,ZBAA,RJTT
2024-01-03 21:04:59,WMKK,SABE
2024-01-01 05:24:37,RPLL,LKPR
2024-01-01 23:47:15,LDZA,SPIM
2024-01-03 20:38:45,SCEL,RPLL
2024-01-01 12:37:03,LATI,EBCI
2024-01-04 19:07:55,EHAM,RKSI
2024-01-01 17:41:07,LBSF,RPLL
2024-01-02 02:15:48,SLLP,EDDI
2024-01-02 09:50:41,EKCH,WMKK
2024-01-02 03:38:39,SVMI,VIDP
2024-01-04 19:38:17,SVMI,EBCI
2024-01-03 03:49:46,LOWW,VIDP
2024-01-02 18:47:07,RKSI,WSSS
2024-01-01 15:26:44,UMMS,VTBS
2024-01-03 05:32:08,EDDI,LOWW
2024-01-02 16:07:05,SCEL,LDZA
2024-01-01 10:29:26,EHAM,SVMI
2024-01-04 02:29:15,WIII,RPLL
2024-01-04 09:11:28,LBSF,WSSS
2024-01-03 17:34:35,EDDI,LBSF
2024-01-03 12:44:46,SLLP,EDDI
2024-01-02 10:24:36,EBCI,WSSS
2024-01-04 10:09:19,LATI,EKCH
2024-01-03 23:36:38,EDDI,WIII
2024-01-02 10:21:55,EKCH,SVMI
2024-01-03 05:52:21,RPLL,SBBR
2024-01-03 14:44:38,LBSF,SLLP
2024-01-03 04:56:25,LKPR,SABE
2024-01-02 18:08:39,WSSS,EHAM
2024-01-01 23:18:10,WMKK,SBBR
2024-01-03 18:51:19,EHAM,WSSS
2024-01-01 10:45:32,WIII,WSSS
2024-01-02 21:48:29,SUAA,SCEL
2024-01-03 23:42:11,UMMS,SCEL
2024-01-03 05:37:08,SEQM,SABE
2024-01-03 20:23:44,EBCI,SUAA
2024-01-01 15:40:00,SVMI,ZBAA
2024-01-03 23:39:38,LOWW,UMMS
2024-01-03 19:41:49,SVMI,ZBAA
2024-01-01 04:42:35,EKCH,EDDI
2024-01-04 04:18:59,EDDI,SBBR
2024-01-04 04:12:13,SLLP,WIII
2024-01-03 20:07:16,LDZA,LBSF
2024-01-02 02:45:05,LOWW,WMKK
2024-01-03 09:06:29,SCEL,SUAA
2024-01-01 18:24:13,WMKK,LBSF
2024-01-03 16:50:50,UMMS,SPIM
2024-01-01 17:48:45,VIDP,UMMS
2024-01-02 08:40:04,LOWW,SPIM
2024-01-02 08:08:15,RPLL,SVMI
2024-01-04 06:41:52,VTBS,LATI
2024-01-02 01:21:27,RPLL,SEQM
2024-01-01 19:06:44,SPIM,RKSI
2024-01-04 20:25:54,RJTT,SGAS
2024-01-01 22:38:01,WIII,RJTT
2024-01-02 09:19:18,EKCH,RPLL
2024-01-03 17:09:17,WSSS,RPLL
2024-01-01 00:05:18,WIII,UMMS
2024-01-02 09:48:19,VIDP,WSSS
2024-01-04 16:25:46,RPLL,LOWW
2024-01-04 15:42:33,WSSS,RKSI
2024-01-01 21:00:48,SEQM,SBBR
2024-01-01 12:18:08,SKBO,WMKK
2024-01-02 18:27:02,SPIM,OMDB
2024-01-03 11:33:30,SABE,SEQM
2024-01-03 17:52:30,SPIM,SCEL
2024-01-03 08:44:17,RJTT,EBCI
2024-01-01 21:02:49,RKSI,LOWW
2024-01-03 06:01:52,RKSI,VIDP
2024-01-01 06:37:02,LOWW,SPIM
2024-01-01 03:48:10,LKPR,SGAS
2024-01-02 03:29:57,WMKK,SUAA
2024-01-01 11:42:15,ZBAA,SPIM
2024-01-02 07:14:17,ZBAA,SUAA
2024-01-04 18:00:26,WSSS,SUAA
2024-01-01 06:03:48,OMDB,RJTT
2024-01-03 12:49:31,VIDP,WSSS
2024-01-03 10:12:23,SVMI,LOWW
2024-01-03 14:01:05,SLLP,VIDP
2024-01-02 19:32:56,OMDB,SVMI
2024-01-03 08:30:51,EBCI,ZBAA
2024-01-02 22:49:10,RPLL,RKSI
2024-01-04 01:22:58,LBSF,SGAS
2024-01-01 00:28:36,SBBR,SLLP
2024-01-03 12:51:25,EKCH,OMDB
2024-01-03 23:40:20,SLLP,LDZA
2024-01-02 08:03:18,RPLL,SVMI
2024-01-03 23:41:52,EHAM,OMDB
2024-01-02 16:29:30,LATI,SGAS
2024-01-01 09:49:00,LATI,SABE
2024-01-02 19:23:07,SABE,EKCH
2024-01-02 04:50:05,SBBR,LATI
2024-01-03 02:18:49,SVMI,LOWW
2024-01-01 14:32:49,RKSI,SEQM
2024-01-01 19:14:24,LDZA,SLLP
2024-01-02 09:18:59,EHAM,RKSI
2024-01-03 23:05:04,ZBAA,WIII
2024-01-01 08:08:24,SKBO,EDDI
2024-01-04 07:55:46,LDZA,RPLL
2024-01-01 21:03:22,VIDP,SBBR
2024-01-03 07:49:00,WIII,SVMI
2024-01-01 19:09:43,SGAS,WSSS
2024-01-04 06:19:48,SGAS,WMKK
2024-01-04 14:36:53,SCEL,LDZA
2024-01-04 03:46:53,EBCI,SGAS
2024-01-01 23:52:05,EHAM,SKBO
2024-01-02 07:42:13,SCEL,SVMI
2024-01-04 11:22:31,VIDP,RPLL
2024-01-02 00:37:59,WIII,LDZA
2024-01-04 21:21:32,SPIM,SLLP
2024-01-02 11:23:32,VIDP,OMDB
2024-01-04 04:44:09,LKPR,SKBO
2024-01-02 18:53:30,EHAM,ZBAA
2024-01-03 01:48:11,EKCH,SBBR
2024-01-04 00:21:37,OMDB,SGAS
2024-01-02 01:11:54,SLLP,RPLL
2024-01-01 10:15:07,VIDP,LOWW
2024-01-03 04:42:20,SLLP,SGAS
2024-01-04 20:13:15,RJTT,SCEL
2024-01-01 12:28:29,EKCH,EBCI
2024-01-02 18:37:49,SKBO,SPIM
2024-01-03 16:45:58,RKSI,SCEL
2024-01-01 15:42:30,SABE,SKBO
2024-01-04 21:51:30,LOWW,EBCI
2024-01-02 09:09:32,SVMI,EKCH
2024-01-04 13:46:43,VIDP,EDDI
2024-01-04 01:46:32,EHAM,SCEL
2024-01-02 02:38:13,SEQM,SVMI
2024-01-02 14:40:57,EBCI,ZBAA
2024-01-04 14:15:57,VIDP,SVMI
2024-01-02 07:42:45,WIII,SGAS
2024-01-03 13:21:48,EBCI,RPLL
2024-01-02 11:37:41,SGAS,EBCI
2024-01-02 00:08:47,LKPR,RPLL
2024-01-02 02:00:21,WIII,SPIM
2024-01-01 17:15:10,SABE,WSSS
2024-01-01 15:23:13,SLLP,RKSI
2024-01-01 09:04:56,EKCH,SKBO
2024-01-01 10:42:20,SVMI,RJTT
2024-01-04 16:54:40,LOWW,RKSI
2024-01-03 20:33:45,SGAS,LDZA
2024-01-01 20:33:58,RJTT,UMMS
2024-01-02 05:25:47,EKCH,LATI
2024-01-02 03:12:28,EDDI,SCEL
2024-01-01 08:23:48,RPLL,VIDP
2024-01-01 07:10:24,EHAM,SLLP
2024-01-02 07:10:48,SEQM,WIII
2024-01-04 11:44:05,LATI,SEQM
2024-01-03 10:03:24,RPLL,LBSF
2024-01-01 12:44:43,UMMS,RKSI
2024-01-04 09:34:29,EKCH,LBSF
2024-01-04 10:54:39,WSSS,EKCH
2024-01-04 22:56:31,UMMS,EKCH
2024-01-03 21:56:54,SCEL,VTBS
2024-01-01 02:38:51,SLLP,SABE
2024-01-04 18:03:32,SABE,RJTT
2024-01-03 18:05:09,SPIM,SUAA
