RKSI,EHAM,10:24:00,15:25:00,465
RKSI,EHAM,17:37:00,17:45:00,383
RKSI,LATI,08:47:00,11:51:00,247
RKSI,LATI,10:54:00,11:12:00,129
RKSI,RJTT,16:28:00,22:41:00,339
RKSI,RJTT,04:01:00,14:24:00,140
RKSI,SCEL,12:31:00,14:43:00,234
RKSI,SCEL,05:30:00,07:43:00,474
RKSI,RPLL,22:04:00,06:36:00,158
RKSI,RPLL,20:20:00,01:29:00,177
RKSI,WMKK,18:55:00,02:18:00,401
RKSI,WMKK,08:46:00,10:21:00,319
RKSI,EDDI,15:06:00,14:16:00,374
RKSI,EDDI,20:42:00,02:39:00,183
RKSI,ZBAA,15:00:00,23:05:00,325
RKSI,ZBAA,02:35:00,12:10:00,271
RKSI,SABE,05:07:00,05:27:00,307
RKSI,SABE,17:39:00,22:19:00,475
RKSI,WIII,01:29:00,05:57:00,133
RKSI,WIII,01:54:00,10:22:00,396
RKSI,SGAS,14:50:00,02:50:00,187
RKSI,SGAS,22:37:00,09:49:00,138
RKSI,VIDP,17:03:00,03:33:00,486
RKSI,VIDP,12:55:00,18:39:00,483
RKSI,SBBR,09:05:00,17:50:00,134
RKSI,SBBR,22:09:00,02:41:00,492
RKSI,WSSS,22:34:00,01:48:00,124
RKSI,WSSS,18:03:00,00:54:00,152
RKSI,LOWW,05:33:00,07:28:00,346
RKSI,LOWW,13:55:00,17:28:00,253
RKSI,SUAA,21:09:00,00:19:00,294
RKSI,SUAA,14:37:00,21:42:00,348
RKSI,SKBO,17:38:00,03:53:00,221
RKSI,SKBO,12:56:00,19:00:00,488
RKSI,VTBS,21:30:00,05:25:00,319
RKSI,VTBS,06:00:00,13:11:00,206
RKSI,EKCH,07:01:00,02:43:00,395
RKSI,EKCH,07:12:00,10:27:00,360
RKSI,SLLP,16:21:00,04:17:00,403
RKSI,SLLP,23:39:00,05:19:00,342
RKSI,SVMI,02:11:00,03:13:00,395
RKSI,SVMI,19:41:00,06:37:00,396
RKSI,SEQM,12:07:00,17:43:00,156
RKSI,SEQM,13:38:00,17:56:00,209
RKSI,LKPR,15:54:00,21:40:00,130
RKSI,LKPR,01:59:00,02:04:00,110
RKSI,LBSF,00:37:00,19:04:00,220
RKSI,LBSF,20:06:00,20:17:00,378
RKSI,LDZA,16:30:00,18:23:00,422
RKSI,LDZA,17:27:00,23:33:00,224
RKSI,OMDB,02:59:00,10:33:00,192
RKSI,OMDB,14:54:00,03:15:00,480
RKSI,SPIM,20:13:00,23:31:00,368
RKSI,SPIM,05:06:00,08:03:00,367
RKSI,EBCI,15:44:00,14:13:00,462
RKSI,EBCI,08:16:00,05:48:00,446
RKSI,UMMS,20:04:00,23:16:00,262
RKSI,UMMS,03:54:00,09:41:00,276
EHAM,RKSI,03:57:00,12:38:00,292
EHAM,RKSI,22:43:00,10:57:00,321
EHAM,LATI,07:00:00,07:01:00,198
EHAM,LATI,22:00:00,07:01:00,430
EHAM,RJTT,15:14:00,03:03:00,463
EHAM,RJTT,15:50:00,03:37:00,351
EHAM,SCEL,21:54:00,17:45:00,101
EHAM,SCEL,18:14:00,16:54:00,315
EHAM,RPLL,08:12:00,21:09:00,294
EHAM,RPLL,14:54:00,05:04:00,468
EHAM,WMKK,09:51:00,20:29:00,258
EHAM,WMKK,02:36:00,12:19:00,133
EHAM,EDDI,13:49:00,21:39:00,316
EHAM,EDDI,06:41:00,08:38:00,384
EHAM,ZBAA,08:03:00,17:08:00,181
EHAM,ZBAA,15:39:00,22:55:00,349
EHAM,SABE,17:50:00,12:13:00,277
EHAM,SABE,00:02:00,19:16:00,467
EHAM,WIII,08:41:00,22:23:00,255
EHAM,WIII,07:05:00,16:30:00,384
EHAM,SGAS,00:19:00,04:21:00,106
EHAM,SGAS,12:30:00,17:34:00,327
EHAM,VIDP,10:44:00,02:56:00,256
EHAM,VIDP,23:16:00,11:36:00,323
EHAM,SBBR,05:41:00,08:07:00,258
EHAM,SBBR,18:46:00,21:57:00,189
EHAM,WSSS,00:12:00,10:12:00,486
EHAM,WSSS,22:18:00,08:21:00,107
EHAM,LOWW,08:17:00,13:04:00,296
EHAM,LOWW,19:12:00,22:37:00,125
EHAM,SUAA,10:56:00,10:51:00,210
EHAM,SUAA,23:09:00,20:48:00,305
EHAM,SKBO,06:41:00,09:16:00,483
EHAM,SKBO,09:04:00,05:26:00,424
EHAM,VTBS,19:08:00,05:09:00,406
EHAM,VTBS,18:25:00,11:30:00,488
EHAM,EKCH,17:57:00,23:21:00,262
EHAM,EKCH,08:55:00,16:40:00,282
EHAM,SLLP,02:55:00,04:51:00,337
EHAM,SLLP,16:38:00,11:14:00,297
EHAM,SVMI,07:40:00,01:44:00,342
EHAM,SVMI,06:06:00,07:42:00,460
EHAM,SEQM,03:16:00,08:35:00,348
EHAM,SEQM,01:06:00,06:12:00,467
EHAM,LKPR,23:52:00,05:44:00,438
EHAM,LKPR,06:04:00,10:24:00,206
EHAM,LBSF,12:02:00,15:57:00,169
EHAM,LBSF,20:48:00,23:08:00,286
EHAM,LDZA,23:04:00,08:24:00,421
EHAM,LDZA,21:38:00,04:03:00,479
EHAM,OMDB,20:46:00,16:06:00,260
EHAM,OMDB,02:30:00,12:42:00,298
EHAM,SPIM,09:09:00,07:44:00,429
EHAM,SPIM,22:49:00,02:40:00,104
EHAM,EBCI,15:33:00,23:00:00,265
EHAM,EBCI,06:44:00,16:48:00,312
EHAM,UMMS,05:00:00,11:32:00,106
EHAM,UMMS,08:07:00,10:46:00,391
LATI,RKSI,05:23:00,17:20:00,239
LATI,RKSI,21:25:00,14:18:00,352
LATI,EHAM,17:47:00,01:50:00,341
LATI,EHAM,02:36:00,07:54:00,139
LATI,RJTT,00:39:00,14:30:00,488
LATI,RJTT,14:17:00,20:57:00,231
LATI,SCEL,03:50:00,00:21:00,145
LATI,SCEL,00:04:00,02:35:00,181
LATI,RPLL,21:24:00,15:03:00,239
LATI,RPLL,13:26:00,03:18:00,202
LATI,WMKK,08:46:00,19:49:00,242
LATI,WMKK,05:56:00,17:51:00,378
LATI,EDDI,03:45:00,03:47:00,234
LATI,EDDI,10:33:00,14:54:00,215
LATI,ZBAA,21:42:00,11:23:00,184
LATI,ZBAA,12:05:00,05:16:00,481
LATI,SABE,00:26:00,00:03:00,488
LATI,SABE,09:48:00,12:46:00,297
LATI,WIII,19:58:00,11:16:00,287
LATI,WIII,12:25:00,20:48:00,471
LATI,SGAS,18:43:00,16:09:00,100
LATI,SGAS,05:32:00,03:56:00,480
LATI,VIDP,01:25:00,18:22:00,132
LATI,VIDP,07:58:00,17:10:00,358
LATI,SBBR,09:22:00,14:20:00,392
LATI,SBBR,06:36:00,08:19:00,457
LATI,WSSS,10:18:00,02:28:00,446
LATI,WSSS,07:35:00,17:59:00,143
LATI,LOWW,10:37:00,21:37:00,267
LATI,LOWW,03:54:00,13:21:00,252
LATI,SUAA,22:47:00,15:49:00,178
LATI,SUAA,14:17:00,10:01:00,144
LATI,SKBO,15:33:00,11:36:00,267
LATI,SKBO,06:23:00,05:17:00,276
LATI,VTBS,13:22:00,04:03:00,132
LATI,VTBS,16:55:00,11:22:00,153
LATI,EKCH,03:07:00,05:40:00,411
LATI,EKCH,03:15:00,14:58:00,485
LATI,SLLP,23:29:00,21:14:00,198
LATI,SLLP,23:37:00,23:26:00,284
LATI,SVMI,02:57:00,05:18:00,321
LATI,SVMI,03:11:00,23:44:00,264
LATI,SEQM,07:17:00,07:13:00,266
LATI,SEQM,18:18:00,17:31:00,343
LATI,LKPR,13:56:00,17:32:00,185
LATI,LKPR,19:58:00,02:06:00,193
LATI,LBSF,06:11:00,08:17:00,330
LATI,LBSF,19:55:00,21:26:00,219
LATI,LDZA,20:25:00,00:00:00,129
LATI,LDZA,04:51:00,09:14:00,378
LATI,OMDB,13:59:00,00:00:00,361
LATI,OMDB,03:07:00,23:46:00,477
LATI,SPIM,13:54:00,11:04:00,291
LATI,SPIM,23:24:00,19:13:00,393
LATI,EBCI,03:30:00,09:30:00,239
LATI,EBCI,04:14:00,10:39:00,418
LATI,UMMS,02:17:00,05:57:00,329
LATI,UMMS,07:33:00,10:58:00,234
RJTT,RKSI,05:40:00,09:35:00,217
RJTT,RKSI,03:54:00,04:45:00,389
RJTT,EHAM,16:08:00,17:53:00,296
RJTT,EHAM,10:36:00,10:19:00,340
RJTT,LATI,04:15:00,07:04:00,398
RJTT,LATI,07:48:00,10:06:00,290
RJTT,SCEL,18:51:00,02:06:00,266
RJTT,SCEL,05:53:00,08:08:00,387
RJTT,RPLL,17:54:00,00:56:00,226
RJTT,RPLL,18:09:00,21:59:00,487
RJTT,WMKK,20:38:00,22:49:00,388
RJTT,WMKK,03:26:00,10:26:00,212
RJTT,EDDI,12:13:00,15:01:00,407
RJTT,EDDI,18:20:00,00:27:00,214
RJTT,ZBAA,13:58:00,21:16:00,494
RJTT,ZBAA,01:52:00,08:04:00,209
RJTT,SABE,03:38:00,07:49:00,321
RJTT,SABE,12:12:00,21:41:00,243
RJTT,WIII,20:01:00,22:19:00,112
RJTT,WIII,08:54:00,14:05:00,483
RJTT,SGAS,06:58:00,15:18:00,255
RJTT,SGAS,06:51:00,17:58:00,456
RJTT,VIDP,04:27:00,15:52:00,328
RJTT,VIDP,00:55:00,05:18:00,409
RJTT,SBBR,00:15:00,05:48:00,465
RJTT,SBBR,00:07:00,04:21:00,419
RJTT,WSSS,19:32:00,23:07:00,215
RJTT,WSSS,06:24:00,18:24:00,269
RJTT,LOWW,17:03:00,19:31:00,377
RJTT,LOWW,14:29:00,15:39:00,468
RJTT,SUAA,03:10:00,06:40:00,485
RJTT,SUAA,17:55:00,00:13:00,392
RJTT,SKBO,22:33:00,03:47:00,469
RJTT,SKBO,04:16:00,13:20:00,201
RJTT,VTBS,13:34:00,01:11:00,234
RJTT,VTBS,15:30:00,00:25:00,357
RJTT,EKCH,19:06:00,23:35:00,352
RJTT,EKCH,14:03:00,15:51:00,438
RJTT,SLLP,03:25:00,14:17:00,286
RJTT,SLLP,14:21:00,23:28:00,373
RJTT,SVMI,08:07:00,16:47:00,316
RJTT,SVMI,03:42:00,06:57:00,404
RJTT,SEQM,02:02:00,08:32:00,187
RJTT,SEQM,09:31:00,17:56:00,243
RJTT,LKPR,07:35:00,12:49:00,166
RJTT,LKPR,05:44:00,10:19:00,276
RJTT,LBSF,02:13:00,05:42:00,358
RJTT,LBSF,09:29:00,06:32:00,443
RJTT,LDZA,15:17:00,11:08:00,386
RJTT,LDZA,15:47:00,14:51:00,244
RJTT,OMDB,20:06:00,11:28:00,239
RJTT,OMDB,13:36:00,20:24:00,493
RJTT,SPIM,01:28:00,07:02:00,272
RJTT,SPIM,19:58:00,07:00:00,477
RJTT,EBCI,18:38:00,14:54:00,269
RJTT,EBCI,08:24:00,12:10:00,199
RJTT,UMMS,00:10:00,19:06:00,108
RJTT,UMMS,22:07:00,01:31:00,410
SCEL,RKSI,14:23:00,19:54:00,496
SCEL,RKSI,13:11:00,13:14:00,349
SCEL,EHAM,07:10:00,15:54:00,221
SCEL,EHAM,11:48:00,22:43:00,443
SCEL,LATI,17:50:00,07:28:00,259
SCEL,LATI,17:44:00,10:44:00,376
SCEL,RJTT,11:22:00,11:24:00,333
SCEL,RJTT,17:04:00,19:49:00,143
SCEL,RPLL,12:04:00,16:05:00,274
SCEL,RPLL,13:45:00,23:02:00,215
SCEL,WMKK,23:51:00,07:42:00,324
SCEL,WMKK,17:03:00,21:48:00,255
SCEL,EDDI,21:58:00,12:03:00,163
SCEL,EDDI,14:56:00,22:33:00,236
SCEL,ZBAA,15:21:00,17:17:00,188
SCEL,ZBAA,15:47:00,19:45:00,451
SCEL,SABE,08:06:00,16:58:00,336
SCEL,SABE,10:41:00,12:58:00,398
SCEL,WIII,05:06:00,12:45:00,396
SCEL,WIII,20:03:00,04:05:00,188
SCEL,SGAS,21:11:00,06:56:00,424
SCEL,SGAS,17:50:00,23:07:00,276
SCEL,VIDP,16:50:00,01:47:00,133
SCEL,VIDP,14:25:00,19:10:00,353
SCEL,SBBR,16:41:00,18:02:00,362
SCEL,SBBR,13:37:00,22:04:00,215
SCEL,WSSS,11:36:00,17:43:00,369
SCEL,WSSS,12:45:00,23:08:00,333
SCEL,LOWW,20:06:00,03:11:00,130
SCEL,LOWW,16:15:00,08:26:00,412
SCEL,SUAA,18:00:00,18:35:00,362
SCEL,SUAA,02:01:00,03:04:00,421
SCEL,SKBO,10:05:00,18:28:00,328
SCEL,SKBO,01:41:00,13:21:00,322
SCEL,VTBS,09:54:00,21:16:00,202
SCEL,VTBS,05:15:00,07:58:00,160
SCEL,EKCH,15:05:00,22:25:00,129
SCEL,EKCH,02:11:00,19:38:00,436
SCEL,SLLP,13:27:00,18:45:00,139
SCEL,SLLP,03:46:00,10:35:00,486
SCEL,SVMI,03:53:00,05:24:00,165
SCEL,SVMI,16:13:00,23:40:00,442
SCEL,SEQM,12:27:00,19:38:00,228
SCEL,SEQM,18:56:00,07:10:00,316
SCEL,LKPR,20:51:00,13:28:00,225
SCEL,LKPR,15:30:00,04:55:00,465
SCEL,LBSF,09:16:00,15:22:00,250
SCEL,LBSF,19:19:00,03:50:00,453
SCEL,LDZA,09:35:00,01:08:00,147
SCEL,LDZA,02:17:00,20:32:00,488
SCEL,OMDB,00:38:00,17:32:00,471
SCEL,OMDB,11:31:00,01:34:00,208
SCEL,SPIM,19:43:00,03:39:00,366
SCEL,SPIM,12:43:00,16:38:00,495
SCEL,EBCI,09:16:00,17:05:00,209
SCEL,EBCI,21:40:00,14:56:00,122
SCEL,UMMS,14:05:00,06:40:00,395
SCEL,UMMS,05:44:00,14:28:00,382
RPLL,RKSI,16:50:00,02:56:00,209
RPLL,RKSI,15:45:00,15:14:00,418
RPLL,EHAM,06:57:00,02:57:00,175
RPLL,EHAM,20:34:00,15:47:00,304
RPLL,LATI,18:41:00,16:50:00,109
RPLL,LATI,15:16:00,16:34:00,125
RPLL,RJTT,05:20:00,14:44:00,422
RPLL,RJTT,21:47:00,05:14:00,369
RPLL,SCEL,03:36:00,13:48:00,436
RPLL,SCEL,01:34:00,07:51:00,256
RPLL,WMKK,09:34:00,14:23:00,361
RPLL,WMKK,08:43:00,17:00:00,102
RPLL,EDDI,02:48:00,03:38:00,143
RPLL,EDDI,00:51:00,02:17:00,222
RPLL,ZBAA,20:21:00,05:25:00,232
RPLL,ZBAA,06:09:00,06:57:00,276
RPLL,SABE,14:24:00,00:47:00,499
RPLL,SABE,14:54:00,17:49:00,468
RPLL,WIII,20:56:00,00:59:00,251
RPLL,WIII,15:44:00,03:20:00,129
RPLL,SGAS,11:16:00,22:30:00,322
RPLL,SGAS,02:34:00,10:08:00,323
RPLL,VIDP,18:27:00,06:02:00,276
RPLL,VIDP,20:22:00,00:36:00,232
RPLL,SBBR,22:04:00,22:34:00,153
RPLL,SBBR,13:13:00,16:13:00,310
RPLL,WSSS,14:23:00,17:07:00,363
RPLL,WSSS,22:05:00,23:50:00,223
RPLL,LOWW,15:01:00,18:46:00,365
RPLL,LOWW,17:08:00,12:24:00,406
RPLL,SUAA,00:10:00,23:39:00,475
RPLL,SUAA,17:50:00,17:59:00,290
RPLL,SKBO,21:31:00,08:11:00,278
RPLL,SKBO,14:29:00,15:34:00,459
RPLL,VTBS,18:04:00,00:35:00,500
RPLL,VTBS,09:26:00,20:52:00,122
RPLL,EKCH,19:16:00,20:34:00,452
RPLL,EKCH,09:45:00,11:45:00,134
RPLL,SLLP,02:26:00,10:37:00,317
RPLL,SLLP,07:53:00,14:14:00,489
RPLL,SVMI,01:06:00,04:50:00,177
RPLL,SVMI,03:48:00,15:07:00,221
RPLL,SEQM,20:10:00,00:41:00,255
RPLL,SEQM,23:26:00,11:47:00,215
RPLL,LKPR,14:17:00,10:58:00,233
RPLL,LKPR,19:02:00,21:28:00,331
RPLL,LBSF,04:48:00,08:38:00,417
RPLL,LBSF,01:14:00,00:40:00,240
RPLL,LDZA,01:54:00,03:46:00,328
RPLL,LDZA,02:25:00,07:18:00,487
RPLL,OMDB,02:48:00,10:58:00,360
RPLL,OMDB,17:16:00,22:11:00,425
RPLL,SPIM,00:04:00,02:38:00,260
RPLL,SPIM,17:45:00,20:28:00,350
RPLL,EBCI,07:51:00,10:53:00,469
RPLL,EBCI,21:21:00,23:51:00,139
RPLL,UMMS,17:11:00,13:42:00,137
RPLL,UMMS,16:29:00,11:37:00,147
WMKK,RKSI,05:52:00,14:18:00,153
WMKK,RKSI,03:22:00,06:32:00,151
WMKK,EHAM,13:11:00,16:41:00,252
WMKK,EHAM,21:39:00,02:15:00,157
WMKK,LATI,03:52:00,09:40:00,187
WMKK,LATI,04:58:00,09:14:00,255
WMKK,RJTT,20:10:00,04:46:00,359
WMKK,RJTT,06:56:00,10:26:00,380
WMKK,SCEL,06:26:00,12:06:00,473
WMKK,SCEL,09:00:00,19:53:00,156
WMKK,RPLL,02:19:00,08:24:00,156
WMKK,RPLL,21:30:00,08:37:00,173
WMKK,EDDI,12:34:00,14:50:00,197
WMKK,EDDI,08:14:00,09:08:00,342
WMKK,ZBAA,23:16:00,03:39:00,460
WMKK,ZBAA,15:07:00,03:02:00,195
WMKK,SABE,19:09:00,20:46:00,154
WMKK,SABE,03:59:00,06:52:00,252
WMKK,WIII,12:34:00,22:17:00,452
WMKK,WIII,01:55:00,12:10:00,306
WMKK,SGAS,15:18:00,00:28:00,470
WMKK,SGAS,13:47:00,17:38:00,445
WMKK,VIDP,18:28:00,00:21:00,403
WMKK,VIDP,08:44:00,18:46:00,195
WMKK,SBBR,01:48:00,11:17:00,472
WMKK,SBBR,09:03:00,09:26:00,322
WMKK,WSSS,05:14:00,11:49:00,186
WMKK,WSSS,19:55:00,06:57:00,117
WMKK,LOWW,19:36:00,16:00:00,432
WMKK,LOWW,01:34:00,23:00:00,258
WMKK,SUAA,15:28:00,15:55:00,163
WMKK,SUAA,14:31:00,15:44:00,167
WMKK,SKBO,01:49:00,03:03:00,430
WMKK,SKBO,07:55:00,16:31:00,157
WMKK,VTBS,16:03:00,23:07:00,130
WMKK,VTBS,21:19:00,06:48:00,345
WMKK,EKCH,18:11:00,16:44:00,452
WMKK,EKCH,11:17:00,14:23:00,491
WMKK,SLLP,18:36:00,23:49:00,193
WMKK,SLLP,11:49:00,15:23:00,371
WMKK,SVMI,21:45:00,03:35:00,134
WMKK,SVMI,18:18:00,23:40:00,115
WMKK,SEQM,10:52:00,21:58:00,242
WMKK,SEQM,14:09:00,00:33:00,344
WMKK,LKPR,00:29:00,05:57:00,431
WMKK,LKPR,07:31:00,03:50:00,260
WMKK,LBSF,17:36:00,22:16:00,442
WMKK,LBSF,17:21:00,20:14:00,189
WMKK,LDZA,10:30:00,16:28:00,280
WMKK,LDZA,08:34:00,08:31:00,473
WMKK,OMDB,09:39:00,14:00:00,167
WMKK,OMDB,13:54:00,20:13:00,461
WMKK,SPIM,16:40:00,18:09:00,312
WMKK,SPIM,16:48:00,18:51:00,118
WMKK,EBCI,19:30:00,13:38:00,197
WMKK,EBCI,05:52:00,02:21:00,147
WMKK,UMMS,21:11:00,14:59:00,436
WMKK,UMMS,04:06:00,02:00:00,312
EDDI,RKSI,06:36:00,17:42:00,325
EDDI,RKSI,20:28:00,07:19:00,313
EDDI,EHAM,20:41:00,05:29:00,298
EDDI,EHAM,11:47:00,16:30:00,424
EDDI,LATI,10:14:00,16:44:00,437
EDDI,LATI,04:30:00,07:03:00,116
EDDI,RJTT,00:27:00,06:12:00,404
EDDI,RJTT,15:28:00,06:11:00,125
EDDI,SCEL,12:46:00,17:41:00,197
EDDI,SCEL,06:27:00,04:17:00,500
EDDI,RPLL,03:32:00,17:01:00,191
EDDI,RPLL,10:19:00,18:01:00,434
EDDI,WMKK,19:08:00,06:37:00,186
EDDI,WMKK,01:17:00,10:47:00,446
EDDI,ZBAA,20:42:00,13:18:00,342
EDDI,ZBAA,15:21:00,04:13:00,488
EDDI,SABE,16:33:00,17:36:00,161
EDDI,SABE,09:45:00,08:33:00,410
EDDI,WIII,17:01:00,04:25:00,329
EDDI,WIII,14:39:00,01:58:00,346
EDDI,SGAS,03:45:00,01:38:00,352
EDDI,SGAS,13:27:00,11:40:00,228
EDDI,VIDP,13:14:00,09:44:00,475
EDDI,VIDP,03:46:00,17:23:00,179
EDDI,SBBR,00:24:00,20:22:00,460
EDDI,SBBR,12:44:00,08:41:00,237
EDDI,WSSS,13:20:00,22:20:00,168
EDDI,WSSS,04:07:00,16:54:00,483
EDDI,LOWW,09:41:00,15:36:00,335
EDDI,LOWW,05:21:00,06:07:00,206
EDDI,SUAA,11:31:00,10:16:00,289
EDDI,SUAA,12:39:00,16:12:00,267
EDDI,SKBO,14:15:00,15:46:00,196
EDDI,SKBO,17:56:00,17:32:00,451
EDDI,VTBS,20:14:00,09:20:00,240
EDDI,VTBS,16:07:00,08:29:00,466
EDDI,EKCH,16:01:00,19:27:00,185
EDDI,EKCH,15:48:00,01:17:00,449
EDDI,SLLP,13:14:00,17:10:00,298
EDDI,SLLP,05:18:00,01:44:00,411
EDDI,SVMI,04:14:00,07:07:00,196
EDDI,SVMI,19:31:00,00:26:00,271
EDDI,SEQM,16:49:00,13:55:00,209
EDDI,SEQM,12:07:00,11:22:00,466
EDDI,LKPR,11:46:00,23:16:00,299
EDDI,LKPR,12:16:00,15:57:00,488
EDDI,LBSF,21:37:00,02:28:00,220
EDDI,LBSF,04:58:00,04:20:00,245
EDDI,LDZA,23:12:00,09:32:00,129
EDDI,LDZA,09:47:00,18:39:00,122
EDDI,OMDB,21:24:00,15:39:00,239
EDDI,OMDB,10:58:00,06:13:00,357
EDDI,SPIM,09:48:00,06:33:00,302
EDDI,SPIM,23:28:00,03:06:00,467
EDDI,EBCI,09:29:00,19:42:00,332
EDDI,EBCI,07:01:00,15:06:00,495
EDDI,UMMS,06:12:00,16:54:00,281
EDDI,UMMS,17:32:00,02:32:00,238
ZBAA,RKSI,16:56:00,17:33:00,101
ZBAA,RKSI,13:45:00,14:56:00,191
ZBAA,EHAM,08:04:00,06:36:00,466
ZBAA,EHAM,11:31:00,12:36:00,411
ZBAA,LATI,14:17:00,19:22:00,193
ZBAA,LATI,07:28:00,03:17:00,112
ZBAA,RJTT,09:59:00,14:50:00,332
ZBAA,RJTT,21:52:00,05:21:00,460
ZBAA,SCEL,08:27:00,12:03:00,373
ZBAA,SCEL,12:52:00,14:41:00,442
ZBAA,RPLL,20:18:00,23:59:00,213
ZBAA,RPLL,17:43:00,20:57:00,334
ZBAA,WMKK,04:14:00,16:08:00,484
ZBAA,WMKK,15:07:00,17:57:00,359
ZBAA,EDDI,20:28:00,15:28:00,302
ZBAA,EDDI,09:04:00,07:14:00,468
ZBAA,SABE,14:28:00,20:45:00,224
ZBAA,SABE,06:53:00,14:06:00,398
ZBAA,WIII,15:59:00,02:56:00,332
ZBAA,WIII,00:45:00,04:20:00,438
ZBAA,SGAS,14:53:00,17:09:00,382
ZBAA,SGAS,13:15:00,16:44:00,211
ZBAA,VIDP,12:42:00,22:31:00,355
ZBAA,VIDP,10:50:00,15:56:00,388
ZBAA,SBBR,22:16:00,23:32:00,413
ZBAA,SBBR,23:30:00,02:47:00,201
ZBAA,WSSS,15:15:00,16:53:00,349
ZBAA,WSSS,10:22:00,15:40:00,376
ZBAA,LOWW,09:58:00,08:14:00,134
ZBAA,LOWW,15:54:00,16:32:00,197
ZBAA,SUAA,22:49:00,08:35:00,124
ZBAA,SUAA,08:18:00,08:24:00,348
ZBAA,SKBO,22:07:00,09:48:00,342
ZBAA,SKBO,08:49:00,20:58:00,108
ZBAA,VTBS,13:19:00,16:52:00,351
ZBAA,VTBS,21:57:00,23:11:00,494
ZBAA,EKCH,18:00:00,20:02:00,485
ZBAA,EKCH,23:07:00,00:22:00,191
ZBAA,SLLP,13:41:00,01:01:00,428
ZBAA,SLLP,05:07:00,05:07:00,223
ZBAA,SVMI,03:52:00,07:19:00,317
ZBAA,SVMI,10:46:00,16:35:00,471
ZBAA,SEQM,01:04:00,09:59:00,190
ZBAA,SEQM,23:55:00,09:36:00,300
ZBAA,LKPR,10:26:00,07:14:00,417
ZBAA,LKPR,16:04:00,12:55:00,147
ZBAA,LBSF,18:28:00,21:43:00,356
ZBAA,LBSF,03:33:00,06:14:00,359
ZBAA,LDZA,09:28:00,14:00:00,404
ZBAA,LDZA,12:22:00,13:10:00,217
ZBAA,OMDB,17:22:00,08:45:00,172
ZBAA,OMDB,00:14:00,15:01:00,288
ZBAA,SPIM,03:27:00,05:51:00,356
ZBAA,SPIM,06:02:00,08:17:00,149
ZBAA,EBCI,10:47:00,16:04:00,251
ZBAA,EBCI,09:26:00,10:00:00,294
ZBAA,UMMS,01:59:00,06:41:00,406
ZBAA,UMMS,16:21:00,12:46:00,342
SABE,RKSI,17:18:00,00:08:00,269
SABE,RKSI,12:47:00,20:00:00,476
SABE,EHAM,17:42:00,01:45:00,425
SABE,EHAM,10:49:00,18:13:00,481
SABE,LATI,05:05:00,15:38:00,450
SABE,LATI,06:03:00,20:50:00,449
SABE,RJTT,10:13:00,18:11:00,360
SABE,RJTT,17:12:00,20:38:00,417
SABE,SCEL,18:55:00,05:35:00,164
SABE,SCEL,14:53:00,18:34:00,194
SABE,RPLL,03:46:00,13:53:00,475
SABE,RPLL,02:54:00,06:58:00,138
SABE,WMKK,11:19:00,16:57:00,388
SABE,WMKK,04:17:00,07:00:00,371
SABE,EDDI,03:38:00,21:19:00,253
SABE,EDDI,23:23:00,15:21:00,461
SABE,ZBAA,05:36:00,13:50:00,407
SABE,ZBAA,05:02:00,14:57:00,317
SABE,WIII,02:54:00,15:49:00,182
SABE,WIII,12:58:00,20:07:00,250
SABE,SGAS,23:26:00,08:29:00,160
SABE,SGAS,13:38:00,18:17:00,137
SABE,VIDP,04:09:00,14:23:00,106
SABE,VIDP,01:46:00,16:16:00,208
SABE,SBBR,06:16:00,13:03:00,429
SABE,SBBR,18:05:00,04:26:00,314
SABE,WSSS,14:50:00,01:11:00,185
SABE,WSSS,04:25:00,05:38:00,360
SABE,LOWW,14:15:00,03:04:00,170
SABE,LOWW,09:03:00,16:17:00,112
SABE,SUAA,18:00:00,04:11:00,175
SABE,SUAA,17:11:00,17:39:00,481
SABE,SKBO,03:44:00,14:55:00,152
SABE,SKBO,15:12:00,19:37:00,200
SABE,VTBS,14:12:00,17:37:00,234
SABE,VTBS,17:06:00,19:18:00,473
SABE,EKCH,22:26:00,15:58:00,232
SABE,EKCH,06:42:00,20:25:00,377
SABE,SLLP,10:06:00,22:35:00,221
SABE,SLLP,20:49:00,05:15:00,136
SABE,SVMI,12:52:00,23:44:00,164
SABE,SVMI,09:57:00,16:22:00,377
SABE,SEQM,22:00:00,10:47:00,389
SABE,SEQM,03:39:00,12:34:00,468
SABE,LKPR,09:21:00,20:33:00,278
SABE,LKPR,22:19:00,12:13:00,319
SABE,LBSF,18:27:00,10:51:00,427
SABE,LBSF,15:20:00,06:42:00,248
SABE,LDZA,11:09:00,20:38:00,304
SABE,LDZA,07:42:00,22:04:00,154
SABE,OMDB,16:36:00,08:02:00,308
SABE,OMDB,15:59:00,08:51:00,185
SABE,SPIM,01:05:00,04:44:00,306
SABE,SPIM,20:12:00,04:36:00,202
SABE,EBCI,05:55:00,20:25:00,175
SABE,EBCI,02:36:00,12:45:00,132
SABE,UMMS,19:20:00,07:49:00,210
SABE,UMMS,08:59:00,21:23:00,384
WIII,RKSI,13:28:00,16:00:00,457
WIII,RKSI,18:58:00,00:16:00,373
WIII,EHAM,03:30:00,06:27:00,108
WIII,EHAM,15:38:00,09:55:00,243
WIII,LATI,21:59:00,02:46:00,349
WIII,LATI,00:21:00,18:01:00,379
WIII,RJTT,18:25:00,18:57:00,318
WIII,RJTT,16:00:00,16:17:00,384
WIII,SCEL,10:10:00,15:27:00,365
WIII,SCEL,09:57:00,14:32:00,160
WIII,RPLL,06:22:00,12:51:00,163
WIII,RPLL,21:07:00,03:32:00,238
WIII,WMKK,16:02:00,02:44:00,151
WIII,WMKK,20:54:00,23:39:00,284
WIII,EDDI,00:08:00,20:42:00,185
WIII,EDDI,20:37:00,18:10:00,167
WIII,ZBAA,14:26:00,00:43:00,459
WIII,ZBAA,15:20:00,22:11:00,385
WIII,SABE,19:01:00,20:44:00,261
WIII,SABE,16:48:00,15:01:00,485
WIII,SGAS,21:49:00,03:33:00,338
WIII,SGAS,21:55:00,07:00:00,489
WIII,VIDP,07:32:00,14:47:00,494
WIII,VIDP,17:41:00,05:07:00,414
WIII,SBBR,08:30:00,15:28:00,481
WIII,SBBR,06:09:00,08:13:00,232
WIII,WSSS,04:03:00,06:23:00,349
WIII,WSSS,20:13:00,02:41:00,500
WIII,LOWW,14:07:00,09:16:00,102
WIII,LOWW,19:28:00,22:52:00,377
WIII,SUAA,18:26:00,00:17:00,321
WIII,SUAA,16:15:00,21:02:00,431
WIII,SKBO,19:30:00,23:42:00,275
WIII,SKBO,11:19:00,18:27:00,256
WIII,VTBS,14:56:00,16:30:00,275
WIII,VTBS,06:14:00,15:46:00,368
WIII,EKCH,21:21:00,22:12:00,271
WIII,EKCH,07:30:00,07:53:00,400
WIII,SLLP,08:22:00,08:01:00,431
WIII,SLLP,12:53:00,23:39:00,119
WIII,SVMI,04:01:00,12:02:00,291
WIII,SVMI,22:18:00,01:19:00,323
WIII,SEQM,17:14:00,23:14:00,117
WIII,SEQM,22:02:00,23:49:00,499
WIII,LKPR,09:42:00,04:51:00,113
WIII,LKPR,22:19:00,02:29:00,289
WIII,LBSF,16:06:00,15:22:00,216
WIII,LBSF,09:15:00,10:32:00,434
WIII,LDZA,07:19:00,00:58:00,346
WIII,LDZA,08:43:00,07:48:00,410
WIII,OMDB,20:58:00,06:18:00,496
WIII,OMDB,13:08:00,18:26:00,470
WIII,SPIM,00:07:00,06:59:00,448
WIII,SPIM,06:44:00,10:07:00,248
WIII,EBCI,20:07:00,13:59:00,307
WIII,EBCI,22:08:00,17:55:00,235
WIII,UMMS,23:49:00,02:35:00,206
WIII,UMMS,19:34:00,13:14:00,172
SGAS,RKSI,03:55:00,12:26:00,206
SGAS,RKSI,07:15:00,08:38:00,428
SGAS,EHAM,04:35:00,13:27:00,142
SGAS,EHAM,23:48:00,10:25:00,400
SGAS,LATI,16:19:00,03:02:00,371
SGAS,LATI,04:55:00,13:14:00,210
SGAS,RJTT,21:15:00,07:36:00,296
SGAS,RJTT,21:26:00,02:45:00,266
SGAS,SCEL,11:24:00,17:32:00,417
SGAS,SCEL,10:35:00,21:29:00,272
SGAS,RPLL,00:40:00,06:26:00,315
SGAS,RPLL,03:39:00,09:00:00,347
SGAS,WMKK,10:46:00,19:14:00,387
SGAS,WMKK,13:37:00,18:47:00,185
SGAS,EDDI,13:16:00,01:07:00,261
SGAS,EDDI,21:49:00,11:52:00,121
SGAS,ZBAA,10:26:00,11:19:00,143
SGAS,ZBAA,05:52:00,12:32:00,393
SGAS,SABE,09:24:00,12:34:00,260
SGAS,SABE,06:01:00,15:50:00,158
SGAS,WIII,18:35:00,05:51:00,433
SGAS,WIII,05:01:00,07:15:00,372
SGAS,VIDP,06:52:00,14:56:00,314
SGAS,VIDP,12:38:00,18:53:00,257
SGAS,SBBR,01:00:00,08:02:00,435
SGAS,SBBR,18:55:00,23:07:00,146
SGAS,WSSS,23:33:00,10:54:00,182
SGAS,WSSS,14:22:00,21:15:00,456
SGAS,LOWW,08:09:00,16:50:00,439
SGAS,LOWW,12:46:00,00:59:00,334
SGAS,SUAA,00:32:00,01:47:00,146
SGAS,SUAA,04:20:00,09:09:00,277
SGAS,SKBO,11:00:00,15:18:00,440
SGAS,SKBO,03:54:00,11:03:00,154
SGAS,VTBS,10:01:00,19:19:00,500
SGAS,VTBS,11:45:00,23:12:00,434
SGAS,EKCH,02:58:00,11:01:00,266
SGAS,EKCH,09:13:00,02:04:00,107
SGAS,SLLP,05:45:00,13:03:00,131
SGAS,SLLP,12:42:00,23:29:00,304
SGAS,SVMI,13:56:00,23:49:00,389
SGAS,SVMI,16:38:00,00:13:00,364
SGAS,SEQM,08:34:00,11:26:00,106
SGAS,SEQM,07:59:00,14:34:00,120
SGAS,LKPR,21:17:00,13:57:00,476
SGAS,LKPR,08:21:00,14:42:00,324
SGAS,LBSF,19:33:00,06:01:00,382
SGAS,LBSF,17:02:00,03:49:00,290
SGAS,LDZA,13:14:00,23:03:00,229
SGAS,LDZA,07:16:00,19:34:00,300
SGAS,OMDB,03:22:00,09:37:00,490
SGAS,OMDB,23:07:00,13:34:00,324
SGAS,SPIM,00:21:00,02:08:00,390
SGAS,SPIM,04:48:00,07:52:00,324
SGAS,EBCI,22:28:00,11:10:00,165
SGAS,EBCI,21:20:00,10:52:00,460
SGAS,UMMS,05:14:00,15:12:00,454
SGAS,UMMS,10:14:00,19:26:00,459
VIDP,RKSI,21:47:00,01:59:00,431
VIDP,RKSI,00:54:00,02:34:00,443
VIDP,EHAM,14:19:00,05:53:00,465
VIDP,EHAM,05:02:00,21:54:00,309
VIDP,LATI,15:36:00,17:05:00,170
VIDP,LATI,12:13:00,03:39:00,191
VIDP,RJTT,07:40:00,13:27:00,260
VIDP,RJTT,04:24:00,05:20:00,309
VIDP,SCEL,14:28:00,13:33:00,128
VIDP,SCEL,02:58:00,10:06:00,256
VIDP,RPLL,02:00:00,04:14:00,426
VIDP,RPLL,03:22:00,07:16:00,293
VIDP,WMKK,09:49:00,16:41:00,123
VIDP,WMKK,10:58:00,19:05:00,224
VIDP,EDDI,08:07:00,00:45:00,492
VIDP,EDDI,19:10:00,17:41:00,252
VIDP,ZBAA,17:34:00,23:11:00,410
VIDP,ZBAA,00:11:00,05:58:00,168
VIDP,SABE,03:32:00,08:35:00,397
VIDP,SABE,01:21:00,21:42:00,468
VIDP,WIII,08:29:00,10:26:00,265
VIDP,WIII,06:37:00,08:52:00,191
VIDP,SGAS,23:06:00,01:29:00,362
VIDP,SGAS,15:14:00,23:02:00,364
VIDP,SBBR,13:15:00,12:19:00,320
VIDP,SBBR,14:34:00,16:19:00,333
VIDP,WSSS,08:51:00,09:58:00,323
VIDP,WSSS,18:12:00,17:40:00,109
VIDP,LOWW,11:36:00,13:02:00,345
VIDP,LOWW,09:52:00,10:49:00,129
VIDP,SUAA,21:34:00,21:46:00,295
VIDP,SUAA,17:32:00,21:46:00,437
VIDP,SKBO,07:42:00,12:02:00,446
VIDP,SKBO,17:07:00,16:57:00,257
VIDP,VTBS,02:28:00,11:24:00,180
VIDP,VTBS,15:43:00,01:04:00,415
VIDP,EKCH,09:05:00,11:19:00,263
VIDP,EKCH,15:59:00,10:16:00,430
VIDP,SLLP,04:45:00,05:52:00,161
VIDP,SLLP,21:39:00,01:58:00,440
VIDP,SVMI,10:40:00,14:52:00,427
VIDP,SVMI,02:40:00,05:34:00,454
VIDP,SEQM,06:56:00,09:35:00,382
VIDP,SEQM,06:54:00,07:18:00,269
VIDP,LKPR,13:10:00,05:44:00,114
VIDP,LKPR,20:20:00,18:50:00,430
VIDP,LBSF,09:28:00,09:48:00,453
VIDP,LBSF,08:11:00,02:37:00,451
VIDP,LDZA,17:32:00,19:00:00,329
VIDP,LDZA,02:03:00,19:55:00,482
VIDP,OMDB,09:18:00,16:49:00,351
VIDP,OMDB,04:41:00,14:50:00,406
VIDP,SPIM,11:36:00,10:01:00,209
VIDP,SPIM,16:50:00,23:39:00,115
VIDP,EBCI,12:49:00,04:58:00,447
VIDP,EBCI,18:10:00,18:12:00,416
VIDP,UMMS,09:11:00,06:57:00,175
VIDP,UMMS,22:38:00,21:09:00,325
SBBR,RKSI,12:34:00,17:12:00,190
SBBR,RKSI,19:33:00,02:43:00,450
SBBR,EHAM,01:40:00,16:09:00,478
SBBR,EHAM,11:04:00,03:53:00,315
SBBR,LATI,12:02:00,19:23:00,164
SBBR,LATI,12:45:00,21:23:00,210
SBBR,RJTT,01:28:00,09:54:00,205
SBBR,RJTT,20:06:00,02:43:00,174
SBBR,SCEL,16:49:00,20:20:00,435
SBBR,SCEL,12:18:00,16:27:00,140
SBBR,RPLL,01:38:00,12:01:00,256
SBBR,RPLL,17:29:00,03:38:00,346
SBBR,WMKK,13:20:00,00:22:00,426
SBBR,WMKK,02:14:00,08:05:00,162
SBBR,EDDI,19:53:00,12:01:00,244
SBBR,EDDI,20:10:00,10:05:00,442
SBBR,ZBAA,00:58:00,06:38:00,279
SBBR,ZBAA,14:41:00,22:13:00,365
SBBR,SABE,11:14:00,14:53:00,112
SBBR,SABE,07:03:00,15:14:00,438
SBBR,WIII,04:12:00,11:12:00,373
SBBR,WIII,18:17:00,00:53:00,136
SBBR,SGAS,10:40:00,13:35:00,363
SBBR,SGAS,16:26:00,01:15:00,179
SBBR,VIDP,12:24:00,02:14:00,261
SBBR,VIDP,12:36:00,04:09:00,162
SBBR,WSSS,13:17:00,18:33:00,185
SBBR,WSSS,03:33:00,05:54:00,457
SBBR,LOWW,15:37:00,06:22:00,227
SBBR,LOWW,19:57:00,03:26:00,476
SBBR,SUAA,12:27:00,15:40:00,463
SBBR,SUAA,05:34:00,11:38:00,248
SBBR,SKBO,02:53:00,05:55:00,315
SBBR,SKBO,03:03:00,08:23:00,242
SBBR,VTBS,21:39:00,07:07:00,355
SBBR,VTBS,07:11:00,16:20:00,329
SBBR,EKCH,07:35:00,17:16:00,181
SBBR,EKCH,14:57:00,04:20:00,244
SBBR,SLLP,15:11:00,19:08:00,178
SBBR,SLLP,15:06:00,16:48:00,282
SBBR,SVMI,04:32:00,14:30:00,323
SBBR,SVMI,17:35:00,19:20:00,207
SBBR,SEQM,11:16:00,18:38:00,377
SBBR,SEQM,07:22:00,19:39:00,496
SBBR,LKPR,07:29:00,15:45:00,335
SBBR,LKPR,16:22:00,01:58:00,467
SBBR,LBSF,21:48:00,12:04:00,404
SBBR,LBSF,07:45:00,18:05:00,408
SBBR,LDZA,06:31:00,17:37:00,471
SBBR,LDZA,15:50:00,08:53:00,317
SBBR,OMDB,09:38:00,22:21:00,490
SBBR,OMDB,22:31:00,04:51:00,169
SBBR,SPIM,12:23:00,22:55:00,291
SBBR,SPIM,21:29:00,03:12:00,253
SBBR,EBCI,17:26:00,08:08:00,302
SBBR,EBCI,16:37:00,02:58:00,226
SBBR,UMMS,22:09:00,09:18:00,273
SBBR,UMMS,15:20:00,23:44:00,298
WSSS,RKSI,20:53:00,02:58:00,497
WSSS,RKSI,12:06:00,22:32:00,465
WSSS,EHAM,13:57:00,12:22:00,378
WSSS,EHAM,14:30:00,11:40:00,492
WSSS,LATI,01:53:00,23:17:00,113
WSSS,LATI,12:47:00,11:08:00,294
WSSS,RJTT,12:09:00,21:47:00,351
WSSS,RJTT,22:29:00,02:26:00,271
WSSS,SCEL,10:39:00,20:44:00,364
WSSS,SCEL,10:05:00,17:37:00,259
WSSS,RPLL,09:49:00,13:06:00,440
WSSS,RPLL,04:21:00,12:14:00,427
WSSS,WMKK,20:50:00,06:37:00,436
WSSS,WMKK,20:12:00,22:50:00,377
WSSS,EDDI,10:48:00,14:07:00,289
WSSS,EDDI,02:57:00,21:11:00,351
WSSS,ZBAA,11:31:00,15:34:00,188
WSSS,ZBAA,19:32:00,05:45:00,208
WSSS,SABE,06:44:00,06:14:00,267
WSSS,SABE,18:29:00,03:07:00,144
WSSS,WIII,12:59:00,22:56:00,124
WSSS,WIII,13:04:00,21:16:00,102
WSSS,SGAS,03:47:00,13:56:00,491
WSSS,SGAS,13:34:00,20:12:00,336
WSSS,VIDP,18:13:00,22:22:00,192
WSSS,VIDP,21:04:00,10:12:00,200
WSSS,SBBR,06:58:00,11:24:00,116
WSSS,SBBR,22:38:00,21:57:00,450
WSSS,LOWW,18:06:00,12:06:00,466
WSSS,LOWW,03:03:00,22:24:00,230
WSSS,SUAA,21:14:00,23:38:00,178
WSSS,SUAA,08:43:00,15:39:00,495
WSSS,SKBO,19:35:00,01:56:00,347
WSSS,SKBO,21:46:00,06:24:00,169
WSSS,VTBS,17:16:00,20:44:00,183
WSSS,VTBS,16:50:00,19:46:00,170
WSSS,EKCH,14:19:00,10:55:00,285
WSSS,EKCH,18:44:00,00:21:00,467
WSSS,SLLP,00:41:00,05:50:00,212
WSSS,SLLP,08:12:00,16:20:00,147
WSSS,SVMI,12:45:00,17:01:00,257
WSSS,SVMI,22:10:00,09:39:00,485
WSSS,SEQM,23:56:00,00:56:00,436
WSSS,SEQM,09:52:00,20:14:00,349
WSSS,LKPR,22:57:00,21:23:00,284
WSSS,LKPR,07:59:00,07:24:00,202
WSSS,LBSF,14:02:00,12:36:00,260
WSSS,LBSF,03:22:00,03:02:00,339
WSSS,LDZA,06:38:00,05:50:00,203
WSSS,LDZA,19:42:00,00:36:00,490
WSSS,OMDB,13:01:00,04:58:00,418
WSSS,OMDB,13:22:00,04:41:00,376
WSSS,SPIM,11:52:00,23:20:00,120
WSSS,SPIM,03:05:00,09:10:00,208
WSSS,EBCI,10:28:00,12:08:00,327
WSSS,EBCI,11:09:00,15:51:00,431
WSSS,UMMS,02:53:00,21:31:00,237
WSSS,UMMS,16:17:00,13:52:00,471
LOWW,RKSI,05:07:00,12:45:00,285
LOWW,RKSI,09:16:00,22:18:00,419
LOWW,EHAM,17:21:00,04:49:00,327
LOWW,EHAM,00:04:00,10:06:00,112
LOWW,LATI,11:22:00,22:28:00,265
LOWW,LATI,18:09:00,02:45:00,132
LOWW,RJTT,14:44:00,22:02:00,100
LOWW,RJTT,04:27:00,12:55:00,267
LOWW,SCEL,23:39:00,19:54:00,455
LOWW,SCEL,20:23:00,23:24:00,303
LOWW,RPLL,05:59:00,16:08:00,188
LOWW,RPLL,01:57:00,09:26:00,311
LOWW,WMKK,01:29:00,09:58:00,304
LOWW,WMKK,20:52:00,09:21:00,199
LOWW,EDDI,16:16:00,20:48:00,410
LOWW,EDDI,01:17:00,06:01:00,176
LOWW,ZBAA,05:32:00,20:00:00,347
LOWW,ZBAA,02:39:00,12:57:00,110
LOWW,SABE,23:36:00,17:19:00,133
LOWW,SABE,13:00:00,07:16:00,426
LOWW,WIII,20:25:00,12:48:00,318
LOWW,WIII,16:40:00,03:25:00,307
LOWW,SGAS,23:42:00,01:01:00,389
LOWW,SGAS,18:39:00,14:13:00,242
LOWW,VIDP,00:24:00,20:15:00,389
LOWW,VIDP,12:38:00,08:29:00,226
LOWW,SBBR,07:38:00,11:13:00,101
LOWW,SBBR,04:00:00,01:40:00,100
LOWW,WSSS,17:32:00,02:17:00,291
LOWW,WSSS,15:55:00,00:03:00,432
LOWW,SUAA,14:07:00,09:14:00,288
LOWW,SUAA,19:16:00,15:08:00,102
LOWW,SKBO,22:46:00,19:15:00,233
LOWW,SKBO,00:03:00,01:50:00,384
LOWW,VTBS,10:02:00,21:52:00,300
LOWW,VTBS,01:46:00,19:06:00,408
LOWW,EKCH,06:49:00,15:10:00,219
LOWW,EKCH,03:44:00,05:47:00,243
LOWW,SLLP,02:56:00,03:50:00,307
LOWW,SLLP,04:22:00,08:41:00,499
LOWW,SVMI,21:55:00,22:38:00,128
LOWW,SVMI,15:39:00,16:46:00,302
LOWW,SEQM,03:19:00,07:38:00,477
LOWW,SEQM,22:03:00,19:47:00,426
LOWW,LKPR,02:14:00,05:20:00,343
LOWW,LKPR,08:08:00,17:59:00,365
LOWW,LBSF,16:22:00,15:29:00,444
LOWW,LBSF,06:12:00,10:08:00,467
LOWW,LDZA,06:25:00,09:47:00,484
LOWW,LDZA,01:32:00,08:33:00,452
LOWW,OMDB,20:59:00,14:59:00,308
LOWW,OMDB,18:47:00,10:52:00,248
LOWW,SPIM,08:14:00,09:01:00,483
LOWW,SPIM,13:40:00,12:37:00,356
LOWW,EBCI,02:27:00,08:46:00,263
LOWW,EBCI,11:13:00,18:18:00,188
LOWW,UMMS,04:13:00,05:38:00,186
LOWW,UMMS,19:34:00,05:10:00,211
SUAA,RKSI,12:49:00,00:47:00,346
SUAA,RKSI,22:06:00,03:24:00,174
SUAA,EHAM,19:07:00,03:12:00,226
SUAA,EHAM,11:15:00,04:51:00,456
SUAA,LATI,17:54:00,03:37:00,321
SUAA,LATI,18:12:00,05:37:00,341
SUAA,RJTT,04:53:00,10:11:00,254
SUAA,RJTT,09:20:00,16:26:00,267
SUAA,SCEL,00:53:00,01:33:00,115
SUAA,SCEL,10:30:00,12:20:00,346
SUAA,RPLL,00:36:00,05:11:00,471
SUAA,RPLL,05:02:00,07:52:00,436
SUAA,WMKK,02:42:00,12:02:00,161
SUAA,WMKK,17:11:00,00:04:00,460
SUAA,EDDI,20:02:00,05:53:00,283
SUAA,EDDI,20:38:00,03:51:00,498
SUAA,ZBAA,20:26:00,23:56:00,242
SUAA,ZBAA,12:06:00,21:23:00,213
SUAA,SABE,01:15:00,07:26:00,311
SUAA,SABE,22:18:00,05:53:00,409
SUAA,WIII,18:52:00,01:20:00,418
SUAA,WIII,01:34:00,14:07:00,361
SUAA,SGAS,14:15:00,20:41:00,222
SUAA,SGAS,13:49:00,16:53:00,171
SUAA,VIDP,00:35:00,13:54:00,465
SUAA,VIDP,18:11:00,23:01:00,342
SUAA,SBBR,14:23:00,14:36:00,180
SUAA,SBBR,14:42:00,01:42:00,422
SUAA,WSSS,12:44:00,19:26:00,209
SUAA,WSSS,21:35:00,04:27:00,284
SUAA,LOWW,13:39:00,22:03:00,129
SUAA,LOWW,07:23:00,19:03:00,357
SUAA,SKBO,06:25:00,09:26:00,133
SUAA,SKBO,18:50:00,01:40:00,440
SUAA,VTBS,03:00:00,14:19:00,447
SUAA,VTBS,05:39:00,14:28:00,359
SUAA,EKCH,15:19:00,09:59:00,344
SUAA,EKCH,18:17:00,12:40:00,264
SUAA,SLLP,20:35:00,23:48:00,414
SUAA,SLLP,08:22:00,16:32:00,271
SUAA,SVMI,08:26:00,15:49:00,168
SUAA,SVMI,01:02:00,08:27:00,232
SUAA,SEQM,07:46:00,18:04:00,208
SUAA,SEQM,21:48:00,10:10:00,360
SUAA,LKPR,18:35:00,04:22:00,166
SUAA,LKPR,23:31:00,17:00:00,434
SUAA,LBSF,19:37:00,04:24:00,165
SUAA,LBSF,08:34:00,19:16:00,169
SUAA,LDZA,04:49:00,23:03:00,205
SUAA,LDZA,00:21:00,09:11:00,208
SUAA,OMDB,01:37:00,14:12:00,323
SUAA,OMDB,11:20:00,03:57:00,226
SUAA,SPIM,18:01:00,04:26:00,164
SUAA,SPIM,14:15:00,18:46:00,223
SUAA,EBCI,02:30:00,15:48:00,486
SUAA,EBCI,23:53:00,18:41:00,407
SUAA,UMMS,17:30:00,09:48:00,173
SUAA,UMMS,16:52:00,09:32:00,122
SKBO,RKSI,02:27:00,11:31:00,470
SKBO,RKSI,23:57:00,07:44:00,459
SKBO,EHAM,23:06:00,06:41:00,122
SKBO,EHAM,09:21:00,17:17:00,294
SKBO,LATI,22:12:00,08:47:00,166
SKBO,LATI,19:48:00,04:43:00,499
SKBO,RJTT,08:02:00,06:57:00,296
SKBO,RJTT,07:01:00,06:26:00,410
SKBO,SCEL,23:47:00,06:57:00,488
SKBO,SCEL,23:45:00,08:50:00,474
SKBO,RPLL,13:34:00,23:01:00,330
SKBO,RPLL,21:07:00,02:26:00,419
SKBO,WMKK,09:32:00,17:58:00,367
SKBO,WMKK,00:53:00,00:56:00,426
SKBO,EDDI,22:37:00,14:47:00,445
SKBO,EDDI,00:42:00,16:19:00,342
SKBO,ZBAA,14:39:00,16:17:00,204
SKBO,ZBAA,15:26:00,21:27:00,187
SKBO,SABE,22:51:00,23:14:00,284
SKBO,SABE,18:28:00,20:43:00,250
SKBO,WIII,12:20:00,19:26:00,125
SKBO,WIII,21:21:00,02:15:00,346
SKBO,SGAS,22:38:00,00:51:00,301
SKBO,SGAS,06:09:00,07:51:00,180
SKBO,VIDP,22:15:00,03:49:00,485
SKBO,VIDP,04:55:00,12:48:00,235
SKBO,SBBR,18:14:00,01:01:00,121
SKBO,SBBR,01:03:00,23:14:00,328
SKBO,WSSS,22:57:00,08:51:00,122
SKBO,WSSS,21:53:00,04:30:00,381
SKBO,LOWW,17:42:00,10:18:00,240
SKBO,LOWW,01:51:00,12:15:00,498
SKBO,SUAA,00:52:00,00:57:00,282
SKBO,SUAA,19:30:00,01:19:00,457
SKBO,VTBS,17:44:00,05:40:00,183
SKBO,VTBS,04:03:00,10:52:00,331
SKBO,EKCH,19:14:00,05:06:00,320
SKBO,EKCH,04:18:00,10:10:00,129
SKBO,SLLP,00:25:00,05:18:00,229
SKBO,SLLP,15:23:00,22:11:00,104
SKBO,SVMI,10:57:00,16:45:00,276
SKBO,SVMI,14:22:00,16:47:00,486
SKBO,SEQM,14:30:00,18:47:00,434
SKBO,SEQM,09:26:00,18:50:00,397
SKBO,LKPR,16:23:00,05:50:00,128
SKBO,LKPR,21:50:00,11:54:00,241
SKBO,LBSF,05:06:00,19:36:00,346
SKBO,LBSF,03:06:00,16:49:00,257
SKBO,LDZA,16:56:00,08:06:00,452
SKBO,LDZA,07:00:00,18:16:00,235
SKBO,OMDB,11:42:00,16:15:00,294
SKBO,OMDB,15:15:00,05:21:00,425
SKBO,SPIM,03:51:00,14:35:00,198
SKBO,SPIM,02:10:00,05:21:00,224
SKBO,EBCI,23:26:00,06:52:00,333
SKBO,EBCI,02:13:00,14:59:00,498
SKBO,UMMS,19:17:00,05:28:00,142
SKBO,UMMS,11:03:00,15:16:00,115
VTBS,RKSI,08:51:00,10:14:00,415
VTBS,RKSI,23:54:00,07:30:00,189
VTBS,EHAM,21:34:00,21:01:00,146
VTBS,EHAM,11:52:00,13:21:00,440
VTBS,LATI,21:30:00,20:21:00,297
VTBS,LATI,16:32:00,11:24:00,113
VTBS,RJTT,21:30:00,03:55:00,322
VTBS,RJTT,08:37:00,18:12:00,414
VTBS,SCEL,06:04:00,13:51:00,424
VTBS,SCEL,03:01:00,02:22:00,370
VTBS,RPLL,17:39:00,01:12:00,141
VTBS,RPLL,20:39:00,07:07:00,125
VTBS,WMKK,00:48:00,03:59:00,211
VTBS,WMKK,23:59:00,23:56:00,406
VTBS,EDDI,08:53:00,06:29:00,132
VTBS,EDDI,06:53:00,11:08:00,259
VTBS,ZBAA,14:20:00,00:42:00,493
VTBS,ZBAA,01:46:00,01:00:00,473
VTBS,SABE,04:46:00,04:03:00,473
VTBS,SABE,12:12:00,14:50:00,240
VTBS,WIII,11:10:00,22:57:00,490
VTBS,WIII,00:00:00,07:08:00,465
VTBS,SGAS,03:33:00,10:34:00,175
VTBS,SGAS,17:25:00,02:04:00,272
VTBS,VIDP,20:35:00,07:06:00,377
VTBS,VIDP,09:01:00,18:11:00,266
VTBS,SBBR,05:54:00,04:34:00,467
VTBS,SBBR,00:05:00,08:48:00,181
VTBS,WSSS,19:30:00,02:53:00,447
VTBS,WSSS,23:50:00,07:03:00,136
VTBS,LOWW,06:08:00,07:43:00,498
VTBS,LOWW,05:51:00,08:59:00,426
VTBS,SUAA,00:27:00,05:44:00,263
VTBS,SUAA,10:48:00,09:12:00,406
VTBS,SKBO,12:55:00,14:21:00,281
VTBS,SKBO,12:22:00,18:40:00,344
VTBS,EKCH,01:46:00,01:54:00,143
VTBS,EKCH,10:50:00,14:17:00,349
VTBS,SLLP,19:05:00,00:35:00,113
VTBS,SLLP,08:18:00,13:25:00,461
VTBS,SVMI,08:59:00,09:21:00,309
VTBS,SVMI,01:11:00,08:38:00,459
VTBS,SEQM,20:05:00,05:26:00,196
VTBS,SEQM,18:17:00,22:01:00,309
VTBS,LKPR,21:01:00,14:29:00,415
VTBS,LKPR,02:30:00,02:24:00,141
VTBS,LBSF,05:11:00,04:36:00,241
VTBS,LBSF,11:40:00,11:45:00,332
VTBS,LDZA,01:44:00,23:13:00,157
VTBS,LDZA,09:55:00,07:48:00,460
VTBS,OMDB,02:11:00,07:28:00,176
VTBS,OMDB,08:59:00,14:33:00,240
VTBS,SPIM,02:28:00,14:19:00,316
VTBS,SPIM,17:47:00,22:01:00,314
VTBS,EBCI,02:08:00,02:49:00,403
VTBS,EBCI,09:59:00,05:08:00,331
VTBS,UMMS,21:58:00,19:21:00,473
VTBS,UMMS,11:36:00,05:00:00,455
EKCH,RKSI,21:04:00,13:42:00,448
EKCH,RKSI,21:47:00,11:04:00,361
EKCH,EHAM,14:09:00,16:42:00,485
EKCH,EHAM,10:00:00,10:24:00,107
EKCH,LATI,02:23:00,03:12:00,398
EKCH,LATI,14:09:00,21:04:00,396
EKCH,RJTT,04:15:00,19:34:00,262
EKCH,RJTT,00:49:00,11:02:00,420
EKCH,SCEL,22:30:00,19:19:00,417
EKCH,SCEL,20:47:00,14:00:00,349
EKCH,RPLL,00:14:00,11:23:00,150
EKCH,RPLL,11:09:00,05:06:00,428
EKCH,WMKK,23:42:00,09:39:00,232
EKCH,WMKK,00:37:00,15:39:00,368
EKCH,EDDI,21:08:00,02:54:00,163
EKCH,EDDI,18:05:00,01:03:00,268
EKCH,ZBAA,07:17:00,23:07:00,320
EKCH,ZBAA,08:32:00,22:42:00,500
EKCH,SABE,10:27:00,05:15:00,453
EKCH,SABE,21:03:00,15:13:00,184
EKCH,WIII,21:28:00,14:47:00,458
EKCH,WIII,01:53:00,09:41:00,452
EKCH,SGAS,12:13:00,10:00:00,266
EKCH,SGAS,14:09:00,16:47:00,300
EKCH,VIDP,14:07:00,01:01:00,237
EKCH,VIDP,05:12:00,00:28:00,179
EKCH,SBBR,07:23:00,05:53:00,366
EKCH,SBBR,10:37:00,06:59:00,213
EKCH,WSSS,17:31:00,23:38:00,139
EKCH,WSSS,11:12:00,20:46:00,249
EKCH,LOWW,11:29:00,20:48:00,384
EKCH,LOWW,03:26:00,12:13:00,398
EKCH,SUAA,08:15:00,02:49:00,384
EKCH,SUAA,05:39:00,08:42:00,438
EKCH,SKBO,03:15:00,06:26:00,365
EKCH,SKBO,14:38:00,09:40:00,355
EKCH,VTBS,11:19:00,21:56:00,475
EKCH,VTBS,18:39:00,10:08:00,228
EKCH,SLLP,10:03:00,14:06:00,117
EKCH,SLLP,12:22:00,15:38:00,165
EKCH,SVMI,00:21:00,22:30:00,411
EKCH,SVMI,00:44:00,06:03:00,218
EKCH,SEQM,00:19:00,04:00:00,125
EKCH,SEQM,07:43:00,13:37:00,444
EKCH,LKPR,21:45:00,02:12:00,229
EKCH,LKPR,12:33:00,23:20:00,255
EKCH,LBSF,01:17:00,02:56:00,175
EKCH,LBSF,10:11:00,20:37:00,497
EKCH,LDZA,15:43:00,21:17:00,249
EKCH,LDZA,18:02:00,05:50:00,404
EKCH,OMDB,13:06:00,23:33:00,163
EKCH,OMDB,04:22:00,01:54:00,463
EKCH,SPIM,04:56:00,05:34:00,439
EKCH,SPIM,12:05:00,15:42:00,274
EKCH,EBCI,09:12:00,09:49:00,221
EKCH,EBCI,18:09:00,19:02:00,415
EKCH,UMMS,03:27:00,04:55:00,463
EKCH,UMMS,08:33:00,12:20:00,415
SLLP,RKSI,21:13:00,02:19:00,402
SLLP,RKSI,16:18:00,16:40:00,399
SLLP,EHAM,20:50:00,04:56:00,386
SLLP,EHAM,10:24:00,22:59:00,394
SLLP,LATI,17:30:00,04:17:00,216
SLLP,LATI,13:21:00,20:34:00,166
SLLP,RJTT,02:42:00,07:24:00,485
SLLP,RJTT,11:25:00,21:56:00,457
SLLP,SCEL,16:04:00,16:17:00,356
SLLP,SCEL,08:56:00,08:42:00,216
SLLP,RPLL,05:15:00,07:09:00,385
SLLP,RPLL,20:42:00,01:16:00,121
SLLP,WMKK,05:38:00,11:10:00,157
SLLP,WMKK,02:57:00,10:26:00,103
SLLP,EDDI,21:21:00,03:57:00,218
SLLP,EDDI,11:15:00,20:45:00,152
SLLP,ZBAA,19:47:00,06:51:00,458
SLLP,ZBAA,01:01:00,10:24:00,135
SLLP,SABE,02:16:00,10:26:00,396
SLLP,SABE,17:07:00,20:02:00,393
SLLP,WIII,22:59:00,08:35:00,124
SLLP,WIII,13:29:00,14:50:00,344
SLLP,SGAS,07:51:00,13:55:00,159
SLLP,SGAS,04:21:00,04:51:00,206
SLLP,VIDP,08:14:00,20:03:00,171
SLLP,VIDP,10:53:00,16:42:00,284
SLLP,SBBR,06:22:00,07:44:00,483
SLLP,SBBR,07:24:00,11:24:00,312
SLLP,WSSS,15:09:00,01:23:00,255
SLLP,WSSS,03:17:00,03:52:00,447
SLLP,LOWW,05:33:00,15:01:00,197
SLLP,LOWW,05:16:00,13:00:00,424
SLLP,SUAA,18:57:00,19:20:00,336
SLLP,SUAA,23:39:00,00:59:00,302
SLLP,SKBO,06:12:00,17:32:00,409
SLLP,SKBO,20:17:00,22:46:00,141
SLLP,VTBS,11:02:00,14:39:00,173
SLLP,VTBS,19:11:00,03:44:00,198
SLLP,EKCH,06:40:00,16:41:00,190
SLLP,EKCH,19:49:00,09:53:00,218
SLLP,SVMI,23:20:00,00:23:00,187
SLLP,SVMI,20:35:00,05:01:00,403
SLLP,SEQM,20:24:00,06:33:00,362
SLLP,SEQM,10:53:00,14:35:00,202
SLLP,LKPR,17:41:00,00:09:00,485
SLLP,LKPR,14:43:00,23:52:00,318
SLLP,LBSF,02:50:00,10:51:00,324
SLLP,LBSF,02:47:00,13:54:00,464
SLLP,LDZA,06:00:00,19:18:00,275
SLLP,LDZA,21:49:00,08:29:00,304
SLLP,OMDB,00:18:00,11:00:00,492
SLLP,OMDB,01:19:00,17:04:00,388
SLLP,SPIM,10:30:00,13:46:00,100
SLLP,SPIM,15:47:00,00:57:00,443
SLLP,EBCI,20:29:00,13:55:00,242
SLLP,EBCI,04:44:00,17:21:00,358
SLLP,UMMS,16:56:00,07:50:00,409
SLLP,UMMS,20:49:00,13:26:00,143
SVMI,RKSI,07:22:00,17:50:00,405
SVMI,RKSI,16:05:00,20:57:00,241
SVMI,EHAM,07:59:00,21:09:00,463
SVMI,EHAM,04:54:00,16:02:00,456
SVMI,LATI,01:54:00,13:28:00,185
SVMI,LATI,22:53:00,06:30:00,351
SVMI,RJTT,08:36:00,17:47:00,252
SVMI,RJTT,19:07:00,00:58:00,168
SVMI,SCEL,05:41:00,05:12:00,286
SVMI,SCEL,03:41:00,09:20:00,361
SVMI,RPLL,05:08:00,11:18:00,302
SVMI,RPLL,02:30:00,08:14:00,118
SVMI,WMKK,08:26:00,08:36:00,305
SVMI,WMKK,18:48:00,23:42:00,103
SVMI,EDDI,13:12:00,00:50:00,439
SVMI,EDDI,05:30:00,23:28:00,494
SVMI,ZBAA,04:04:00,04:59:00,272
SVMI,ZBAA,06:50:00,09:23:00,161
SVMI,SABE,03:28:00,10:24:00,125
SVMI,SABE,04:36:00,04:46:00,463
SVMI,WIII,02:36:00,06:04:00,265
SVMI,WIII,00:29:00,08:44:00,358
SVMI,SGAS,12:17:00,23:19:00,432
SVMI,SGAS,09:43:00,15:40:00,200
SVMI,VIDP,20:52:00,06:39:00,132
SVMI,VIDP,00:17:00,12:26:00,479
SVMI,SBBR,08:37:00,09:55:00,204
SVMI,SBBR,13:29:00,16:07:00,362
SVMI,WSSS,09:33:00,13:53:00,243
SVMI,WSSS,19:00:00,21:37:00,392
SVMI,LOWW,08:34:00,15:28:00,346
SVMI,LOWW,14:49:00,03:35:00,451
SVMI,SUAA,19:16:00,19:59:00,428
SVMI,SUAA,10:29:00,19:40:00,337
SVMI,SKBO,23:43:00,10:59:00,207
SVMI,SKBO,09:20:00,12:25:00,355
SVMI,VTBS,19:45:00,22:17:00,426
SVMI,VTBS,10:58:00,19:48:00,162
SVMI,EKCH,04:12:00,13:08:00,243
SVMI,EKCH,15:27:00,05:53:00,394
SVMI,SLLP,20:34:00,05:14:00,292
SVMI,SLLP,13:26:00,21:12:00,173
SVMI,SEQM,12:41:00,16:03:00,309
SVMI,SEQM,15:56:00,03:19:00,132
SVMI,LKPR,21:29:00,14:21:00,115
SVMI,LKPR,19:53:00,06:34:00,348
SVMI,LBSF,21:11:00,02:31:00,310
SVMI,LBSF,08:06:00,00:38:00,351
SVMI,LDZA,17:50:00,08:55:00,142
SVMI,LDZA,14:03:00,04:05:00,165
SVMI,OMDB,06:46:00,17:17:00,178
SVMI,OMDB,01:32:00,07:41:00,406
SVMI,SPIM,10:07:00,18:50:00,382
SVMI,SPIM,09:59:00,11:50:00,258
SVMI,EBCI,11:34:00,02:24:00,302
SVMI,EBCI,07:19:00,00:07:00,494
SVMI,UMMS,03:28:00,10:38:00,251
SVMI,UMMS,20:09:00,04:57:00,328
SEQM,RKSI,20:17:00,05:49:00,363
SEQM,RKSI,01:55:00,05:10:00,482
SEQM,EHAM,19:54:00,02:05:00,304
SEQM,EHAM,07:23:00,16:17:00,178
SEQM,LATI,14:58:00,04:41:00,231
SEQM,LATI,12:14:00,00:59:00,354
SEQM,RJTT,14:13:00,16:00:00,431
SEQM,RJTT,08:13:00,16:54:00,488
SEQM,SCEL,18:49:00,02:58:00,113
SEQM,SCEL,14:23:00,23:41:00,204
SEQM,RPLL,06:16:00,07:34:00,359
SEQM,RPLL,02:53:00,10:26:00,345
SEQM,WMKK,10:03:00,14:57:00,393
SEQM,WMKK,16:03:00,21:43:00,397
SEQM,EDDI,15:30:00,06:07:00,416
SEQM,EDDI,12:41:00,04:38:00,187
SEQM,ZBAA,11:53:00,20:44:00,166
SEQM,ZBAA,05:44:00,12:38:00,477
SEQM,SABE,09:15:00,18:34:00,334
SEQM,SABE,11:56:00,10:21:00,255
SEQM,WIII,13:04:00,23:56:00,402
SEQM,WIII,09:15:00,15:28:00,404
SEQM,SGAS,15:27:00,01:21:00,486
SEQM,SGAS,20:01:00,23:57:00,190
SEQM,VIDP,22:44:00,10:15:00,449
SEQM,VIDP,00:36:00,12:16:00,171
SEQM,SBBR,05:23:00,12:11:00,140
SEQM,SBBR,18:44:00,22:10:00,371
SEQM,WSSS,13:55:00,22:37:00,428
SEQM,WSSS,12:15:00,12:40:00,476
SEQM,LOWW,15:18:00,05:53:00,107
SEQM,LOWW,08:58:00,14:27:00,430
SEQM,SUAA,19:41:00,22:38:00,399
SEQM,SUAA,01:17:00,10:44:00,369
SEQM,SKBO,13:10:00,23:44:00,497
SEQM,SKBO,19:27:00,21:02:00,344
SEQM,VTBS,12:19:00,18:36:00,477
SEQM,VTBS,01:47:00,03:37:00,147
SEQM,EKCH,04:33:00,15:56:00,308
SEQM,EKCH,15:14:00,23:59:00,184
SEQM,SLLP,12:20:00,19:52:00,110
SEQM,SLLP,15:16:00,20:06:00,417
SEQM,SVMI,06:58:00,13:20:00,400
SEQM,SVMI,04:29:00,11:27:00,346
SEQM,LKPR,14:44:00,01:27:00,150
SEQM,LKPR,02:30:00,09:45:00,399
SEQM,LBSF,10:34:00,18:41:00,420
SEQM,LBSF,05:09:00,15:24:00,147
SEQM,LDZA,22:31:00,05:54:00,466
SEQM,LDZA,00:57:00,16:20:00,356
SEQM,OMDB,07:17:00,13:05:00,195
SEQM,OMDB,21:18:00,12:16:00,293
SEQM,SPIM,15:33:00,16:06:00,104
SEQM,SPIM,11:08:00,20:40:00,497
SEQM,EBCI,10:21:00,00:06:00,242
SEQM,EBCI,14:08:00,05:12:00,277
SEQM,UMMS,15:30:00,04:05:00,380
SEQM,UMMS,20:58:00,11:38:00,423
LKPR,RKSI,08:07:00,17:15:00,238
LKPR,RKSI,06:04:00,18:50:00,390
LKPR,EHAM,07:41:00,18:37:00,386
LKPR,EHAM,11:42:00,15:40:00,292
LKPR,LATI,06:36:00,11:31:00,318
LKPR,LATI,00:45:00,08:11:00,390
LKPR,RJTT,16:34:00,01:20:00,219
LKPR,RJTT,00:55:00,14:28:00,250
LKPR,SCEL,20:12:00,20:44:00,234
LKPR,SCEL,20:23:00,23:33:00,338
LKPR,RPLL,23:33:00,06:56:00,203
LKPR,RPLL,17:34:00,01:51:00,421
LKPR,WMKK,09:06:00,01:07:00,292
LKPR,WMKK,12:15:00,21:53:00,419
LKPR,EDDI,18:05:00,19:11:00,348
LKPR,EDDI,16:01:00,03:23:00,492
LKPR,ZBAA,00:03:00,12:12:00,124
LKPR,ZBAA,11:55:00,03:13:00,266
LKPR,SABE,11:59:00,13:30:00,464
LKPR,SABE,16:05:00,18:37:00,413
LKPR,WIII,17:45:00,05:39:00,327
LKPR,WIII,12:01:00,01:02:00,304
LKPR,SGAS,10:28:00,16:09:00,392
LKPR,SGAS,04:25:00,01:17:00,356
LKPR,VIDP,20:35:00,09:17:00,260
LKPR,VIDP,21:06:00,11:59:00,137
LKPR,SBBR,08:17:00,06:35:00,419
LKPR,SBBR,11:14:00,07:45:00,121
LKPR,WSSS,06:12:00,18:39:00,155
LKPR,WSSS,14:07:00,06:46:00,226
LKPR,LOWW,22:35:00,02:33:00,489
LKPR,LOWW,03:03:00,09:59:00,279
LKPR,SUAA,14:33:00,10:58:00,209
LKPR,SUAA,09:12:00,12:49:00,279
LKPR,SKBO,21:54:00,17:41:00,107
LKPR,SKBO,17:26:00,15:55:00,171
LKPR,VTBS,02:33:00,20:57:00,381
LKPR,VTBS,15:46:00,01:22:00,163
LKPR,EKCH,23:56:00,10:44:00,181
LKPR,EKCH,18:21:00,02:41:00,176
LKPR,SLLP,04:39:00,03:57:00,416
LKPR,SLLP,21:28:00,18:31:00,459
LKPR,SVMI,19:36:00,23:36:00,401
LKPR,SVMI,10:43:00,04:54:00,465
LKPR,SEQM,17:31:00,23:11:00,449
LKPR,SEQM,17:59:00,13:53:00,421
LKPR,LBSF,15:20:00,02:02:00,313
LKPR,LBSF,06:39:00,06:40:00,283
LKPR,LDZA,00:42:00,12:18:00,236
LKPR,LDZA,12:29:00,13:56:00,489
LKPR,OMDB,06:56:00,03:37:00,381
LKPR,OMDB,15:23:00,12:09:00,477
LKPR,SPIM,00:03:00,01:41:00,399
LKPR,SPIM,13:00:00,12:23:00,283
LKPR,EBCI,10:20:00,17:03:00,433
LKPR,EBCI,13:03:00,16:27:00,270
LKPR,UMMS,03:01:00,04:25:00,249
LKPR,UMMS,08:04:00,11:01:00,356
LBSF,RKSI,12:09:00,21:00:00,233
LBSF,RKSI,05:24:00,17:39:00,411
LBSF,EHAM,07:51:00,19:49:00,274
LBSF,EHAM,01:20:00,02:39:00,169
LBSF,LATI,14:16:00,17:17:00,382
LBSF,LATI,09:24:00,22:05:00,412
LBSF,RJTT,20:15:00,04:12:00,112
LBSF,RJTT,16:50:00,04:38:00,343
LBSF,SCEL,10:16:00,11:13:00,283
LBSF,SCEL,18:27:00,17:12:00,365
LBSF,RPLL,17:38:00,07:24:00,361
LBSF,RPLL,03:49:00,14:54:00,156
LBSF,WMKK,04:39:00,14:00:00,419
LBSF,WMKK,12:40:00,23:21:00,371
LBSF,EDDI,08:24:00,12:40:00,101
LBSF,EDDI,10:09:00,18:44:00,218
LBSF,ZBAA,12:28:00,23:02:00,323
LBSF,ZBAA,22:55:00,14:26:00,410
LBSF,SABE,08:21:00,10:02:00,361
LBSF,SABE,11:49:00,14:53:00,182
LBSF,WIII,07:08:00,02:18:00,306
LBSF,WIII,20:11:00,15:36:00,451
LBSF,SGAS,01:29:00,00:44:00,243
LBSF,SGAS,02:33:00,22:04:00,443
LBSF,VIDP,19:43:00,07:53:00,248
LBSF,VIDP,18:48:00,08:15:00,267
LBSF,SBBR,11:05:00,11:32:00,325
LBSF,SBBR,04:11:00,06:05:00,296
LBSF,WSSS,18:30:00,06:12:00,377
LBSF,WSSS,23:23:00,09:01:00,173
LBSF,LOWW,01:38:00,13:53:00,219
LBSF,LOWW,09:20:00,19:30:00,410
LBSF,SUAA,14:39:00,19:37:00,285
LBSF,SUAA,04:27:00,07:23:00,139
LBSF,SKBO,18:02:00,19:48:00,155
LBSF,SKBO,11:01:00,07:11:00,149
LBSF,VTBS,11:32:00,20:01:00,225
LBSF,VTBS,00:35:00,12:51:00,409
LBSF,EKCH,06:31:00,15:25:00,160
LBSF,EKCH,15:17:00,16:42:00,111
LBSF,SLLP,12:14:00,08:57:00,240
LBSF,SLLP,01:34:00,21:52:00,178
LBSF,SVMI,21:29:00,00:54:00,279
LBSF,SVMI,06:21:00,02:24:00,316
LBSF,SEQM,04:26:00,04:30:00,339
LBSF,SEQM,16:06:00,14:55:00,429
LBSF,LKPR,12:24:00,14:12:00,284
LBSF,LKPR,00:14:00,09:34:00,345
LBSF,LDZA,13:10:00,22:05:00,494
LBSF,LDZA,17:29:00,19:55:00,248
LBSF,OMDB,10:58:00,23:18:00,311
LBSF,OMDB,14:18:00,10:48:00,294
LBSF,SPIM,06:54:00,07:56:00,281
LBSF,SPIM,14:35:00,21:09:00,240
LBSF,EBCI,00:38:00,12:38:00,283
LBSF,EBCI,10:51:00,21:13:00,391
LBSF,UMMS,22:24:00,22:35:00,353
LBSF,UMMS,23:30:00,10:00:00,469
LDZA,RKSI,06:10:00,16:00:00,472
LDZA,RKSI,21:10:00,13:36:00,468
LDZA,EHAM,14:07:00,19:07:00,118
LDZA,EHAM,23:00:00,05:12:00,380
LDZA,LATI,09:24:00,20:49:00,189
LDZA,LATI,12:23:00,23:17:00,322
LDZA,RJTT,20:45:00,08:25:00,284
LDZA,RJTT,21:50:00,13:14:00,462
LDZA,SCEL,01:30:00,05:27:00,186
LDZA,SCEL,00:11:00,04:51:00,258
LDZA,RPLL,18:57:00,12:39:00,214
LDZA,RPLL,13:05:00,01:06:00,292
LDZA,WMKK,15:39:00,08:50:00,422
LDZA,WMKK,17:02:00,08:08:00,341
LDZA,EDDI,21:52:00,22:21:00,336
LDZA,EDDI,03:42:00,07:27:00,129
LDZA,ZBAA,04:10:00,20:38:00,129
LDZA,ZBAA,05:55:00,20:28:00,422
LDZA,SABE,10:21:00,09:43:00,392
LDZA,SABE,20:04:00,17:06:00,350
LDZA,WIII,05:57:00,15:27:00,119
LDZA,WIII,10:35:00,00:31:00,350
LDZA,SGAS,12:12:00,18:02:00,330
LDZA,SGAS,16:18:00,11:29:00,339
LDZA,VIDP,04:06:00,16:37:00,141
LDZA,VIDP,14:06:00,01:32:00,235
LDZA,SBBR,09:57:00,12:43:00,321
LDZA,SBBR,16:01:00,18:02:00,304
LDZA,WSSS,08:18:00,00:34:00,330
LDZA,WSSS,15:53:00,07:34:00,468
LDZA,LOWW,19:16:00,00:54:00,334
LDZA,LOWW,07:58:00,12:06:00,148
LDZA,SUAA,05:59:00,10:31:00,254
LDZA,SUAA,11:20:00,08:34:00,139
LDZA,SKBO,03:18:00,03:24:00,156
LDZA,SKBO,00:56:00,07:18:00,314
LDZA,VTBS,08:38:00,00:25:00,198
LDZA,VTBS,14:04:00,03:09:00,236
LDZA,EKCH,08:25:00,13:54:00,301
LDZA,EKCH,20:45:00,21:12:00,312
LDZA,SLLP,09:46:00,10:56:00,475
LDZA,SLLP,12:01:00,09:44:00,351
LDZA,SVMI,22:45:00,22:02:00,262
LDZA,SVMI,05:39:00,06:53:00,167
LDZA,SEQM,19:20:00,02:06:00,434
LDZA,SEQM,02:03:00,23:00:00,334
LDZA,LKPR,10:50:00,14:38:00,113
LDZA,LKPR,20:08:00,02:43:00,205
LDZA,LBSF,01:31:00,03:56:00,178
LDZA,LBSF,20:31:00,23:26:00,160
LDZA,OMDB,19:18:00,10:23:00,485
LDZA,OMDB,11:15:00,03:20:00,100
LDZA,SPIM,23:56:00,20:40:00,362
LDZA,SPIM,05:29:00,11:19:00,178
LDZA,EBCI,03:44:00,10:05:00,417
LDZA,EBCI,15:30:00,21:36:00,137
LDZA,UMMS,08:39:00,10:24:00,196
LDZA,UMMS,06:48:00,09:25:00,404
OMDB,RKSI,11:07:00,13:40:00,151
OMDB,RKSI,06:51:00,06:59:00,162
OMDB,EHAM,22:25:00,23:53:00,410
OMDB,EHAM,21:53:00,14:59:00,155
OMDB,LATI,05:58:00,03:59:00,236
OMDB,LATI,09:31:00,03:59:00,461
OMDB,RJTT,21:55:00,20:26:00,276
OMDB,RJTT,20:07:00,17:10:00,278
OMDB,SCEL,04:33:00,08:18:00,350
OMDB,SCEL,13:50:00,19:19:00,226
OMDB,RPLL,01:31:00,05:42:00,304
OMDB,RPLL,03:39:00,11:01:00,438
OMDB,WMKK,23:41:00,07:33:00,452
OMDB,WMKK,20:18:00,01:35:00,404
OMDB,EDDI,14:46:00,10:43:00,448
OMDB,EDDI,02:49:00,02:38:00,101
OMDB,ZBAA,19:12:00,22:56:00,299
OMDB,ZBAA,19:23:00,01:25:00,124
OMDB,SABE,07:06:00,09:00:00,159
OMDB,SABE,14:55:00,12:16:00,119
OMDB,WIII,07:44:00,08:04:00,162
OMDB,WIII,15:40:00,22:56:00,189
OMDB,SGAS,07:23:00,11:58:00,259
OMDB,SGAS,23:33:00,20:55:00,476
OMDB,VIDP,01:39:00,00:44:00,196
OMDB,VIDP,17:05:00,18:19:00,166
OMDB,SBBR,05:53:00,08:34:00,131
OMDB,SBBR,12:35:00,11:04:00,256
OMDB,WSSS,06:41:00,04:22:00,125
OMDB,WSSS,10:56:00,12:12:00,157
OMDB,LOWW,03:24:00,23:47:00,196
OMDB,LOWW,04:22:00,22:56:00,232
OMDB,SUAA,08:17:00,06:53:00,139
OMDB,SUAA,12:51:00,08:13:00,225
OMDB,SKBO,06:43:00,09:04:00,290
OMDB,SKBO,01:42:00,03:27:00,363
OMDB,VTBS,17:29:00,16:18:00,462
OMDB,VTBS,23:54:00,04:57:00,247
OMDB,EKCH,08:03:00,08:52:00,117
OMDB,EKCH,11:17:00,06:43:00,468
OMDB,SLLP,13:50:00,16:30:00,373
OMDB,SLLP,20:02:00,17:19:00,226
OMDB,SVMI,01:13:00,00:02:00,287
OMDB,SVMI,05:41:00,07:46:00,393
OMDB,SEQM,12:24:00,18:59:00,477
OMDB,SEQM,10:15:00,10:56:00,283
OMDB,LKPR,05:31:00,07:06:00,476
OMDB,LKPR,08:53:00,08:26:00,429
OMDB,LBSF,21:51:00,15:58:00,106
OMDB,LBSF,11:03:00,07:41:00,241
OMDB,LDZA,23:37:00,17:52:00,236
OMDB,LDZA,18:18:00,08:35:00,249
OMDB,SPIM,23:42:00,08:16:00,303
OMDB,SPIM,17:25:00,20:54:00,323
OMDB,EBCI,12:27:00,07:38:00,154
OMDB,EBCI,10:37:00,10:50:00,190
OMDB,UMMS,10:33:00,08:36:00,471
OMDB,UMMS,02:03:00,21:45:00,171
SPIM,RKSI,11:08:00,14:43:00,231
SPIM,RKSI,11:37:00,12:05:00,348
SPIM,EHAM,11:27:00,18:56:00,133
SPIM,EHAM,20:52:00,03:07:00,308
SPIM,LATI,10:30:00,17:34:00,414
SPIM,LATI,10:10:00,00:48:00,344
SPIM,RJTT,21:58:00,00:39:00,454
SPIM,RJTT,07:07:00,09:49:00,138
SPIM,SCEL,18:04:00,16:47:00,200
SPIM,SCEL,22:48:00,05:17:00,367
SPIM,RPLL,03:03:00,07:35:00,138
SPIM,RPLL,14:02:00,15:12:00,376
SPIM,WMKK,03:37:00,12:54:00,232
SPIM,WMKK,03:15:00,06:56:00,142
SPIM,EDDI,11:37:00,19:54:00,165
SPIM,EDDI,17:04:00,05:08:00,446
SPIM,ZBAA,19:02:00,00:40:00,277
SPIM,ZBAA,03:13:00,04:37:00,108
SPIM,SABE,05:10:00,13:25:00,167
SPIM,SABE,02:00:00,08:04:00,125
SPIM,WIII,00:25:00,03:59:00,302
SPIM,WIII,08:14:00,16:23:00,235
SPIM,SGAS,09:06:00,11:14:00,381
SPIM,SGAS,09:54:00,19:32:00,431
SPIM,VIDP,14:49:00,02:34:00,115
SPIM,VIDP,10:08:00,22:21:00,152
SPIM,SBBR,07:09:00,13:26:00,301
SPIM,SBBR,22:16:00,23:37:00,339
SPIM,WSSS,03:33:00,12:07:00,491
SPIM,WSSS,17:06:00,18:30:00,383
SPIM,LOWW,01:03:00,17:28:00,417
SPIM,LOWW,10:34:00,00:42:00,371
SPIM,SUAA,14:28:00,12:36:00,415
SPIM,SUAA,07:23:00,17:02:00,198
SPIM,SKBO,12:50:00,13:21:00,290
SPIM,SKBO,02:40:00,07:06:00,287
SPIM,VTBS,23:59:00,07:39:00,448
SPIM,VTBS,22:25:00,23:29:00,171
SPIM,EKCH,21:48:00,07:04:00,382
SPIM,EKCH,09:25:00,14:38:00,409
SPIM,SLLP,17:00:00,00:25:00,195
SPIM,SLLP,17:16:00,18:58:00,454
SPIM,SVMI,07:32:00,17:44:00,131
SPIM,SVMI,09:25:00,11:44:00,112
SPIM,SEQM,02:56:00,07:07:00,273
SPIM,SEQM,09:33:00,19:08:00,296
SPIM,LKPR,08:31:00,00:28:00,485
SPIM,LKPR,22:12:00,08:46:00,494
SPIM,LBSF,20:47:00,05:00:00,284
SPIM,LBSF,06:47:00,15:15:00,138
SPIM,LDZA,20:24:00,07:58:00,338
SPIM,LDZA,23:02:00,13:13:00,398
SPIM,OMDB,04:14:00,14:12:00,254
SPIM,OMDB,08:16:00,15:54:00,333
SPIM,EBCI,18:13:00,00:20:00,308
SPIM,EBCI,09:59:00,15:20:00,476
SPIM,UMMS,17:26:00,08:04:00,403
SPIM,UMMS,01:18:00,11:09:00,226
EBCI,RKSI,19:52:00,05:57:00,179
EBCI,RKSI,09:08:00,15:17:00,339
EBCI,EHAM,00:33:00,02:12:00,363
EBCI,EHAM,08:37:00,17:54:00,389
EBCI,LATI,03:14:00,13:47:00,175
EBCI,LATI,05:04:00,05:27:00,118
EBCI,RJTT,02:23:00,14:25:00,477
EBCI,RJTT,04:22:00,10:27:00,137
EBCI,SCEL,22:39:00,16:14:00,422
EBCI,SCEL,00:01:00,01:29:00,425
EBCI,RPLL,15:19:00,05:25:00,163
EBCI,RPLL,10:38:00,22:39:00,452
EBCI,WMKK,04:52:00,20:15:00,227
EBCI,WMKK,16:11:00,23:02:00,462
EBCI,EDDI,05:11:00,15:24:00,148
EBCI,EDDI,13:37:00,19:44:00,340
EBCI,ZBAA,08:06:00,14:39:00,357
EBCI,ZBAA,21:23:00,06:26:00,380
EBCI,SABE,01:53:00,02:39:00,358
EBCI,SABE,10:10:00,10:34:00,108
EBCI,WIII,18:04:00,02:28:00,329
EBCI,WIII,00:22:00,11:47:00,212
EBCI,SGAS,15:16:00,17:44:00,290
EBCI,SGAS,12:31:00,09:56:00,464
EBCI,VIDP,06:32:00,17:38:00,460
EBCI,VIDP,22:12:00,08:28:00,180
EBCI,SBBR,22:49:00,02:55:00,297
EBCI,SBBR,10:46:00,14:35:00,181
EBCI,WSSS,12:59:00,22:08:00,406
EBCI,WSSS,07:44:00,21:50:00,114
EBCI,LOWW,03:08:00,12:36:00,142
EBCI,LOWW,03:47:00,08:07:00,116
EBCI,SUAA,15:19:00,11:14:00,448
EBCI,SUAA,15:57:00,13:13:00,335
EBCI,SKBO,22:18:00,22:38:00,162
EBCI,SKBO,03:54:00,02:03:00,402
EBCI,VTBS,02:02:00,10:29:00,129
EBCI,VTBS,00:15:00,17:49:00,453
EBCI,EKCH,10:16:00,16:48:00,166
EBCI,EKCH,12:41:00,12:46:00,207
EBCI,SLLP,21:12:00,17:10:00,158
EBCI,SLLP,17:17:00,17:31:00,234
EBCI,SVMI,15:33:00,12:55:00,482
EBCI,SVMI,12:15:00,13:39:00,316
EBCI,SEQM,14:42:00,11:07:00,277
EBCI,SEQM,23:31:00,03:41:00,497
EBCI,LKPR,02:49:00,12:47:00,498
EBCI,LKPR,06:35:00,08:12:00,372
EBCI,LBSF,11:02:00,21:37:00,467
EBCI,LBSF,14:53:00,23:54:00,318
EBCI,LDZA,13:06:00,13:08:00,432
EBCI,LDZA,16:00:00,22:27:00,176
EBCI,OMDB,13:48:00,10:12:00,352
EBCI,OMDB,12:54:00,08:32:00,308
EBCI,SPIM,17:37:00,16:31:00,112
EBCI,SPIM,01:26:00,00:48:00,269
EBCI,UMMS,23:04:00,08:50:00,484
EBCI,UMMS,02:51:00,04:01:00,154
UMMS,RKSI,08:59:00,02:23:00,180
UMMS,RKSI,19:46:00,13:39:00,205
UMMS,EHAM,20:49:00,03:06:00,208
UMMS,EHAM,08:15:00,19:25:00,480
UMMS,LATI,01:30:00,10:48:00,486
UMMS,LATI,20:08:00,01:26:00,442
UMMS,RJTT,23:50:00,13:57:00,178
UMMS,RJTT,04:36:00,14:16:00,306
UMMS,SCEL,03:00:00,01:10:00,478
UMMS,SCEL,05:57:00,00:53:00,464
UMMS,RPLL,12:06:00,00:58:00,390
UMMS,RPLL,22:21:00,13:05:00,449
UMMS,WMKK,11:18:00,19:51:00,303
UMMS,WMKK,21:53:00,10:22:00,374
UMMS,EDDI,05:59:00,15:08:00,162
UMMS,EDDI,10:48:00,22:03:00,272
UMMS,ZBAA,01:05:00,13:56:00,328
UMMS,ZBAA,14:50:00,22:33:00,301
UMMS,SABE,08:29:00,09:12:00,176
UMMS,SABE,02:52:00,02:53:00,494
UMMS,WIII,13:25:00,21:25:00,385
UMMS,WIII,17:07:00,08:23:00,104
UMMS,SGAS,20:53:00,01:34:00,295
UMMS,SGAS,16:38:00,15:35:00,488
UMMS,VIDP,00:47:00,22:28:00,434
UMMS,VIDP,00:13:00,13:57:00,106
UMMS,SBBR,19:06:00,00:14:00,128
UMMS,SBBR,05:12:00,03:19:00,475
UMMS,WSSS,14:38:00,06:11:00,347
UMMS,WSSS,07:27:00,01:00:00,452
UMMS,LOWW,02:11:00,11:44:00,453
UMMS,LOWW,09:03:00,20:20:00,113
UMMS,SUAA,08:42:00,12:45:00,198
UMMS,SUAA,15:50:00,15:32:00,382
UMMS,SKBO,13:06:00,20:28:00,304
UMMS,SKBO,07:26:00,10:31:00,468
UMMS,VTBS,14:46:00,05:16:00,321
UMMS,VTBS,09:15:00,23:13:00,496
UMMS,EKCH,22:21:00,05:52:00,205
UMMS,EKCH,03:01:00,04:42:00,106
UMMS,SLLP,02:04:00,04:56:00,236
UMMS,SLLP,04:13:00,03:16:00,410
UMMS,SVMI,05:43:00,11:49:00,416
UMMS,SVMI,18:20:00,20:21:00,454
UMMS,SEQM,16:34:00,17:08:00,139
UMMS,SEQM,19:32:00,15:54:00,316
UMMS,LKPR,17:15:00,22:29:00,242
UMMS,LKPR,22:37:00,23:47:00,283
UMMS,LBSF,19:47:00,20:57:00,382
UMMS,LBSF,05:20:00,06:51:00,146
UMMS,LDZA,05:42:00,12:16:00,488
UMMS,LDZA,14:29:00,23:17:00,107
UMMS,OMDB,02:29:00,19:19:00,398
UMMS,OMDB,18:04:00,16:10:00,107
UMMS,SPIM,07:50:00,13:18:00,399
UMMS,SPIM,14:59:00,14:03:00,383
UMMS,EBCI,07:07:00,20:04:00,118
UMMS,EBCI,14:17:00,23:31:00,491
